[{"pk": 1, "model": "encuesta.organizacion", "fields": {"nombre": "Organizacion 1"}}, {"pk": 2, "model": "encuesta.organizacion", "fields": {"nombre": "Organizacion 2"}}, {"pk": 3, "model": "encuesta.organizacion", "fields": {"nombre": "Organizacion 3"}}, {"pk": 4, "model": "encuesta.organizacion", "fields": {"nombre": "Organizacion 4"}}, {"pk": 5, "model": "encuesta.organizacion", "fields": {"nombre": "Organizacion 6"}}, {"pk": 1, "model": "encuesta.proyecto", "fields": {"organizacion": 1, "nombre": "Proyecto 1", "descripcion": "Descripcion proyecto 1", "codigo": "001", "municipio": [3040, 3010, 3045, 3015, 3050, 3020, 3055, 3025, 3060, 3030, 3065, 3035, 3005]}}, {"pk": 2, "model": "encuesta.proyecto", "fields": {"organizacion": 2, "nombre": "Proyecto 2", "descripcion": "Descripcion proyecto 2", "codigo": "002", "municipio": [5025, 5030, 5005, 5010, 5015, 5020]}}, {"pk": 3, "model": "encuesta.proyecto", "fields": {"organizacion": 1, "nombre": "Proyecto 3", "descripcion": "Descripcion proyecto 3", "codigo": "003", "municipio": [9120, 9125, 9127, 9130, 9135, 9105, 9110, 9115]}}, {"pk": 1, "model": "encuesta.encuesta", "fields": {"organizacion": 1, "proyecto": 1, "user": 1, "anio": "2010", "periodo": 0}}, {"pk": 2, "model": "encuesta.encuesta", "fields": {"organizacion": 1, "proyecto": 2, "user": 3, "anio": "2010", "periodo": 1}}, {"pk": 3, "model": "encuesta.encuesta", "fields": {"organizacion": 2, "proyecto": 3, "user": 3, "anio": "2010", "periodo": 1}}, {"pk": 4, "model": "encuesta.encuesta", "fields": {"organizacion": 3, "proyecto": 3, "user": 3, "anio": "2010", "periodo": 2}}, {"pk": 5, "model": "encuesta.encuesta", "fields": {"organizacion": 4, "proyecto": 1, "user": 3, "anio": "2010", "periodo": 1}}, {"pk": 6, "model": "encuesta.encuesta", "fields": {"organizacion": 5, "proyecto": 1, "user": 3, "anio": "2010", "periodo": 3}}, {"pk": 1, "model": "encuesta.resultado", "fields": {"descripcion": "Organizaciones de la sociedad civil impulsando acciones relacionadas a la existencia y/o aplicaci\u00f3n efectiva de pol\u00edticas p\u00fablicas para la igualdad y equidad de g\u00e9nero", "nombre": "Impulsando Politicas P\u00fablicas"}}, {"pk": 2, "model": "encuesta.resultado", "fields": {"descripcion": "Organizaciones de la SC demandando justicia y mantenimiento en la agenda p\u00fablica la igualdad y no discriminaci\u00f3n de las personas, independientemente de su sexo, orientaci\u00f3n sexual, raza, etnia, condici\u00f3n f\u00edsica, o de las personas que viven con VIH y Sida", "nombre": "Demandando justicia para igualdad"}}, {"pk": 3, "model": "encuesta.resultado", "fields": {"descripcion": "Organizaciones de la sociedad civil logrando el involucramiento de las poblaciones metas en procesos de reflexi\u00f3n sobre los derechos sexuales y reproductivos dirigidos a una sexualidad integral, placentera, responsable, segura y libre de prejuicios.", "nombre": "Involucramiento de poblaciones metas"}}, {"pk": 4, "model": "encuesta.resultado", "fields": {"descripcion": "Organizaciones de la sociedad civil y las poblaciones metas fortaleciendo la prevenci\u00f3n de la violencia basada en g\u00e9nero", "nombre": "Prevenci\u00f3n de la violencia"}}, {"pk": 5, "model": "encuesta.resultado", "fields": {"descripcion": "Organizaciones de sociedad civil facilitando el acceso a servicios de atenci\u00f3n integral y demanda de salud y justicia para las victimas de violencia de g\u00e9nero.", "nombre": "Acceso a servicios para victimas"}}, {"pk": 6, "model": "encuesta.resultado", "fields": {"descripcion": "Las organizaciones de la sociedad civil contrapartes de FED fortaleciendo su capacidad t\u00e9cnica e institucional, con especial \u00e9nfasis en las organizaciones de la diversidad sexual.", "nombre": "Capacidad t\u00e9cnica de las OSC"}}, {"pk": 1, "model": "encuesta.indicador", "fields": {"descripcion": "N\u00famero, % y tipo de acciones impulsadas, leyes aprobadas y aplicadas efectivamente que posicionan el tema de la equidad e igualdad en el nivel local, regional y nacional.", "nombre": "Acciones impulsadas", "resultado": 1, "slug": "acciones-impulsadas"}}, {"pk": 2, "model": "encuesta.indicador", "fields": {"descripcion": "% de organizaciones contrapartes del FED que participan en comisiones o instancias de toma de decisiones", "nombre": "Participaci\u00f3n en instancias", "resultado": 1, "slug": "participacion-en-instancias"}}, {"pk": 3, "model": "encuesta.indicador", "fields": {"descripcion": "% organizaciones que mantienen en la agenda p\u00fablica la defensa de los DDSSRR, incluyendo el aborto terap\u00e9utico", "nombre": "Defensa de los derechos", "resultado": 1, "slug": "defensa-de-los-derechos"}}, {"pk": 4, "model": "encuesta.indicador", "fields": {"descripcion": "N\u00famero de observatorios para la vigilancia de la restituci\u00f3n, creaci\u00f3n y aplicaci\u00f3n de leyes, pol\u00edticas, acciones y servicios en torno a las DDSSRR", "nombre": "Observatorios para vigilancia", "resultado": 1, "slug": "observatorios-para-vigilancia"}}, {"pk": 5, "model": "encuesta.indicador", "fields": {"descripcion": "N\u00famero de organizaciones de la sociedad civil que impulsan acciones p\u00fablicas y ante instancias del Estado de denuncia en contra de la discriminaci\u00f3n a persona de la diversidad sexual", "nombre": "Acciones P\u00fablicas", "resultado": 2, "slug": "acciones-publicas"}}, {"pk": 6, "model": "encuesta.indicador", "fields": {"descripcion": "N\u00famero y porcentaje de organizaciones que impulsan denuncias efectivas en contra de la discriminaci\u00f3n por g\u00e9nero dirigida a personas con discapacidad y a poblaci\u00f3n \u00e9tnica e ind\u00edgena.", "nombre": "Acciones de denuncias jur\u00eddicas ", "resultado": 2, "slug": "acciones-de-denuncias-juridicas"}}, {"pk": 8, "model": "encuesta.indicador", "fields": {"descripcion": "Porcentaje de mujeres, poseen informaci\u00f3n que les permite tomar decisiones sexuales y reproductivas de manera aut\u00f3noma y bien informada.", "nombre": "Acciones Efectuadas", "resultado": 3, "slug": "acciones-efectuadas"}}, {"pk": 9, "model": "encuesta.indicador", "fields": {"descripcion": "Porcentaje de personas de la diversidad sexual, poseen informaci\u00f3n que les permite tomar decisiones sexuales y reproductivas de manera aut\u00f3noma y bien informada", "nombre": "Cambios en las poblaciones", "resultado": 3, "slug": "cambios-en-las-poblaciones"}}, {"pk": 12, "model": "encuesta.indicador", "fields": {"descripcion": "N\u00famero y tipo de acciones emprendidas por las organizaciones contrapartes del FED que act\u00faan individual o articuladas en la prevenci\u00f3n de la violencia basada en g\u00e9nero.", "nombre": "Acciones por Organizaciones", "resultado": 4, "slug": "acciones-por-organizaciones"}}, {"pk": 13, "model": "encuesta.indicador", "fields": {"descripcion": "N\u00famero de grupos de la diversidad sexual, personas con discapacidad, grupos \u00e9tnicos y pueblos ind\u00edgenas que realizan acciones de prevenci\u00f3n de la violencia basada en g\u00e9nero", "nombre": "Grupos div. sexual y discapacidad", "resultado": 4, "slug": "grupos-div-sexual-y-discapacidad"}}, {"pk": 14, "model": "encuesta.indicador", "fields": {"descripcion": "N\u00famero y tipo de acciones espec\u00edficas que promueven una masculinidad libre de prejuicios y violencia", "nombre": "Grupos etnico, indigenas y jovenes", "resultado": 4, "slug": "grupos-etnico-indigenas-y-jovenes"}}, {"pk": 15, "model": "encuesta.indicador", "fields": {"descripcion": "N\u00famero de casos atendidos por las organizaciones contrapartes del FED a trav\u00e9s de los servicios de atenci\u00f3n en salud, psicol\u00f3gica y legal para v\u00edctimas de violencia.", "nombre": "Servicios de atenci\u00f3n", "resultado": 5, "slug": "servicios-de-atencion"}}, {"pk": 16, "model": "encuesta.indicador", "fields": {"descripcion": "N\u00famero de denuncias interpuestas por las victimas de violencia en las instancias que administran justicia como producto de las acciones de las organizaciones de la sociedad civil apoyadas por el FED.", "nombre": "Denuncias interpuestas", "resultado": 5, "slug": "denuncias-interpuestas"}}, {"pk": 17, "model": "encuesta.indicador", "fields": {"descripcion": "N\u00famero de mujeres atendidas en los albergues apoyados por el FED como instrumento para la construcci\u00f3n de nuevos proyectos de vida", "nombre": "Victimas atendidas", "resultado": 5, "slug": "victimas-atendidas"}}, {"pk": 18, "model": "encuesta.indicador", "fields": {"descripcion": "N\u00famero de referencia y contrareferencia que realizan las CP del FED con instituciones p\u00fablicas.", "nombre": "Referencias y contrareferencias", "resultado": 5, "slug": "referencias-y-contrareferencias"}}, {"pk": 19, "model": "encuesta.indicador", "fields": {"descripcion": "N\u00famero de acciones que promueven el intercambio te\u00f3rico y metodol\u00f3gico para la gesti\u00f3n de conocimientos entre las OSC.", "nombre": "Intercambio te\u00f3rico y metod.", "resultado": 6, "slug": "intercambio-teorico-y-metod"}}, {"pk": 20, "model": "encuesta.indicador", "fields": {"descripcion": "N\u00famero de acciones que fortalecen las capacidades de las organizaciones para medir y reportar los indicadores propuestos.", "nombre": "Medir y reportar indicadores", "resultado": 6, "slug": "medir-y-reportar-indicadores"}}, {"pk": 21, "model": "encuesta.indicador", "fields": {"descripcion": "Porcentaje y n\u00famero de organizaciones que mejoran sus capacidades administrativas y de gesti\u00f3n.", "nombre": "Mejorar la gestion", "resultado": 6, "slug": "mejorar-la-gestion"}}, {"pk": 1, "model": "encuesta.resultadotrabajado", "fields": {"encuesta": 1, "resultado": 1, "municipio": [5005, 5010, 5015, 5020, 5025, 5030]}}, {"pk": 2, "model": "encuesta.resultadotrabajado", "fields": {"encuesta": 1, "resultado": 2, "municipio": [7505, 7510, 7515, 7520, 7525, 7530, 7535, 7540]}}, {"pk": 3, "model": "encuesta.resultadotrabajado", "fields": {"encuesta": 1, "resultado": 3, "municipio": [3005, 3010, 3015, 3020, 3025, 3030, 3035, 3040, 3045, 3050, 3055, 3060, 3065]}}, {"pk": 4, "model": "encuesta.resultadotrabajado", "fields": {"encuesta": 1, "resultado": 5, "municipio": [6505, 6507, 6510, 6515, 6520, 6525, 6530, 6535, 6540, 6545]}}, {"pk": 5, "model": "encuesta.resultadotrabajado", "fields": {"encuesta": 1, "resultado": 6, "municipio": [2505, 2510, 2515, 2520, 2525, 2530]}}, {"pk": 6, "model": "encuesta.resultadotrabajado", "fields": {"encuesta": 2, "resultado": 1, "municipio": [5005, 5010, 5015, 5020, 5025, 5030]}}, {"pk": 7, "model": "encuesta.resultadotrabajado", "fields": {"encuesta": 2, "resultado": 2, "municipio": [7505, 7510, 7515, 7520, 7525, 7530, 7535, 7540]}}, {"pk": 8, "model": "encuesta.resultadotrabajado", "fields": {"encuesta": 2, "resultado": 4, "municipio": [1005, 1010, 1012, 1015, 1020, 1025, 1030, 1035]}}, {"pk": 9, "model": "encuesta.resultadotrabajado", "fields": {"encuesta": 2, "resultado": 3, "municipio": [3005, 3010, 3015, 3020, 3025, 3030, 3035, 3040, 3045, 3050, 3055, 3060, 3065]}}, {"pk": 10, "model": "encuesta.resultadotrabajado", "fields": {"encuesta": 2, "resultado": 5, "municipio": [5005, 5010, 5015, 5020, 5025, 5030]}}, {"pk": 11, "model": "encuesta.resultadotrabajado", "fields": {"encuesta": 3, "resultado": 1, "municipio": [5010, 5015, 5020, 5025, 5030]}}, {"pk": 12, "model": "encuesta.resultadotrabajado", "fields": {"encuesta": 3, "resultado": 2, "municipio": [7505, 7515, 7525, 7535, 3005]}}, {"pk": 13, "model": "encuesta.resultadotrabajado", "fields": {"encuesta": 3, "resultado": 3, "municipio": [5015, 7520, 7530, 3010, 3020, 3040, 3055]}}, {"pk": 14, "model": "encuesta.resultadotrabajado", "fields": {"encuesta": 4, "resultado": 4, "municipio": [7535, 3005, 3025, 6507, 7005, 5505, 9135]}}, {"pk": 15, "model": "encuesta.resultadotrabajado", "fields": {"encuesta": 4, "resultado": 5, "municipio": [5005, 5020, 7535, 7540, 3020, 3035, 6507]}}, {"pk": 16, "model": "encuesta.resultadotrabajado", "fields": {"encuesta": 4, "resultado": 3, "municipio": [6515, 6535, 6545, 7015, 3515]}}, {"pk": 17, "model": "encuesta.resultadotrabajado", "fields": {"encuesta": 5, "resultado": 2, "municipio": [7525, 1020, 5535, 6030, 8515, 8525]}}, {"pk": 18, "model": "encuesta.resultadotrabajado", "fields": {"encuesta": 5, "resultado": 3, "municipio": [7515, 7525, 7530, 8035, 8520, 8525, 8530]}}, {"pk": 19, "model": "encuesta.resultadotrabajado", "fields": {"encuesta": 5, "resultado": 6, "municipio": [5030, 7505, 7515, 7525, 7535, 3005, 3015]}}, {"pk": 20, "model": "encuesta.resultadotrabajado", "fields": {"encuesta": 6, "resultado": 3, "municipio": [5015, 5020, 5025, 7505, 7515, 7540]}}, {"pk": 21, "model": "encuesta.resultadotrabajado", "fields": {"encuesta": 6, "resultado": 5, "municipio": [5020, 7535, 7540, 3010, 3015, 3025, 3040]}}, {"pk": 22, "model": "encuesta.resultadotrabajado", "fields": {"encuesta": 6, "resultado": 6, "municipio": [7535, 7540, 3060, 2520, 1010, 9345, 8030]}}, {"pk": 1, "model": "encuesta.accionefectuadamedio", "fields": {"encuesta": 1, "participantes": 1, "accion": "estudios", "cantidad": 1}}, {"pk": 2, "model": "encuesta.accionefectuadamedio", "fields": {"encuesta": 1, "participantes": 1, "accion": "foros", "cantidad": 1}}, {"pk": 3, "model": "encuesta.accionefectuadamedio", "fields": {"encuesta": 1, "participantes": 2, "accion": "cabildos", "cantidad": 2}}, {"pk": 4, "model": "encuesta.accionefectuadamedio", "fields": {"encuesta": 1, "participantes": 2, "accion": "campania_tv", "cantidad": 3}}, {"pk": 5, "model": "encuesta.accionefectuadamedio", "fields": {"encuesta": 1, "participantes": 5, "accion": "campania_radio", "cantidad": 5}}, {"pk": 6, "model": "encuesta.accionefectuadamedio", "fields": {"encuesta": 1, "participantes": 1, "accion": "talleres", "cantidad": 1}}, {"pk": 7, "model": "encuesta.accionefectuadamedio", "fields": {"encuesta": 1, "participantes": 2, "accion": "manifestaciones", "cantidad": 2}}, {"pk": 8, "model": "encuesta.accionefectuadamedio", "fields": {"encuesta": 1, "participantes": 1, "accion": "reuniones", "cantidad": 1}}, {"pk": 9, "model": "encuesta.accionefectuadamedio", "fields": {"encuesta": 2, "participantes": 1, "accion": "estudios", "cantidad": 1}}, {"pk": 10, "model": "encuesta.accionefectuadamedio", "fields": {"encuesta": 2, "participantes": 3, "accion": "cabildos", "cantidad": 3}}, {"pk": 11, "model": "encuesta.accionefectuadamedio", "fields": {"encuesta": 3, "participantes": 15, "accion": "estudios", "cantidad": 10}}, {"pk": 12, "model": "encuesta.accionefectuadamedio", "fields": {"encuesta": 3, "participantes": 25, "accion": "cabildos", "cantidad": 21}}, {"pk": 13, "model": "encuesta.accionefectuadamedio", "fields": {"encuesta": 3, "participantes": 30, "accion": "foros", "cantidad": 12}}, {"pk": 14, "model": "encuesta.accionefectuadamedio", "fields": {"encuesta": 4, "participantes": 50, "accion": "estudios", "cantidad": 200}}, {"pk": 15, "model": "encuesta.accionefectuadamedio", "fields": {"encuesta": 4, "participantes": 300, "accion": "manifestaciones", "cantidad": 105}}, {"pk": 16, "model": "encuesta.accionefectuadamedio", "fields": {"encuesta": 5, "participantes": 20, "accion": "cabildos", "cantidad": 200}}, {"pk": 17, "model": "encuesta.accionefectuadamedio", "fields": {"encuesta": 5, "participantes": 90, "accion": "manifestaciones", "cantidad": 150}}, {"pk": 18, "model": "encuesta.accionefectuadamedio", "fields": {"encuesta": 6, "participantes": 90, "accion": "estudios", "cantidad": 50}}, {"pk": 1, "model": "encuesta.accionefectuadaregion", "fields": {"encuesta": 1, "participantes": 1, "accion": "comunitario", "cantidad": 1}}, {"pk": 2, "model": "encuesta.accionefectuadaregion", "fields": {"encuesta": 1, "participantes": 1, "accion": "municipal", "cantidad": 1}}, {"pk": 3, "model": "encuesta.accionefectuadaregion", "fields": {"encuesta": 1, "participantes": 2, "accion": "departamental", "cantidad": 2}}, {"pk": 4, "model": "encuesta.accionefectuadaregion", "fields": {"encuesta": 1, "participantes": 3, "accion": "regional", "cantidad": 3}}, {"pk": 5, "model": "encuesta.accionefectuadaregion", "fields": {"encuesta": 1, "participantes": 4, "accion": "nacional", "cantidad": 4}}, {"pk": 6, "model": "encuesta.accionefectuadaregion", "fields": {"encuesta": 2, "participantes": 1, "accion": "comunitario", "cantidad": 1}}, {"pk": 7, "model": "encuesta.accionefectuadaregion", "fields": {"encuesta": 3, "participantes": 25, "accion": "comunitario", "cantidad": 10}}, {"pk": 8, "model": "encuesta.accionefectuadaregion", "fields": {"encuesta": 3, "participantes": 30, "accion": "departamental", "cantidad": 25}}, {"pk": 9, "model": "encuesta.accionefectuadaregion", "fields": {"encuesta": 4, "participantes": 90, "accion": "departamental", "cantidad": 30}}, {"pk": 10, "model": "encuesta.accionefectuadaregion", "fields": {"encuesta": 4, "participantes": 150, "accion": "municipal", "cantidad": 90}}, {"pk": 11, "model": "encuesta.accionefectuadaregion", "fields": {"encuesta": 5, "participantes": 60, "accion": "comunitario", "cantidad": 90}}, {"pk": 12, "model": "encuesta.accionefectuadaregion", "fields": {"encuesta": 6, "participantes": 20, "accion": "comunitario", "cantidad": 90}}, {"pk": 13, "model": "encuesta.accionefectuadaregion", "fields": {"encuesta": 6, "participantes": 90, "accion": "regional", "cantidad": 130}}, {"pk": 1, "model": "encuesta.accionefectuadadocumento", "fields": {"encuesta": 1, "participantes": 3, "accion": "leyes", "cantidad": 10}}, {"pk": 2, "model": "encuesta.accionefectuadadocumento", "fields": {"encuesta": 1, "participantes": 5, "accion": "codigos", "cantidad": 8}}, {"pk": 3, "model": "encuesta.accionefectuadadocumento", "fields": {"encuesta": 1, "participantes": 1, "accion": "reglamentos", "cantidad": 3}}, {"pk": 4, "model": "encuesta.accionefectuadadocumento", "fields": {"encuesta": 1, "participantes": 2, "accion": "normativas", "cantidad": 16}}, {"pk": 5, "model": "encuesta.accionefectuadadocumento", "fields": {"encuesta": 1, "participantes": 1, "accion": "ordenanzas", "cantidad": 1}}, {"pk": 6, "model": "encuesta.accionefectuadadocumento", "fields": {"encuesta": 1, "participantes": 5, "accion": "acuerdos", "cantidad": 7}}, {"pk": 7, "model": "encuesta.accionefectuadadocumento", "fields": {"encuesta": 2, "participantes": 1, "accion": "codigos", "cantidad": 1}}, {"pk": 8, "model": "encuesta.accionefectuadadocumento", "fields": {"encuesta": 3, "participantes": 30, "accion": "leyes", "cantidad": 10}}, {"pk": 9, "model": "encuesta.accionefectuadadocumento", "fields": {"encuesta": 3, "participantes": 60, "accion": "codigos", "cantidad": 25}}, {"pk": 10, "model": "encuesta.accionefectuadadocumento", "fields": {"encuesta": 4, "participantes": 200, "accion": "reglamentos", "cantidad": 60}}, {"pk": 11, "model": "encuesta.accionefectuadadocumento", "fields": {"encuesta": 4, "participantes": 90, "accion": "normativas", "cantidad": 200}}, {"pk": 12, "model": "encuesta.accionefectuadadocumento", "fields": {"encuesta": 4, "participantes": 120, "accion": "acuerdos", "cantidad": 30}}, {"pk": 13, "model": "encuesta.accionefectuadadocumento", "fields": {"encuesta": 5, "participantes": 90, "accion": "leyes", "cantidad": 260}}, {"pk": 14, "model": "encuesta.accionefectuadadocumento", "fields": {"encuesta": 5, "participantes": 50, "accion": "normativas", "cantidad": 200}}, {"pk": 15, "model": "encuesta.accionefectuadadocumento", "fields": {"encuesta": 5, "participantes": 90, "accion": "codigos", "cantidad": 300}}, {"pk": 16, "model": "encuesta.accionefectuadadocumento", "fields": {"encuesta": 6, "participantes": 90, "accion": "reglamentos", "cantidad": 120}}, {"pk": 17, "model": "encuesta.accionefectuadadocumento", "fields": {"encuesta": 6, "participantes": 80, "accion": "normativas", "cantidad": 50}}, {"pk": 18, "model": "encuesta.accionefectuadadocumento", "fields": {"encuesta": 6, "participantes": 20, "accion": "codigos", "cantidad": 110}}, {"pk": 1, "model": "encuesta.participacioncomisiondecision", "fields": {"encuesta": 1, "cantidad_instancias": 10, "accion": "comunitario", "cantidad_acciones_efectivas": 5, "cantidad_acciones_promovidas": 7}}, {"pk": 2, "model": "encuesta.participacioncomisiondecision", "fields": {"encuesta": 1, "cantidad_instancias": 8, "accion": "municipal", "cantidad_acciones_efectivas": 3, "cantidad_acciones_promovidas": 7}}, {"pk": 3, "model": "encuesta.participacioncomisiondecision", "fields": {"encuesta": 1, "cantidad_instancias": 10, "accion": "departamental", "cantidad_acciones_efectivas": 3, "cantidad_acciones_promovidas": 6}}, {"pk": 4, "model": "encuesta.participacioncomisiondecision", "fields": {"encuesta": 1, "cantidad_instancias": 1, "accion": "regional", "cantidad_acciones_efectivas": 1, "cantidad_acciones_promovidas": 1}}, {"pk": 5, "model": "encuesta.participacioncomisiondecision", "fields": {"encuesta": 1, "cantidad_instancias": 2, "accion": "nacional", "cantidad_acciones_efectivas": 2, "cantidad_acciones_promovidas": 2}}, {"pk": 6, "model": "encuesta.participacioncomisiondecision", "fields": {"encuesta": 2, "cantidad_instancias": 1, "accion": "municipal", "cantidad_acciones_efectivas": 1, "cantidad_acciones_promovidas": 1}}, {"pk": 7, "model": "encuesta.participacioncomisiondecision", "fields": {"encuesta": 3, "cantidad_instancias": 9, "accion": "departamental", "cantidad_acciones_efectivas": 10, "cantidad_acciones_promovidas": 15}}, {"pk": 8, "model": "encuesta.participacioncomisiondecision", "fields": {"encuesta": 3, "cantidad_instancias": 19, "accion": "regional", "cantidad_acciones_efectivas": 40, "cantidad_acciones_promovidas": 30}}, {"pk": 9, "model": "encuesta.participacioncomisiondecision", "fields": {"encuesta": 4, "cantidad_instancias": 30, "accion": "comunitario", "cantidad_acciones_efectivas": 90, "cantidad_acciones_promovidas": 50}}, {"pk": 10, "model": "encuesta.participacioncomisiondecision", "fields": {"encuesta": 4, "cantidad_instancias": 90, "accion": "municipal", "cantidad_acciones_efectivas": 40, "cantidad_acciones_promovidas": 50}}, {"pk": 11, "model": "encuesta.participacioncomisiondecision", "fields": {"encuesta": 5, "cantidad_instancias": 20, "accion": "comunitario", "cantidad_acciones_efectivas": 90, "cantidad_acciones_promovidas": 60}}, {"pk": 12, "model": "encuesta.participacioncomisiondecision", "fields": {"encuesta": 5, "cantidad_instancias": 60, "accion": "departamental", "cantidad_acciones_efectivas": 70, "cantidad_acciones_promovidas": 70}}, {"pk": 13, "model": "encuesta.participacioncomisiondecision", "fields": {"encuesta": 5, "cantidad_instancias": 120, "accion": "regional", "cantidad_acciones_efectivas": 70, "cantidad_acciones_promovidas": 80}}, {"pk": 14, "model": "encuesta.participacioncomisiondecision", "fields": {"encuesta": 6, "cantidad_instancias": 50, "accion": "comunitario", "cantidad_acciones_efectivas": 90, "cantidad_acciones_promovidas": 200}}, {"pk": 15, "model": "encuesta.participacioncomisiondecision", "fields": {"encuesta": 6, "cantidad_instancias": 90, "accion": "regional", "cantidad_acciones_efectivas": 100, "cantidad_acciones_promovidas": 30}}, {"pk": 16, "model": "encuesta.participacioncomisiondecision", "fields": {"encuesta": 6, "cantidad_instancias": 200, "accion": "municipal", "cantidad_acciones_efectivas": 90, "cantidad_acciones_promovidas": 60}}, {"pk": 1, "model": "encuesta.participacioncomisionagenda", "fields": {"encuesta": 1, "cantidad_acciones_prom": 2, "cantidad_instancias": 2, "accion": "comunitario", "cantidad_acciones_efec": 2}}, {"pk": 2, "model": "encuesta.participacioncomisionagenda", "fields": {"encuesta": 1, "cantidad_acciones_prom": 1, "cantidad_instancias": 1, "accion": "municipal", "cantidad_acciones_efec": 1}}, {"pk": 3, "model": "encuesta.participacioncomisionagenda", "fields": {"encuesta": 1, "cantidad_acciones_prom": 2, "cantidad_instancias": 2, "accion": "departamental", "cantidad_acciones_efec": 2}}, {"pk": 4, "model": "encuesta.participacioncomisionagenda", "fields": {"encuesta": 1, "cantidad_acciones_prom": 2, "cantidad_instancias": 3, "accion": "regional", "cantidad_acciones_efec": 2}}, {"pk": 5, "model": "encuesta.participacioncomisionagenda", "fields": {"encuesta": 1, "cantidad_acciones_prom": 1, "cantidad_instancias": 1, "accion": "nacional", "cantidad_acciones_efec": 1}}, {"pk": 6, "model": "encuesta.participacioncomisionagenda", "fields": {"encuesta": 2, "cantidad_acciones_prom": 1, "cantidad_instancias": 1, "accion": "comunitario", "cantidad_acciones_efec": 1}}, {"pk": 7, "model": "encuesta.participacioncomisionagenda", "fields": {"encuesta": 3, "cantidad_acciones_prom": 10, "cantidad_instancias": 10, "accion": "regional", "cantidad_acciones_efec": 13}}, {"pk": 8, "model": "encuesta.participacioncomisionagenda", "fields": {"encuesta": 3, "cantidad_acciones_prom": 40, "cantidad_instancias": 80, "accion": "nacional", "cantidad_acciones_efec": 60}}, {"pk": 9, "model": "encuesta.participacioncomisionagenda", "fields": {"encuesta": 4, "cantidad_acciones_prom": 100, "cantidad_instancias": 60, "accion": "nacional", "cantidad_acciones_efec": 90}}, {"pk": 10, "model": "encuesta.participacioncomisionagenda", "fields": {"encuesta": 4, "cantidad_acciones_prom": 100, "cantidad_instancias": 90, "accion": "departamental", "cantidad_acciones_efec": 90}}, {"pk": 11, "model": "encuesta.participacioncomisionagenda", "fields": {"encuesta": 5, "cantidad_acciones_prom": 30, "cantidad_instancias": 120, "accion": "regional", "cantidad_acciones_efec": 90}}, {"pk": 12, "model": "encuesta.participacioncomisionagenda", "fields": {"encuesta": 5, "cantidad_acciones_prom": 150, "cantidad_instancias": 220, "accion": "departamental", "cantidad_acciones_efec": 70}}, {"pk": 13, "model": "encuesta.participacioncomisionagenda", "fields": {"encuesta": 5, "cantidad_acciones_prom": 60, "cantidad_instancias": 130, "accion": "nacional", "cantidad_acciones_efec": 80}}, {"pk": 14, "model": "encuesta.participacioncomisionagenda", "fields": {"encuesta": 6, "cantidad_acciones_prom": 90, "cantidad_instancias": 20, "accion": "comunitario", "cantidad_acciones_efec": 30}}, {"pk": 15, "model": "encuesta.participacioncomisionagenda", "fields": {"encuesta": 6, "cantidad_acciones_prom": 60, "cantidad_instancias": 1, "accion": "departamental", "cantidad_acciones_efec": 80}}, {"pk": 1, "model": "encuesta.accionobservatorio", "fields": {"cantidad_acciones_realiz": 1, "encuesta": 1, "cantidad_acciones_web": 1, "accion": "comunitario", "cantidad_observatorios": 1}}, {"pk": 2, "model": "encuesta.accionobservatorio", "fields": {"cantidad_acciones_realiz": 1, "encuesta": 1, "cantidad_acciones_web": 1, "accion": "municipal", "cantidad_observatorios": 1}}, {"pk": 3, "model": "encuesta.accionobservatorio", "fields": {"cantidad_acciones_realiz": 1, "encuesta": 1, "cantidad_acciones_web": 1, "accion": "departamental", "cantidad_observatorios": 1}}, {"pk": 4, "model": "encuesta.accionobservatorio", "fields": {"cantidad_acciones_realiz": 2, "encuesta": 1, "cantidad_acciones_web": 2, "accion": "regional", "cantidad_observatorios": 2}}, {"pk": 5, "model": "encuesta.accionobservatorio", "fields": {"cantidad_acciones_realiz": 2, "encuesta": 1, "cantidad_acciones_web": 1, "accion": "nacional", "cantidad_observatorios": 3}}, {"pk": 6, "model": "encuesta.accionobservatorio", "fields": {"cantidad_acciones_realiz": 1, "encuesta": 2, "cantidad_acciones_web": 1, "accion": "comunitario", "cantidad_observatorios": 1}}, {"pk": 7, "model": "encuesta.accionobservatorio", "fields": {"cantidad_acciones_realiz": 10, "encuesta": 3, "cantidad_acciones_web": 9, "accion": "comunitario", "cantidad_observatorios": 20}}, {"pk": 8, "model": "encuesta.accionobservatorio", "fields": {"cantidad_acciones_realiz": 25, "encuesta": 3, "cantidad_acciones_web": 9, "accion": "municipal", "cantidad_observatorios": 10}}, {"pk": 9, "model": "encuesta.accionobservatorio", "fields": {"cantidad_acciones_realiz": 60, "encuesta": 4, "cantidad_acciones_web": 90, "accion": "comunitario", "cantidad_observatorios": 120}}, {"pk": 10, "model": "encuesta.accionobservatorio", "fields": {"cantidad_acciones_realiz": 60, "encuesta": 4, "cantidad_acciones_web": 50, "accion": "departamental", "cantidad_observatorios": 90}}, {"pk": 11, "model": "encuesta.accionobservatorio", "fields": {"cantidad_acciones_realiz": 10, "encuesta": 5, "cantidad_acciones_web": 50, "accion": "comunitario", "cantidad_observatorios": 100}}, {"pk": 12, "model": "encuesta.accionobservatorio", "fields": {"cantidad_acciones_realiz": 20, "encuesta": 5, "cantidad_acciones_web": 60, "accion": "departamental", "cantidad_observatorios": 90}}, {"pk": 13, "model": "encuesta.accionobservatorio", "fields": {"cantidad_acciones_realiz": 90, "encuesta": 6, "cantidad_acciones_web": 50, "accion": "comunitario", "cantidad_observatorios": 20}}, {"pk": 14, "model": "encuesta.accionobservatorio", "fields": {"cantidad_acciones_realiz": 70, "encuesta": 6, "cantidad_acciones_web": 89, "accion": "municipal", "cantidad_observatorios": 80}}, {"pk": 1, "model": "encuesta.denunciasocialrealizada", "fields": {"encuesta": 1, "persona_racial": 2, "accion": "estudios", "persona_div_sexual": 2, "persona_joven": 2, "persona_vih": 2, "persona_discapacidad": 2}}, {"pk": 2, "model": "encuesta.denunciasocialrealizada", "fields": {"encuesta": 1, "persona_racial": 2, "accion": "foros", "persona_div_sexual": 2, "persona_joven": 2, "persona_vih": 2, "persona_discapacidad": 2}}, {"pk": 3, "model": "encuesta.denunciasocialrealizada", "fields": {"encuesta": 1, "persona_racial": 3, "accion": "cabildos", "persona_div_sexual": 3, "persona_joven": 3, "persona_vih": 3, "persona_discapacidad": 3}}, {"pk": 4, "model": "encuesta.denunciasocialrealizada", "fields": {"encuesta": 1, "persona_racial": 4, "accion": "campania_tv", "persona_div_sexual": 4, "persona_joven": 4, "persona_vih": 4, "persona_discapacidad": 4}}, {"pk": 5, "model": "encuesta.denunciasocialrealizada", "fields": {"encuesta": 1, "persona_racial": 5, "accion": "campania_radio", "persona_div_sexual": 5, "persona_joven": 5, "persona_vih": 5, "persona_discapacidad": 5}}, {"pk": 6, "model": "encuesta.denunciasocialrealizada", "fields": {"encuesta": 1, "persona_racial": 2, "accion": "talleres", "persona_div_sexual": 2, "persona_joven": 2, "persona_vih": 2, "persona_discapacidad": 2}}, {"pk": 7, "model": "encuesta.denunciasocialrealizada", "fields": {"encuesta": 1, "persona_racial": 3, "accion": "manifestaciones", "persona_div_sexual": 3, "persona_joven": 3, "persona_vih": 3, "persona_discapacidad": 3}}, {"pk": 8, "model": "encuesta.denunciasocialrealizada", "fields": {"encuesta": 1, "persona_racial": 3, "accion": "reuniones", "persona_div_sexual": 3, "persona_joven": 3, "persona_vih": 3, "persona_discapacidad": 3}}, {"pk": 9, "model": "encuesta.denunciasocialrealizada", "fields": {"encuesta": 2, "persona_racial": 9, "accion": "estudios", "persona_div_sexual": 10, "persona_joven": 10, "persona_vih": 5, "persona_discapacidad": 7}}, {"pk": 10, "model": "encuesta.denunciasocialrealizada", "fields": {"encuesta": 3, "persona_racial": 2, "accion": "foros", "persona_div_sexual": 17, "persona_joven": 4, "persona_vih": 8, "persona_discapacidad": 20}}, {"pk": 11, "model": "encuesta.denunciasocialrealizada", "fields": {"encuesta": 3, "persona_racial": 14, "accion": "cabildos", "persona_div_sexual": 20, "persona_joven": 36, "persona_vih": 6, "persona_discapacidad": 3}}, {"pk": 12, "model": "encuesta.denunciasocialrealizada", "fields": {"encuesta": 3, "persona_racial": 9, "accion": "campania_tv", "persona_div_sexual": 10, "persona_joven": 40, "persona_vih": 10, "persona_discapacidad": 8}}, {"pk": 13, "model": "encuesta.denunciasocialrealizada", "fields": {"encuesta": 4, "persona_racial": 20, "accion": "estudios", "persona_div_sexual": 300, "persona_joven": 60, "persona_vih": 120, "persona_discapacidad": 50}}, {"pk": 14, "model": "encuesta.denunciasocialrealizada", "fields": {"encuesta": 4, "persona_racial": 110, "accion": "manifestaciones", "persona_div_sexual": 60, "persona_joven": 160, "persona_vih": 90, "persona_discapacidad": 80}}, {"pk": 15, "model": "encuesta.denunciasocialrealizada", "fields": {"encuesta": 5, "persona_racial": 80, "accion": "campania_tv", "persona_div_sexual": 20, "persona_joven": 60, "persona_vih": 150, "persona_discapacidad": 60}}, {"pk": 16, "model": "encuesta.denunciasocialrealizada", "fields": {"encuesta": 5, "persona_racial": 33, "accion": "manifestaciones", "persona_div_sexual": 50, "persona_joven": 28, "persona_vih": 40, "persona_discapacidad": 80}}, {"pk": 17, "model": "encuesta.denunciasocialrealizada", "fields": {"encuesta": 6, "persona_racial": 130, "accion": "campania_tv", "persona_div_sexual": 100, "persona_joven": 70, "persona_vih": 80, "persona_discapacidad": 20}}, {"pk": 18, "model": "encuesta.denunciasocialrealizada", "fields": {"encuesta": 6, "persona_racial": 90, "accion": "reuniones", "persona_div_sexual": 250, "persona_joven": 80, "persona_vih": 500, "persona_discapacidad": 200}}, {"pk": 1, "model": "encuesta.denunciasocialefectiva", "fields": {"encuesta": 1, "persona_racial": 1, "accion": "estudios", "persona_div_sexual": 1, "persona_joven": 1, "persona_vih": 1, "persona_discapacidad": 1}}, {"pk": 2, "model": "encuesta.denunciasocialefectiva", "fields": {"encuesta": 1, "persona_racial": 2, "accion": "foros", "persona_div_sexual": 2, "persona_joven": 2, "persona_vih": 2, "persona_discapacidad": 2}}, {"pk": 3, "model": "encuesta.denunciasocialefectiva", "fields": {"encuesta": 1, "persona_racial": 2, "accion": "cabildos", "persona_div_sexual": 2, "persona_joven": 2, "persona_vih": 2, "persona_discapacidad": 2}}, {"pk": 4, "model": "encuesta.denunciasocialefectiva", "fields": {"encuesta": 1, "persona_racial": 3, "accion": "campania_tv", "persona_div_sexual": 3, "persona_joven": 3, "persona_vih": 3, "persona_discapacidad": 3}}, {"pk": 5, "model": "encuesta.denunciasocialefectiva", "fields": {"encuesta": 1, "persona_racial": 4, "accion": "campania_radio", "persona_div_sexual": 4, "persona_joven": 4, "persona_vih": 4, "persona_discapacidad": 4}}, {"pk": 6, "model": "encuesta.denunciasocialefectiva", "fields": {"encuesta": 1, "persona_racial": 1, "accion": "talleres", "persona_div_sexual": 1, "persona_joven": 1, "persona_vih": 1, "persona_discapacidad": 1}}, {"pk": 7, "model": "encuesta.denunciasocialefectiva", "fields": {"encuesta": 1, "persona_racial": 1, "accion": "manifestaciones", "persona_div_sexual": 1, "persona_joven": 1, "persona_vih": 1, "persona_discapacidad": 1}}, {"pk": 8, "model": "encuesta.denunciasocialefectiva", "fields": {"encuesta": 1, "persona_racial": 2, "accion": "reuniones", "persona_div_sexual": 2, "persona_joven": 2, "persona_vih": 2, "persona_discapacidad": 2}}, {"pk": 9, "model": "encuesta.denunciasocialefectiva", "fields": {"encuesta": 2, "persona_racial": 5, "accion": "estudios", "persona_div_sexual": 8, "persona_joven": 5, "persona_vih": 3, "persona_discapacidad": 6}}, {"pk": 10, "model": "encuesta.denunciasocialefectiva", "fields": {"encuesta": 3, "persona_racial": 40, "accion": "talleres", "persona_div_sexual": 40, "persona_joven": 45, "persona_vih": 36, "persona_discapacidad": 25}}, {"pk": 11, "model": "encuesta.denunciasocialefectiva", "fields": {"encuesta": 3, "persona_racial": 36, "accion": "campania_radio", "persona_div_sexual": 35, "persona_joven": 80, "persona_vih": 30, "persona_discapacidad": 60}}, {"pk": 12, "model": "encuesta.denunciasocialefectiva", "fields": {"encuesta": 3, "persona_racial": 10, "accion": "talleres", "persona_div_sexual": 30, "persona_joven": 26, "persona_vih": 45, "persona_discapacidad": 25}}, {"pk": 13, "model": "encuesta.denunciasocialefectiva", "fields": {"encuesta": 4, "persona_racial": 90, "accion": "cabildos", "persona_div_sexual": 200, "persona_joven": 80, "persona_vih": 60, "persona_discapacidad": 20}}, {"pk": 14, "model": "encuesta.denunciasocialefectiva", "fields": {"encuesta": 4, "persona_racial": 5, "accion": "manifestaciones", "persona_div_sexual": 200, "persona_joven": 3, "persona_vih": 1, "persona_discapacidad": 90}}, {"pk": 15, "model": "encuesta.denunciasocialefectiva", "fields": {"encuesta": 5, "persona_racial": 38, "accion": "foros", "persona_div_sexual": 120, "persona_joven": 120, "persona_vih": 46, "persona_discapacidad": 89}}, {"pk": 16, "model": "encuesta.denunciasocialefectiva", "fields": {"encuesta": 5, "persona_racial": 89, "accion": "campania_radio", "persona_div_sexual": 120, "persona_joven": 100, "persona_vih": 90, "persona_discapacidad": 60}}, {"pk": 17, "model": "encuesta.denunciasocialefectiva", "fields": {"encuesta": 6, "persona_racial": 30, "accion": "foros", "persona_div_sexual": 900, "persona_joven": 70, "persona_vih": 20, "persona_discapacidad": 200}}, {"pk": 18, "model": "encuesta.denunciasocialefectiva", "fields": {"encuesta": 6, "persona_racial": 100, "accion": "manifestaciones", "persona_div_sexual": 90, "persona_joven": 20, "persona_vih": 70, "persona_discapacidad": 60}}, {"pk": 1, "model": "encuesta.denunciajuridica", "fields": {"encuesta": 1, "persona_racial": 5, "accion": "denuncia_juridica_realizada", "persona_div_sexual": 5, "persona_joven": 5, "persona_vih": 5, "persona_discapacidad": 5}}, {"pk": 2, "model": "encuesta.denunciajuridica", "fields": {"encuesta": 1, "persona_racial": 4, "accion": "denuncia_juridica_atendida", "persona_div_sexual": 4, "persona_joven": 4, "persona_vih": 4, "persona_discapacidad": 4}}, {"pk": 3, "model": "encuesta.denunciajuridica", "fields": {"encuesta": 2, "persona_racial": 1, "accion": "denuncia_juridica_realizada", "persona_div_sexual": 1, "persona_joven": 1, "persona_vih": 1, "persona_discapacidad": 1}}, {"pk": 4, "model": "encuesta.denunciajuridica", "fields": {"encuesta": 3, "persona_racial": 10, "accion": "denuncia_juridica_realizada", "persona_div_sexual": 25, "persona_joven": 60, "persona_vih": 30, "persona_discapacidad": 14}}, {"pk": 5, "model": "encuesta.denunciajuridica", "fields": {"encuesta": 3, "persona_racial": 40, "accion": "denuncia_juridica_atendida", "persona_div_sexual": 60, "persona_joven": 35, "persona_vih": 35, "persona_discapacidad": 20}}, {"pk": 6, "model": "encuesta.denunciajuridica", "fields": {"encuesta": 4, "persona_racial": 60, "accion": "denuncia_juridica_atendida", "persona_div_sexual": 30, "persona_joven": 3, "persona_vih": 9, "persona_discapacidad": 20}}, {"pk": 7, "model": "encuesta.denunciajuridica", "fields": {"encuesta": 4, "persona_racial": 80, "accion": "denuncia_juridica_realizada", "persona_div_sexual": 60, "persona_joven": 60, "persona_vih": 90, "persona_discapacidad": 30}}, {"pk": 8, "model": "encuesta.denunciajuridica", "fields": {"encuesta": 5, "persona_racial": 5, "accion": "denuncia_juridica_realizada", "persona_div_sexual": 100, "persona_joven": 10, "persona_vih": 40, "persona_discapacidad": 30}}, {"pk": 9, "model": "encuesta.denunciajuridica", "fields": {"encuesta": 5, "persona_racial": 100, "accion": "denuncia_juridica_atendida", "persona_div_sexual": 1, "persona_joven": 60, "persona_vih": 20, "persona_discapacidad": 12}}, {"pk": 10, "model": "encuesta.denunciajuridica", "fields": {"encuesta": 6, "persona_racial": 80, "accion": "denuncia_juridica_realizada", "persona_div_sexual": 400, "persona_joven": 60, "persona_vih": 100, "persona_discapacidad": 200}}, {"pk": 1, "model": "encuesta.accionrealizadareflexion", "fields": {"discapacidad": 1, "encuesta": 1, "accion": "taller_formacion", "mujeres": 1, "hombres": 1, "vih": 1, "jovenes": 1, "etnica": 1, "div_sexual": 1}}, {"pk": 2, "model": "encuesta.accionrealizadareflexion", "fields": {"discapacidad": 1, "encuesta": 1, "accion": "foros", "mujeres": 1, "hombres": 1, "vih": 1, "jovenes": 1, "etnica": 1, "div_sexual": 1}}, {"pk": 3, "model": "encuesta.accionrealizadareflexion", "fields": {"discapacidad": 1, "encuesta": 1, "accion": "intercambio_xp", "mujeres": 1, "hombres": 1, "vih": 1, "jovenes": 1, "etnica": 1, "div_sexual": 1}}, {"pk": 4, "model": "encuesta.accionrealizadareflexion", "fields": {"discapacidad": 2, "encuesta": 1, "accion": "visitas_grupales", "mujeres": 2, "hombres": 2, "vih": 2, "jovenes": 2, "etnica": 2, "div_sexual": 2}}, {"pk": 5, "model": "encuesta.accionrealizadareflexion", "fields": {"discapacidad": 3, "encuesta": 1, "accion": "visitas_indiv", "mujeres": 3, "hombres": 3, "vih": 3, "jovenes": 3, "etnica": 3, "div_sexual": 3}}, {"pk": 6, "model": "encuesta.accionrealizadareflexion", "fields": {"discapacidad": 1, "encuesta": 1, "accion": "teatros", "mujeres": 1, "hombres": 1, "vih": 1, "jovenes": 1, "etnica": 1, "div_sexual": 1}}, {"pk": 7, "model": "encuesta.accionrealizadareflexion", "fields": {"discapacidad": 3, "encuesta": 1, "accion": "circulo_estudio", "mujeres": 3, "hombres": 3, "vih": 3, "jovenes": 3, "etnica": 3, "div_sexual": 3}}, {"pk": 8, "model": "encuesta.accionrealizadareflexion", "fields": {"discapacidad": 4, "encuesta": 1, "accion": "actos_cultura", "mujeres": 4, "hombres": 4, "vih": 4, "jovenes": 4, "etnica": 4, "div_sexual": 4}}, {"pk": 9, "model": "encuesta.accionrealizadareflexion", "fields": {"discapacidad": 1, "encuesta": 1, "accion": "reunion_comunitaria", "mujeres": 1, "hombres": 1, "vih": 1, "jovenes": 1, "etnica": 1, "div_sexual": 1}}, {"pk": 10, "model": "encuesta.accionrealizadareflexion", "fields": {"discapacidad": 1, "encuesta": 2, "accion": "visitas_indiv", "mujeres": 1, "hombres": 1, "vih": 1, "jovenes": 1, "etnica": 1, "div_sexual": 1}}, {"pk": 11, "model": "encuesta.accionrealizadareflexion", "fields": {"discapacidad": 90, "encuesta": 3, "accion": "foros", "mujeres": 40, "hombres": 30, "vih": 50, "jovenes": 80, "etnica": 40, "div_sexual": 10}}, {"pk": 12, "model": "encuesta.accionrealizadareflexion", "fields": {"discapacidad": 60, "encuesta": 3, "accion": "intercambio_xp", "mujeres": 50, "hombres": 90, "vih": 45, "jovenes": 70, "etnica": 30, "div_sexual": 65}}, {"pk": 13, "model": "encuesta.accionrealizadareflexion", "fields": {"discapacidad": 90, "encuesta": 3, "accion": "circulo_estudio", "mujeres": 60, "hombres": 30, "vih": 10, "jovenes": 80, "etnica": 25, "div_sexual": 20}}, {"pk": 14, "model": "encuesta.accionrealizadareflexion", "fields": {"discapacidad": 100, "encuesta": 4, "accion": "visitas_indiv", "mujeres": 60, "hombres": 30, "vih": 50, "jovenes": 90, "etnica": 40, "div_sexual": 80}}, {"pk": 15, "model": "encuesta.accionrealizadareflexion", "fields": {"discapacidad": 89, "encuesta": 4, "accion": "visitas_indiv", "mujeres": 90, "hombres": 60, "vih": 56, "jovenes": 80, "etnica": 23, "div_sexual": 202}}, {"pk": 16, "model": "encuesta.accionrealizadareflexion", "fields": {"discapacidad": 30, "encuesta": 5, "accion": "taller_formacion", "mujeres": 150, "hombres": 20, "vih": 90, "jovenes": 60, "etnica": 60, "div_sexual": 100}}, {"pk": 17, "model": "encuesta.accionrealizadareflexion", "fields": {"discapacidad": 120, "encuesta": 5, "accion": "actos_cultura", "mujeres": 120, "hombres": 60, "vih": 60, "jovenes": 12, "etnica": 80, "div_sexual": 30}}, {"pk": 18, "model": "encuesta.accionrealizadareflexion", "fields": {"discapacidad": 70, "encuesta": 5, "accion": "circulo_estudio", "mujeres": 100, "hombres": 90, "vih": 60, "jovenes": 60, "etnica": 80, "div_sexual": 120}}, {"pk": 19, "model": "encuesta.accionrealizadareflexion", "fields": {"discapacidad": 30, "encuesta": 6, "accion": "teatros", "mujeres": 10, "hombres": 5, "vih": 200, "jovenes": 23, "etnica": 80, "div_sexual": 110}}, {"pk": 20, "model": "encuesta.accionrealizadareflexion", "fields": {"discapacidad": 30, "encuesta": 6, "accion": "visitas_indiv", "mujeres": 20, "hombres": 50, "vih": 90, "jovenes": 8, "etnica": 10, "div_sexual": 220}}, {"pk": 1, "model": "encuesta.accionrelizadareflexionpersona", "fields": {"discapacidad": 1, "encuesta": 1, "accion": "personas_participaron", "mujeres": 1, "hombres": 1, "vih": 1, "jovenes": 1, "etnica": 1, "div_sexual": 1}}, {"pk": 2, "model": "encuesta.accionrelizadareflexionpersona", "fields": {"discapacidad": 1, "encuesta": 1, "accion": "personas_participaron_toman_decision", "mujeres": 1, "hombres": 1, "vih": 1, "jovenes": 1, "etnica": 1, "div_sexual": 1}}, {"pk": 3, "model": "encuesta.accionrelizadareflexionpersona", "fields": {"discapacidad": 1, "encuesta": 2, "accion": "personas_participaron", "mujeres": 1, "hombres": 1, "vih": 1, "jovenes": 1, "etnica": 1, "div_sexual": 1}}, {"pk": 4, "model": "encuesta.accionrelizadareflexionpersona", "fields": {"discapacidad": 10, "encuesta": 3, "accion": "personas_participaron", "mujeres": 10, "hombres": 30, "vih": 36, "jovenes": 60, "etnica": 25, "div_sexual": 60}}, {"pk": 5, "model": "encuesta.accionrelizadareflexionpersona", "fields": {"discapacidad": 30, "encuesta": 3, "accion": "personas_participaron_toman_decision", "mujeres": 40, "hombres": 20, "vih": 60, "jovenes": 30, "etnica": 10, "div_sexual": 80}}, {"pk": 6, "model": "encuesta.accionrelizadareflexionpersona", "fields": {"discapacidad": 80, "encuesta": 4, "accion": "personas_participaron", "mujeres": 30, "hombres": 90, "vih": 90, "jovenes": 40, "etnica": 60, "div_sexual": 26}}, {"pk": 7, "model": "encuesta.accionrelizadareflexionpersona", "fields": {"discapacidad": 40, "encuesta": 4, "accion": "personas_participaron_toman_decision", "mujeres": 90, "hombres": 60, "vih": 56, "jovenes": 23, "etnica": 70, "div_sexual": 80}}, {"pk": 8, "model": "encuesta.accionrelizadareflexionpersona", "fields": {"discapacidad": 10, "encuesta": 5, "accion": "personas_participaron", "mujeres": 120, "hombres": 40, "vih": 120, "jovenes": 60, "etnica": 9, "div_sexual": 80}}, {"pk": 9, "model": "encuesta.accionrelizadareflexionpersona", "fields": {"discapacidad": 30, "encuesta": 5, "accion": "personas_participaron_toman_decision", "mujeres": 20, "hombres": 5, "vih": 58, "jovenes": 60, "etnica": 96, "div_sexual": 30}}, {"pk": 10, "model": "encuesta.accionrelizadareflexionpersona", "fields": {"discapacidad": 52, "encuesta": 6, "accion": "personas_participaron", "mujeres": 10, "hombres": 30, "vih": 80, "jovenes": 9, "etnica": 50, "div_sexual": 60}}, {"pk": 1, "model": "encuesta.accionimpulsadaorg", "fields": {"encuesta": 1, "accion": "tv", "acciones_emprendidas": 2, "acciones_cambios_masculinidad": 2, "acciones_impulsadas_masculinidad": 2, "acciones_cambios_actitud": 2}}, {"pk": 2, "model": "encuesta.accionimpulsadaorg", "fields": {"encuesta": 1, "accion": "radio", "acciones_emprendidas": 1, "acciones_cambios_masculinidad": 1, "acciones_impulsadas_masculinidad": 1, "acciones_cambios_actitud": 1}}, {"pk": 3, "model": "encuesta.accionimpulsadaorg", "fields": {"encuesta": 1, "accion": "periodico", "acciones_emprendidas": 3, "acciones_cambios_masculinidad": 3, "acciones_impulsadas_masculinidad": 3, "acciones_cambios_actitud": 3}}, {"pk": 4, "model": "encuesta.accionimpulsadaorg", "fields": {"encuesta": 1, "accion": "talleres", "acciones_emprendidas": 4, "acciones_cambios_masculinidad": 4, "acciones_impulsadas_masculinidad": 4, "acciones_cambios_actitud": 4}}, {"pk": 5, "model": "encuesta.accionimpulsadaorg", "fields": {"encuesta": 1, "accion": "foros", "acciones_emprendidas": 1, "acciones_cambios_masculinidad": 1, "acciones_impulsadas_masculinidad": 1, "acciones_cambios_actitud": 1}}, {"pk": 6, "model": "encuesta.accionimpulsadaorg", "fields": {"encuesta": 1, "accion": "intercambio_xp", "acciones_emprendidas": 2, "acciones_cambios_masculinidad": 2, "acciones_impulsadas_masculinidad": 2, "acciones_cambios_actitud": 2}}, {"pk": 7, "model": "encuesta.accionimpulsadaorg", "fields": {"encuesta": 1, "accion": "visitas", "acciones_emprendidas": 1, "acciones_cambios_masculinidad": 1, "acciones_impulsadas_masculinidad": 1, "acciones_cambios_actitud": 1}}, {"pk": 8, "model": "encuesta.accionimpulsadaorg", "fields": {"encuesta": 1, "accion": "teatros_actos", "acciones_emprendidas": 2, "acciones_cambios_masculinidad": 1, "acciones_impulsadas_masculinidad": 1, "acciones_cambios_actitud": 1}}, {"pk": 9, "model": "encuesta.accionimpulsadaorg", "fields": {"encuesta": 1, "accion": "circulo_estudio", "acciones_emprendidas": 1, "acciones_cambios_masculinidad": 1, "acciones_impulsadas_masculinidad": 1, "acciones_cambios_actitud": 1}}, {"pk": 10, "model": "encuesta.accionimpulsadaorg", "fields": {"encuesta": 1, "accion": "reunion_comu", "acciones_emprendidas": 3, "acciones_cambios_masculinidad": 3, "acciones_impulsadas_masculinidad": 3, "acciones_cambios_actitud": 3}}, {"pk": 11, "model": "encuesta.accionimpulsadaorg", "fields": {"encuesta": 1, "accion": "material_educativo", "acciones_emprendidas": 1, "acciones_cambios_masculinidad": 1, "acciones_impulsadas_masculinidad": 1, "acciones_cambios_actitud": 1}}, {"pk": 12, "model": "encuesta.accionimpulsadaorg", "fields": {"encuesta": 1, "accion": "reunion_autorid", "acciones_emprendidas": 2, "acciones_cambios_masculinidad": 2, "acciones_impulsadas_masculinidad": 2, "acciones_cambios_actitud": 2}}, {"pk": 13, "model": "encuesta.accionimpulsadaorg", "fields": {"encuesta": 1, "accion": "consejeria", "acciones_emprendidas": 1, "acciones_cambios_masculinidad": 1, "acciones_impulsadas_masculinidad": 1, "acciones_cambios_actitud": 1}}, {"pk": 14, "model": "encuesta.accionimpulsadaorg", "fields": {"encuesta": 2, "accion": "radio", "acciones_emprendidas": 1, "acciones_cambios_masculinidad": 1, "acciones_impulsadas_masculinidad": 1, "acciones_cambios_actitud": 1}}, {"pk": 15, "model": "encuesta.accionimpulsadaorg", "fields": {"encuesta": 2, "accion": "radio", "acciones_emprendidas": 12, "acciones_cambios_masculinidad": 12, "acciones_impulsadas_masculinidad": 23, "acciones_cambios_actitud": 4}}, {"pk": 16, "model": "encuesta.accionimpulsadaorg", "fields": {"encuesta": 2, "accion": "periodico", "acciones_emprendidas": 22, "acciones_cambios_masculinidad": 12, "acciones_impulsadas_masculinidad": 44, "acciones_cambios_actitud": 11}}, {"pk": 17, "model": "encuesta.accionimpulsadaorg", "fields": {"encuesta": 2, "accion": "talleres", "acciones_emprendidas": 111, "acciones_cambios_masculinidad": 22, "acciones_impulsadas_masculinidad": 222, "acciones_cambios_actitud": 12}}, {"pk": 18, "model": "encuesta.accionimpulsadaorg", "fields": {"encuesta": 2, "accion": "foros", "acciones_emprendidas": 222, "acciones_cambios_masculinidad": 33, "acciones_impulsadas_masculinidad": 333, "acciones_cambios_actitud": 22}}, {"pk": 19, "model": "encuesta.accionimpulsadaorg", "fields": {"encuesta": 2, "accion": "intercambio_xp", "acciones_emprendidas": 44, "acciones_cambios_masculinidad": 4, "acciones_impulsadas_masculinidad": 444, "acciones_cambios_actitud": 4}}, {"pk": 20, "model": "encuesta.accionimpulsadaorg", "fields": {"encuesta": 3, "accion": "periodico", "acciones_emprendidas": 10, "acciones_cambios_masculinidad": 60, "acciones_impulsadas_masculinidad": 80, "acciones_cambios_actitud": 30}}, {"pk": 21, "model": "encuesta.accionimpulsadaorg", "fields": {"encuesta": 3, "accion": "intercambio_xp", "acciones_emprendidas": 30, "acciones_cambios_masculinidad": 40, "acciones_impulsadas_masculinidad": 60, "acciones_cambios_actitud": 25}}, {"pk": 22, "model": "encuesta.accionimpulsadaorg", "fields": {"encuesta": 4, "accion": "talleres", "acciones_emprendidas": 20, "acciones_cambios_masculinidad": 62, "acciones_impulsadas_masculinidad": 89, "acciones_cambios_actitud": 3}}, {"pk": 23, "model": "encuesta.accionimpulsadaorg", "fields": {"encuesta": 4, "accion": "consejeria", "acciones_emprendidas": 30, "acciones_cambios_masculinidad": 22, "acciones_impulsadas_masculinidad": 52, "acciones_cambios_actitud": 90}}, {"pk": 24, "model": "encuesta.accionimpulsadaorg", "fields": {"encuesta": 4, "accion": "material_educativo", "acciones_emprendidas": 30, "acciones_cambios_masculinidad": 30, "acciones_impulsadas_masculinidad": 92, "acciones_cambios_actitud": 80}}, {"pk": 25, "model": "encuesta.accionimpulsadaorg", "fields": {"encuesta": 5, "accion": "foros", "acciones_emprendidas": 10, "acciones_cambios_masculinidad": 50, "acciones_impulsadas_masculinidad": 90, "acciones_cambios_actitud": 80}}, {"pk": 26, "model": "encuesta.accionimpulsadaorg", "fields": {"encuesta": 5, "accion": "talleres", "acciones_emprendidas": 90, "acciones_cambios_masculinidad": 90, "acciones_impulsadas_masculinidad": 80, "acciones_cambios_actitud": 60}}, {"pk": 27, "model": "encuesta.accionimpulsadaorg", "fields": {"encuesta": 6, "accion": "reunion_autorid", "acciones_emprendidas": 200, "acciones_cambios_masculinidad": 80, "acciones_impulsadas_masculinidad": 30, "acciones_cambios_actitud": 20}}, {"pk": 1, "model": "encuesta.accionimpulsadagrupo", "fields": {"encuesta": 1, "accion": "tv", "acciones_cambio_discapa": 2, "acciones_emprendidas_discapa": 2, "acciones_emprendidas_etnia": 2, "acciones_cambio_etnia": 2, "acciones_cambio_jovenes": 2, "acciones_emprendidas_sex": 2, "acciones_cambio_sex": 2, "acciones_emprendidas_jovenes": 2}}, {"pk": 2, "model": "encuesta.accionimpulsadagrupo", "fields": {"encuesta": 1, "accion": "radio", "acciones_cambio_discapa": 2, "acciones_emprendidas_discapa": 2, "acciones_emprendidas_etnia": 2, "acciones_cambio_etnia": 2, "acciones_cambio_jovenes": 2, "acciones_emprendidas_sex": 2, "acciones_cambio_sex": 2, "acciones_emprendidas_jovenes": 2}}, {"pk": 3, "model": "encuesta.accionimpulsadagrupo", "fields": {"encuesta": 1, "accion": "periodico", "acciones_cambio_discapa": 3, "acciones_emprendidas_discapa": 3, "acciones_emprendidas_etnia": 3, "acciones_cambio_etnia": 3, "acciones_cambio_jovenes": 3, "acciones_emprendidas_sex": 3, "acciones_cambio_sex": 3, "acciones_emprendidas_jovenes": 3}}, {"pk": 4, "model": "encuesta.accionimpulsadagrupo", "fields": {"encuesta": 1, "accion": "talleres", "acciones_cambio_discapa": 4, "acciones_emprendidas_discapa": 4, "acciones_emprendidas_etnia": 4, "acciones_cambio_etnia": 4, "acciones_cambio_jovenes": 4, "acciones_emprendidas_sex": 4, "acciones_cambio_sex": 4, "acciones_emprendidas_jovenes": 4}}, {"pk": 5, "model": "encuesta.accionimpulsadagrupo", "fields": {"encuesta": 1, "accion": "foros", "acciones_cambio_discapa": 1, "acciones_emprendidas_discapa": 1, "acciones_emprendidas_etnia": 1, "acciones_cambio_etnia": 1, "acciones_cambio_jovenes": 1, "acciones_emprendidas_sex": 1, "acciones_cambio_sex": 1, "acciones_emprendidas_jovenes": 1}}, {"pk": 6, "model": "encuesta.accionimpulsadagrupo", "fields": {"encuesta": 1, "accion": "intercambio_xp", "acciones_cambio_discapa": 2, "acciones_emprendidas_discapa": 2, "acciones_emprendidas_etnia": 2, "acciones_cambio_etnia": 2, "acciones_cambio_jovenes": 2, "acciones_emprendidas_sex": 2, "acciones_cambio_sex": 2, "acciones_emprendidas_jovenes": 2}}, {"pk": 7, "model": "encuesta.accionimpulsadagrupo", "fields": {"encuesta": 1, "accion": "visitas", "acciones_cambio_discapa": 1, "acciones_emprendidas_discapa": 1, "acciones_emprendidas_etnia": 1, "acciones_cambio_etnia": 1, "acciones_cambio_jovenes": 1, "acciones_emprendidas_sex": 1, "acciones_cambio_sex": 1, "acciones_emprendidas_jovenes": 1}}, {"pk": 8, "model": "encuesta.accionimpulsadagrupo", "fields": {"encuesta": 1, "accion": "teatros_actos", "acciones_cambio_discapa": 3, "acciones_emprendidas_discapa": 3, "acciones_emprendidas_etnia": 3, "acciones_cambio_etnia": 3, "acciones_cambio_jovenes": 3, "acciones_emprendidas_sex": 3, "acciones_cambio_sex": 3, "acciones_emprendidas_jovenes": 3}}, {"pk": 9, "model": "encuesta.accionimpulsadagrupo", "fields": {"encuesta": 1, "accion": "circulo_estudio", "acciones_cambio_discapa": 2, "acciones_emprendidas_discapa": 2, "acciones_emprendidas_etnia": 2, "acciones_cambio_etnia": 2, "acciones_cambio_jovenes": 2, "acciones_emprendidas_sex": 2, "acciones_cambio_sex": 2, "acciones_emprendidas_jovenes": 2}}, {"pk": 10, "model": "encuesta.accionimpulsadagrupo", "fields": {"encuesta": 1, "accion": "reunion_comu", "acciones_cambio_discapa": 1, "acciones_emprendidas_discapa": 1, "acciones_emprendidas_etnia": 1, "acciones_cambio_etnia": 1, "acciones_cambio_jovenes": 1, "acciones_emprendidas_sex": 1, "acciones_cambio_sex": 1, "acciones_emprendidas_jovenes": 1}}, {"pk": 11, "model": "encuesta.accionimpulsadagrupo", "fields": {"encuesta": 1, "accion": "material_educativo", "acciones_cambio_discapa": 2, "acciones_emprendidas_discapa": 2, "acciones_emprendidas_etnia": 2, "acciones_cambio_etnia": 2, "acciones_cambio_jovenes": 2, "acciones_emprendidas_sex": 2, "acciones_cambio_sex": 2, "acciones_emprendidas_jovenes": 2}}, {"pk": 12, "model": "encuesta.accionimpulsadagrupo", "fields": {"encuesta": 1, "accion": "reunion_autorid", "acciones_cambio_discapa": 3, "acciones_emprendidas_discapa": 3, "acciones_emprendidas_etnia": 3, "acciones_cambio_etnia": 3, "acciones_cambio_jovenes": 3, "acciones_emprendidas_sex": 3, "acciones_cambio_sex": 3, "acciones_emprendidas_jovenes": 3}}, {"pk": 13, "model": "encuesta.accionimpulsadagrupo", "fields": {"encuesta": 1, "accion": "consejeria", "acciones_cambio_discapa": 4, "acciones_emprendidas_discapa": 4, "acciones_emprendidas_etnia": 4, "acciones_cambio_etnia": 4, "acciones_cambio_jovenes": 4, "acciones_emprendidas_sex": 4, "acciones_cambio_sex": 4, "acciones_emprendidas_jovenes": 4}}, {"pk": 14, "model": "encuesta.accionimpulsadagrupo", "fields": {"encuesta": 2, "accion": "radio", "acciones_cambio_discapa": 1, "acciones_emprendidas_discapa": 1, "acciones_emprendidas_etnia": 1, "acciones_cambio_etnia": 1, "acciones_cambio_jovenes": 1, "acciones_emprendidas_sex": 1, "acciones_cambio_sex": 1, "acciones_emprendidas_jovenes": 1}}, {"pk": 15, "model": "encuesta.accionimpulsadagrupo", "fields": {"encuesta": 3, "accion": "foros", "acciones_cambio_discapa": 90, "acciones_emprendidas_discapa": 40, "acciones_emprendidas_etnia": 10, "acciones_cambio_etnia": 100, "acciones_cambio_jovenes": 200, "acciones_emprendidas_sex": 20, "acciones_cambio_sex": 60, "acciones_emprendidas_jovenes": 105}}, {"pk": 16, "model": "encuesta.accionimpulsadagrupo", "fields": {"encuesta": 3, "accion": "circulo_estudio", "acciones_cambio_discapa": 100, "acciones_emprendidas_discapa": 210, "acciones_emprendidas_etnia": 50, "acciones_cambio_etnia": 35, "acciones_cambio_jovenes": 30, "acciones_emprendidas_sex": 25, "acciones_cambio_sex": 30, "acciones_emprendidas_jovenes": 25}}, {"pk": 17, "model": "encuesta.accionimpulsadagrupo", "fields": {"encuesta": 4, "accion": "foros", "acciones_cambio_discapa": 60, "acciones_emprendidas_discapa": 60, "acciones_emprendidas_etnia": 100, "acciones_cambio_etnia": 20, "acciones_cambio_jovenes": 90, "acciones_emprendidas_sex": 40, "acciones_cambio_sex": 39, "acciones_emprendidas_jovenes": 60}}, {"pk": 18, "model": "encuesta.accionimpulsadagrupo", "fields": {"encuesta": 4, "accion": "circulo_estudio", "acciones_cambio_discapa": 70, "acciones_emprendidas_discapa": 260, "acciones_emprendidas_etnia": 10, "acciones_cambio_etnia": 200, "acciones_cambio_jovenes": 100, "acciones_emprendidas_sex": 90, "acciones_cambio_sex": 80, "acciones_emprendidas_jovenes": 360}}, {"pk": 19, "model": "encuesta.accionimpulsadagrupo", "fields": {"encuesta": 5, "accion": "intercambio_xp", "acciones_cambio_discapa": 25, "acciones_emprendidas_discapa": 30, "acciones_emprendidas_etnia": 80, "acciones_cambio_etnia": 70, "acciones_cambio_jovenes": 60, "acciones_emprendidas_sex": 120, "acciones_cambio_sex": 90, "acciones_emprendidas_jovenes": 120}}, {"pk": 20, "model": "encuesta.accionimpulsadagrupo", "fields": {"encuesta": 5, "accion": "material_educativo", "acciones_cambio_discapa": 15, "acciones_emprendidas_discapa": 8, "acciones_emprendidas_etnia": 63, "acciones_cambio_etnia": 70, "acciones_cambio_jovenes": 39, "acciones_emprendidas_sex": 120, "acciones_cambio_sex": 60, "acciones_emprendidas_jovenes": 20}}, {"pk": 21, "model": "encuesta.accionimpulsadagrupo", "fields": {"encuesta": 6, "accion": "teatros_actos", "acciones_cambio_discapa": 90, "acciones_emprendidas_discapa": 78, "acciones_emprendidas_etnia": 60, "acciones_cambio_etnia": 30, "acciones_cambio_jovenes": 60, "acciones_emprendidas_sex": 20, "acciones_cambio_sex": 36, "acciones_emprendidas_jovenes": 50}}, {"pk": 1, "model": "encuesta.atencionvictima", "fields": {"servicio_legal": 1, "encuesta": 1, "servicio_salud": 1, "accion": "casos_atendidos", "servicio_psicologia": 1}}, {"pk": 2, "model": "encuesta.atencionvictima", "fields": {"servicio_legal": 1, "encuesta": 1, "servicio_salud": 1, "accion": "casos_resueltos", "servicio_psicologia": 1}}, {"pk": 3, "model": "encuesta.atencionvictima", "fields": {"servicio_legal": 1, "encuesta": 2, "servicio_salud": 1, "accion": "casos_atendidos", "servicio_psicologia": 1}}, {"pk": 4, "model": "encuesta.atencionvictima", "fields": {"servicio_legal": 200, "encuesta": 3, "servicio_salud": 10, "accion": "casos_resueltos", "servicio_psicologia": 25}}, {"pk": 5, "model": "encuesta.atencionvictima", "fields": {"servicio_legal": 39, "encuesta": 4, "servicio_salud": 30, "accion": "casos_resueltos", "servicio_psicologia": 120}}, {"pk": 6, "model": "encuesta.atencionvictima", "fields": {"servicio_legal": 80, "encuesta": 4, "servicio_salud": 20, "accion": "casos_atendidos", "servicio_psicologia": 36}}, {"pk": 7, "model": "encuesta.atencionvictima", "fields": {"servicio_legal": 50, "encuesta": 5, "servicio_salud": 202, "accion": "casos_resueltos", "servicio_psicologia": 30}}, {"pk": 8, "model": "encuesta.atencionvictima", "fields": {"servicio_legal": 30, "encuesta": 6, "servicio_salud": 120, "accion": "casos_atendidos", "servicio_psicologia": 50}}, {"pk": 1, "model": "encuesta.denunciaviolencia", "fields": {"comisariato": 5, "fiscalia": 5, "accion": "denuncias_interpuestas", "encuesta": 1}}, {"pk": 2, "model": "encuesta.denunciaviolencia", "fields": {"comisariato": 2, "fiscalia": 2, "accion": "denuncias_recibidas", "encuesta": 1}}, {"pk": 3, "model": "encuesta.denunciaviolencia", "fields": {"comisariato": 1, "fiscalia": 1, "accion": "denuncias_sancion", "encuesta": 1}}, {"pk": 4, "model": "encuesta.denunciaviolencia", "fields": {"comisariato": 1, "fiscalia": 1, "accion": "denuncias_recibidas", "encuesta": 2}}, {"pk": 5, "model": "encuesta.denunciaviolencia", "fields": {"comisariato": 500, "fiscalia": 200, "accion": "denuncias_recibidas", "encuesta": 3}}, {"pk": 6, "model": "encuesta.denunciaviolencia", "fields": {"comisariato": 300, "fiscalia": 100, "accion": "denuncias_interpuestas", "encuesta": 3}}, {"pk": 7, "model": "encuesta.denunciaviolencia", "fields": {"comisariato": 120, "fiscalia": 102, "accion": "denuncias_sancion", "encuesta": 3}}, {"pk": 8, "model": "encuesta.denunciaviolencia", "fields": {"comisariato": 150, "fiscalia": 233, "accion": "denuncias_interpuestas", "encuesta": 4}}, {"pk": 9, "model": "encuesta.denunciaviolencia", "fields": {"comisariato": 90, "fiscalia": 20, "accion": "denuncias_recibidas", "encuesta": 4}}, {"pk": 10, "model": "encuesta.denunciaviolencia", "fields": {"comisariato": 120, "fiscalia": 660, "accion": "denuncias_sancion", "encuesta": 4}}, {"pk": 11, "model": "encuesta.denunciaviolencia", "fields": {"comisariato": 120, "fiscalia": 30, "accion": "denuncias_recibidas", "encuesta": 5}}, {"pk": 12, "model": "encuesta.denunciaviolencia", "fields": {"comisariato": 200, "fiscalia": 100, "accion": "denuncias_recibidas", "encuesta": 6}}, {"pk": 1, "model": "encuesta.atencionvictimaalbergue", "fields": {"encuesta": 1, "jovenes": 2, "ninos_ninas": 2, "accion": "vitimas_atendidas", "mujeres": 2}}, {"pk": 2, "model": "encuesta.atencionvictimaalbergue", "fields": {"encuesta": 1, "jovenes": 1, "ninos_ninas": 1, "accion": "casos_logrados", "mujeres": 1}}, {"pk": 3, "model": "encuesta.atencionvictimaalbergue", "fields": {"encuesta": 2, "jovenes": 1, "ninos_ninas": 1, "accion": "vitimas_atendidas", "mujeres": 1}}, {"pk": 4, "model": "encuesta.atencionvictimaalbergue", "fields": {"encuesta": 3, "jovenes": 400, "ninos_ninas": 50, "accion": "vitimas_atendidas", "mujeres": 200}}, {"pk": 5, "model": "encuesta.atencionvictimaalbergue", "fields": {"encuesta": 3, "jovenes": 50, "ninos_ninas": 20, "accion": "casos_logrados", "mujeres": 100}}, {"pk": 6, "model": "encuesta.atencionvictimaalbergue", "fields": {"encuesta": 4, "jovenes": 60, "ninos_ninas": 80, "accion": "vitimas_atendidas", "mujeres": 100}}, {"pk": 7, "model": "encuesta.atencionvictimaalbergue", "fields": {"encuesta": 4, "jovenes": 50, "ninos_ninas": 20, "accion": "casos_logrados", "mujeres": 20}}, {"pk": 8, "model": "encuesta.atencionvictimaalbergue", "fields": {"encuesta": 5, "jovenes": 80, "ninos_ninas": 90, "accion": "casos_logrados", "mujeres": 160}}, {"pk": 9, "model": "encuesta.atencionvictimaalbergue", "fields": {"encuesta": 6, "jovenes": 200, "ninos_ninas": 150, "accion": "vitimas_atendidas", "mujeres": 220}}, {"pk": 1, "model": "encuesta.referenciacontraref", "fields": {"encuesta": 1, "jovenes": 2, "ninos_ninas": 2, "accion": "referencia_realiza", "mujeres": 2}}, {"pk": 2, "model": "encuesta.referenciacontraref", "fields": {"encuesta": 1, "jovenes": 1, "ninos_ninas": 1, "accion": "contra_ref_atendidas", "mujeres": 1}}, {"pk": 3, "model": "encuesta.referenciacontraref", "fields": {"encuesta": 2, "jovenes": 1, "ninos_ninas": 1, "accion": "referencia_realiza", "mujeres": 1}}, {"pk": 4, "model": "encuesta.referenciacontraref", "fields": {"encuesta": 3, "jovenes": 10, "ninos_ninas": 100, "accion": "referencia_realiza", "mujeres": 60}}, {"pk": 5, "model": "encuesta.referenciacontraref", "fields": {"encuesta": 3, "jovenes": 40, "ninos_ninas": 80, "accion": "referencia_realiza", "mujeres": 200}}, {"pk": 6, "model": "encuesta.referenciacontraref", "fields": {"encuesta": 4, "jovenes": 50, "ninos_ninas": 96, "accion": "referencia_realiza", "mujeres": 20}}, {"pk": 7, "model": "encuesta.referenciacontraref", "fields": {"encuesta": 4, "jovenes": 60, "ninos_ninas": 20, "accion": "contra_ref_atendidas", "mujeres": 50}}, {"pk": 8, "model": "encuesta.referenciacontraref", "fields": {"encuesta": 5, "jovenes": 80, "ninos_ninas": 45, "accion": "contra_ref_atendidas", "mujeres": 100}}, {"pk": 9, "model": "encuesta.referenciacontraref", "fields": {"encuesta": 6, "jovenes": 20, "ninos_ninas": 10, "accion": "referencia_realiza", "mujeres": 20}}, {"pk": 1, "model": "encuesta.accionpromuevenintercambio", "fields": {"acciones_efectivas": 1, "acciones_org_part": 1, "accion": "talleres", "participantes": 1, "encuesta": 1}}, {"pk": 2, "model": "encuesta.accionpromuevenintercambio", "fields": {"acciones_efectivas": 2, "acciones_org_part": 2, "accion": "foros", "participantes": 2, "encuesta": 1}}, {"pk": 3, "model": "encuesta.accionpromuevenintercambio", "fields": {"acciones_efectivas": 3, "acciones_org_part": 3, "accion": "intercambio_xp", "participantes": 3, "encuesta": 1}}, {"pk": 4, "model": "encuesta.accionpromuevenintercambio", "fields": {"acciones_efectivas": 1, "acciones_org_part": 1, "accion": "asesoria", "participantes": 1, "encuesta": 1}}, {"pk": 5, "model": "encuesta.accionpromuevenintercambio", "fields": {"acciones_efectivas": 3, "acciones_org_part": 3, "accion": "estudios", "participantes": 3, "encuesta": 1}}, {"pk": 6, "model": "encuesta.accionpromuevenintercambio", "fields": {"acciones_efectivas": 1, "acciones_org_part": 1, "accion": "visitas", "participantes": 1, "encuesta": 1}}, {"pk": 7, "model": "encuesta.accionpromuevenintercambio", "fields": {"acciones_efectivas": 1, "acciones_org_part": 1, "accion": "talleres", "participantes": 1, "encuesta": 2}}, {"pk": 8, "model": "encuesta.accionpromuevenintercambio", "fields": {"acciones_efectivas": 50, "acciones_org_part": 10, "accion": "talleres", "participantes": 90, "encuesta": 3}}, {"pk": 9, "model": "encuesta.accionpromuevenintercambio", "fields": {"acciones_efectivas": 40, "acciones_org_part": 25, "accion": "foros", "participantes": 30, "encuesta": 3}}, {"pk": 10, "model": "encuesta.accionpromuevenintercambio", "fields": {"acciones_efectivas": 60, "acciones_org_part": 40, "accion": "intercambio_xp", "participantes": 36, "encuesta": 3}}, {"pk": 11, "model": "encuesta.accionpromuevenintercambio", "fields": {"acciones_efectivas": 98, "acciones_org_part": 90, "accion": "estudios", "participantes": 120, "encuesta": 4}}, {"pk": 12, "model": "encuesta.accionpromuevenintercambio", "fields": {"acciones_efectivas": 50, "acciones_org_part": 60, "accion": "intercambio_xp", "participantes": 89, "encuesta": 4}}, {"pk": 13, "model": "encuesta.accionpromuevenintercambio", "fields": {"acciones_efectivas": 39, "acciones_org_part": 90, "accion": "foros", "participantes": 60, "encuesta": 5}}, {"pk": 14, "model": "encuesta.accionpromuevenintercambio", "fields": {"acciones_efectivas": 70, "acciones_org_part": 80, "accion": "visitas", "participantes": 90, "encuesta": 5}}, {"pk": 15, "model": "encuesta.accionpromuevenintercambio", "fields": {"acciones_efectivas": 90, "acciones_org_part": 50, "accion": "visitas", "participantes": 80, "encuesta": 6}}, {"pk": 1, "model": "encuesta.accionfortalececapacidad", "fields": {"encuesta": 1, "acciones_efectivas": 2, "accion": "talleres", "participantes": 2, "acciones": 2}}, {"pk": 2, "model": "encuesta.accionfortalececapacidad", "fields": {"encuesta": 1, "acciones_efectivas": 1, "accion": "foros", "participantes": 1, "acciones": 1}}, {"pk": 3, "model": "encuesta.accionfortalececapacidad", "fields": {"encuesta": 1, "acciones_efectivas": 3, "accion": "intercambio_xp", "participantes": 3, "acciones": 3}}, {"pk": 4, "model": "encuesta.accionfortalececapacidad", "fields": {"encuesta": 1, "acciones_efectivas": 1, "accion": "asesoria", "participantes": 1, "acciones": 1}}, {"pk": 5, "model": "encuesta.accionfortalececapacidad", "fields": {"encuesta": 1, "acciones_efectivas": 2, "accion": "estudios", "participantes": 2, "acciones": 2}}, {"pk": 6, "model": "encuesta.accionfortalececapacidad", "fields": {"encuesta": 1, "acciones_efectivas": 1, "accion": "visitas", "participantes": 1, "acciones": 1}}, {"pk": 7, "model": "encuesta.accionfortalececapacidad", "fields": {"encuesta": 2, "acciones_efectivas": 1, "accion": "talleres", "participantes": 1, "acciones": 1}}, {"pk": 8, "model": "encuesta.accionfortalececapacidad", "fields": {"encuesta": 3, "acciones_efectivas": 45, "accion": "asesoria", "participantes": 30, "acciones": 25}}, {"pk": 9, "model": "encuesta.accionfortalececapacidad", "fields": {"encuesta": 3, "acciones_efectivas": 70, "accion": "estudios", "participantes": 50, "acciones": 60}}, {"pk": 10, "model": "encuesta.accionfortalececapacidad", "fields": {"encuesta": 4, "acciones_efectivas": 40, "accion": "talleres", "participantes": 36, "acciones": 120}}, {"pk": 11, "model": "encuesta.accionfortalececapacidad", "fields": {"encuesta": 4, "acciones_efectivas": 56, "accion": "visitas", "participantes": 92, "acciones": 190}}, {"pk": 12, "model": "encuesta.accionfortalececapacidad", "fields": {"encuesta": 5, "acciones_efectivas": 80, "accion": "intercambio_xp", "participantes": 300, "acciones": 120}}, {"pk": 13, "model": "encuesta.accionfortalececapacidad", "fields": {"encuesta": 5, "acciones_efectivas": 90, "accion": "visitas", "participantes": 40, "acciones": 70}}, {"pk": 14, "model": "encuesta.accionfortalececapacidad", "fields": {"encuesta": 6, "acciones_efectivas": 120, "accion": "intercambio_xp", "participantes": 90, "acciones": 20}}, {"pk": 1, "model": "encuesta.estadocapacidadadmitiva", "fields": {"encuesta": 1, "plan": "hay_pero", "organizaciones": "logrado", "sistema": "si_hay"}}, {"pk": 2, "model": "encuesta.estadocapacidadadmitiva", "fields": {"encuesta": 2, "plan": "si_hay", "organizaciones": "ninguna", "sistema": "si_hay"}}, {"pk": 3, "model": "encuesta.estadocapacidadadmitiva", "fields": {"encuesta": 3, "plan": "si_hay", "organizaciones": "ninguna", "sistema": "si_hay"}}, {"pk": 4, "model": "encuesta.estadocapacidadadmitiva", "fields": {"encuesta": 4, "plan": "hay_pero", "organizaciones": "proceso", "sistema": "hay_pero"}}, {"pk": 5, "model": "encuesta.estadocapacidadadmitiva", "fields": {"encuesta": 5, "plan": "si_hay", "organizaciones": "logrado", "sistema": "no_hay"}}, {"pk": 6, "model": "encuesta.estadocapacidadadmitiva", "fields": {"encuesta": 6, "plan": "si_hay", "organizaciones": "ninguna", "sistema": "no_hay"}}, {"pk": 1, "model": "encuesta.accionfortalececapadmitiva", "fields": {"mejorar_plan": 2, "mejorar_apoyo": 2, "mejorar_sistema": 2, "accion": "talleres", "encuesta": 1}}, {"pk": 2, "model": "encuesta.accionfortalececapadmitiva", "fields": {"mejorar_plan": 1, "mejorar_apoyo": 1, "mejorar_sistema": 1, "accion": "intercambio_xp", "encuesta": 1}}, {"pk": 3, "model": "encuesta.accionfortalececapadmitiva", "fields": {"mejorar_plan": 2, "mejorar_apoyo": 2, "mejorar_sistema": 2, "accion": "asesoria", "encuesta": 1}}, {"pk": 4, "model": "encuesta.accionfortalececapadmitiva", "fields": {"mejorar_plan": 3, "mejorar_apoyo": 3, "mejorar_sistema": 3, "accion": "pasantia", "encuesta": 1}}, {"pk": 5, "model": "encuesta.accionfortalececapadmitiva", "fields": {"mejorar_plan": 1, "mejorar_apoyo": 1, "mejorar_sistema": 1, "accion": "visitas", "encuesta": 1}}, {"pk": 6, "model": "encuesta.accionfortalececapadmitiva", "fields": {"mejorar_plan": 1, "mejorar_apoyo": 1, "mejorar_sistema": 1, "accion": "talleres", "encuesta": 2}}, {"pk": 7, "model": "encuesta.accionfortalececapadmitiva", "fields": {"mejorar_plan": 100, "mejorar_apoyo": 50, "mejorar_sistema": 30, "accion": "intercambio_xp", "encuesta": 3}}, {"pk": 8, "model": "encuesta.accionfortalececapadmitiva", "fields": {"mejorar_plan": 60, "mejorar_apoyo": 50, "mejorar_sistema": 100, "accion": "asesoria", "encuesta": 4}}, {"pk": 9, "model": "encuesta.accionfortalececapadmitiva", "fields": {"mejorar_plan": 50, "mejorar_apoyo": 80, "mejorar_sistema": 12, "accion": "visitas", "encuesta": 5}}, {"pk": 10, "model": "encuesta.accionfortalececapadmitiva", "fields": {"mejorar_plan": 50, "mejorar_apoyo": 90, "mejorar_sistema": 20, "accion": "talleres", "encuesta": 6}}, {"pk": 5, "model": "lugar.departamento", "fields": {"nombre": "Nueva Segovia", "slug": "Nueva-segovia", "extension": "3491.28"}}, {"pk": 10, "model": "lugar.departamento", "fields": {"nombre": "Jinotega", "slug": "jinotega", "extension": "9222.4"}}, {"pk": 20, "model": "lugar.departamento", "fields": {"nombre": "Madriz", "slug": "madriz", "extension": "1708.23"}}, {"pk": 25, "model": "lugar.departamento", "fields": {"nombre": "Estel\u00ed", "slug": "esteli", "extension": "2229.69"}}, {"pk": 30, "model": "lugar.departamento", "fields": {"nombre": "Chinandega", "slug": "chinandega", "extension": "4822.46"}}, {"pk": 35, "model": "lugar.departamento", "fields": {"nombre": "Le\u00f3n", "slug": "leon", "extension": "5138.03"}}, {"pk": 40, "model": "lugar.departamento", "fields": {"nombre": "Matagalpa", "slug": "matagalpa", "extension": "6803.86"}}, {"pk": 50, "model": "lugar.departamento", "fields": {"nombre": "Boaco", "slug": "boaco", "extension": "4176.68"}}, {"pk": 55, "model": "lugar.departamento", "fields": {"nombre": "Managua", "slug": "managua", "extension": "3465.1"}}, {"pk": 60, "model": "lugar.departamento", "fields": {"nombre": "Masaya", "slug": "masaya", "extension": "610.78"}}, {"pk": 65, "model": "lugar.departamento", "fields": {"nombre": "Chontales", "slug": "chontales", "extension": "6481.27"}}, {"pk": 70, "model": "lugar.departamento", "fields": {"nombre": "Granada", "slug": "granada", "extension": "1039.68"}}, {"pk": 75, "model": "lugar.departamento", "fields": {"nombre": "Carazo", "slug": "carazo", "extension": "1081.4"}}, {"pk": 80, "model": "lugar.departamento", "fields": {"nombre": "Rivas", "slug": "rivas", "extension": "2161.82"}}, {"pk": 85, "model": "lugar.departamento", "fields": {"nombre": "R\u00ed\u00ado San Juan", "slug": "Rio-san-juan", "extension": "7540.9"}}, {"pk": 91, "model": "lugar.departamento", "fields": {"nombre": "RAAN", "slug": "RAAN", "extension": "32819.68"}}, {"pk": 93, "model": "lugar.departamento", "fields": {"nombre": "RAAS", "slug": "RAAS", "extension": "27546.32"}}, {"pk": 99, "model": "lugar.departamento", "fields": {"nombre": "Cobertura Nacional", "slug": "cobertura-nacional", "extension": "333333"}}, {"pk": 5005, "model": "lugar.municipio", "fields": {"latitud": "12.59748", "extension": "0", "departamento": 50, "nombre": "San Jos\u00e9 de los Remates", "slug": "San-jose-de-los-remates", "longitud": "-85.76253"}}, {"pk": 5010, "model": "lugar.municipio", "fields": {"latitud": "12.4716", "extension": "0", "departamento": 50, "nombre": "Boaco", "slug": "boaco", "longitud": "-85.65952"}}, {"pk": 5015, "model": "lugar.municipio", "fields": {"latitud": "12.38377", "extension": "0", "departamento": 50, "nombre": "Camoapa", "slug": "camoapa", "longitud": "-85.51465"}}, {"pk": 5020, "model": "lugar.municipio", "fields": {"latitud": "12.53226", "extension": "0", "departamento": 50, "nombre": "Santa Luc\u00eda", "slug": "Santa-lucia", "longitud": "-85.71156"}}, {"pk": 5025, "model": "lugar.municipio", "fields": {"latitud": "12.41979", "extension": "0", "departamento": 50, "nombre": "Teustepe", "slug": "teustepe", "longitud": "-85.79922"}}, {"pk": 5030, "model": "lugar.municipio", "fields": {"latitud": "12.37789", "extension": "0", "departamento": 50, "nombre": "San  Lorenzo", "slug": "San-lorenzo", "longitud": "-85.66718"}}, {"pk": 7505, "model": "lugar.municipio", "fields": {"latitud": "11.90651", "extension": "0", "departamento": 75, "nombre": "San Marcos", "slug": "San-marcos", "longitud": "-86.20314"}}, {"pk": 7510, "model": "lugar.municipio", "fields": {"latitud": "11.84831", "extension": "0", "departamento": 75, "nombre": "Jinotepe", "slug": "jinotepe", "longitud": "-86.19846"}}, {"pk": 7515, "model": "lugar.municipio", "fields": {"latitud": "11.85565", "extension": "0", "departamento": 75, "nombre": "Dolores", "slug": "dolores", "longitud": "-86.21535"}}, {"pk": 7520, "model": "lugar.municipio", "fields": {"latitud": "11.85572", "extension": "0", "departamento": 75, "nombre": "Diriamba", "slug": "diriamba", "longitud": "-86.24074"}}, {"pk": 7525, "model": "lugar.municipio", "fields": {"latitud": "11.83224", "extension": "0", "departamento": 75, "nombre": "El Rosario", "slug": "El-rosario", "longitud": "-86.16484"}}, {"pk": 7530, "model": "lugar.municipio", "fields": {"latitud": "11.82206", "extension": "0", "departamento": 75, "nombre": "La Paz de Carazo", "slug": "La-paz-de-carazo", "longitud": "-86.1275"}}, {"pk": 7535, "model": "lugar.municipio", "fields": {"latitud": "11.80272", "extension": "0", "departamento": 75, "nombre": "Santa Teresa", "slug": "Santa-tereza", "longitud": "-86.16281"}}, {"pk": 7540, "model": "lugar.municipio", "fields": {"latitud": "11.73336", "extension": "0", "departamento": 75, "nombre": "La Conquista", "slug": "La-conquista", "longitud": "-86.19297"}}, {"pk": 3005, "model": "lugar.municipio", "fields": {"latitud": "13.27596", "extension": "0", "departamento": 30, "nombre": "San Pedro del Norte", "slug": "San-pedro-del-norte", "longitud": "-86.87777"}}, {"pk": 3010, "model": "lugar.municipio", "fields": {"latitud": "13.20016", "extension": "0", "departamento": 30, "nombre": "San Francisco del Norte", "slug": "San-francisco-del-norte", "longitud": "-86.77192"}}, {"pk": 3015, "model": "lugar.municipio", "fields": {"latitud": "13.23036", "extension": "0", "departamento": 30, "nombre": "Cinco Pinos", "slug": "Cinco-pinos", "longitud": "-86.86719"}}, {"pk": 3020, "model": "lugar.municipio", "fields": {"latitud": "13.18701", "extension": "0", "departamento": 30, "nombre": "Santo Tom\u00e1s del Norte", "slug": "Santo-tomas-del-norte", "longitud": "-86.92352"}}, {"pk": 3025, "model": "lugar.municipio", "fields": {"latitud": "12.66228", "extension": "0", "departamento": 30, "nombre": "El Viejo", "slug": "El-viejo", "longitud": "-87.16541"}}, {"pk": 3030, "model": "lugar.municipio", "fields": {"latitud": "12.76721", "extension": "0", "departamento": 30, "nombre": "Pto. Moraz\u00e1n", "slug": "Puerto-morazan", "longitud": "-87.13388"}}, {"pk": 3035, "model": "lugar.municipio", "fields": {"latitud": "13.04495", "extension": "0", "departamento": 30, "nombre": "Somotillo", "slug": "somotillo", "longitud": "-86.90499"}}, {"pk": 3040, "model": "lugar.municipio", "fields": {"latitud": "12.96391", "extension": "0", "departamento": 30, "nombre": "Villanueva", "slug": "villanueva", "longitud": "-86.81468"}}, {"pk": 3045, "model": "lugar.municipio", "fields": {"latitud": "12.62872", "extension": "0", "departamento": 30, "nombre": "Chinandega", "slug": "chinandega", "longitud": "-87.13149"}}, {"pk": 3050, "model": "lugar.municipio", "fields": {"latitud": "12.54551", "extension": "0", "departamento": 30, "nombre": "El Realejo", "slug": "El-realejo", "longitud": "-87.16736"}}, {"pk": 3055, "model": "lugar.municipio", "fields": {"latitud": "12.48461", "extension": "0", "departamento": 30, "nombre": "Corinto", "slug": "corinto", "longitud": "-87.17122"}}, {"pk": 3060, "model": "lugar.municipio", "fields": {"latitud": "12.57224", "extension": "0", "departamento": 30, "nombre": "Chichigalpa", "slug": "chichigalpa", "longitud": "-87.02849"}}, {"pk": 3065, "model": "lugar.municipio", "fields": {"latitud": "12.5441", "extension": "0", "departamento": 30, "nombre": "Posoltega", "slug": "posotelga", "longitud": "-86.9801"}}, {"pk": 6505, "model": "lugar.municipio", "fields": {"latitud": "12.2834", "extension": "0", "departamento": 65, "nombre": "Comalapa", "slug": "comalapa", "longitud": "-85.51142"}}, {"pk": 6507, "model": "lugar.municipio", "fields": {"latitud": "12.26671", "extension": "0", "departamento": 65, "nombre": "San Francisco Cuapa", "slug": "San-francisco-cuapa", "longitud": "-85.38308"}}, {"pk": 6510, "model": "lugar.municipio", "fields": {"latitud": "12.1058", "extension": "0", "departamento": 65, "nombre": "Juigalpa", "slug": "juigalpa", "longitud": "-85.36842"}}, {"pk": 6515, "model": "lugar.municipio", "fields": {"latitud": "12.21539", "extension": "0", "departamento": 65, "nombre": "La Libertad", "slug": "La-libertad", "longitud": "-85.16549"}}, {"pk": 6520, "model": "lugar.municipio", "fields": {"latitud": "12.26301", "extension": "0", "departamento": 65, "nombre": "Santo Domingo", "slug": "Santo-domingo", "longitud": "-85.08232"}}, {"pk": 6525, "model": "lugar.municipio", "fields": {"latitud": "12.06902", "extension": "0", "departamento": 65, "nombre": "Santo Tom\u00e1s", "slug": "Santo-tomas", "longitud": "-85.0934"}}, {"pk": 6530, "model": "lugar.municipio", "fields": {"latitud": "12.12852", "extension": "0", "departamento": 65, "nombre": "San Pedro de L\u00f3vago", "slug": "San-pedro-de-lovago", "longitud": "-85.11572"}}, {"pk": 6535, "model": "lugar.municipio", "fields": {"latitud": "11.96764", "extension": "0", "departamento": 65, "nombre": "Acoyapa", "slug": "acoyapa", "longitud": "-85.17044"}}, {"pk": 6540, "model": "lugar.municipio", "fields": {"latitud": "12.04779", "extension": "0", "departamento": 65, "nombre": "Villa Sandino", "slug": "Villa-sandino", "longitud": "-84.99334"}}, {"pk": 6545, "model": "lugar.municipio", "fields": {"latitud": "11.91576", "extension": "0", "departamento": 65, "nombre": "El Coral", "slug": "El-coral", "longitud": "-84.65041"}}, {"pk": 2505, "model": "lugar.municipio", "fields": {"latitud": "13.37937", "extension": "0", "departamento": 25, "nombre": "Pueblo Nuevo", "slug": "Pueblo-nuevo", "longitud": "-86.48077"}}, {"pk": 2510, "model": "lugar.municipio", "fields": {"latitud": "13.36213", "extension": "0", "departamento": 25, "nombre": "Condega", "slug": "condega", "longitud": "-86.39789"}}, {"pk": 2515, "model": "lugar.municipio", "fields": {"latitud": "13.08948", "extension": "0", "departamento": 25, "nombre": "Estel\u00ed", "slug": "esteli", "longitud": "-86.35551"}}, {"pk": 2520, "model": "lugar.municipio", "fields": {"latitud": "13.17489", "extension": "0", "departamento": 25, "nombre": "San Juan de Limay", "slug": "Sanjuan-limay", "longitud": "-86.61234"}}, {"pk": 2525, "model": "lugar.municipio", "fields": {"latitud": "12.96823", "extension": "0", "departamento": 25, "nombre": "La Trinidad", "slug": "trinidad", "longitud": "-86.23604"}}, {"pk": 2530, "model": "lugar.municipio", "fields": {"latitud": "12.93312", "extension": "0", "departamento": 25, "nombre": "San Nicol\u00e1s", "slug": "San-nicolas", "longitud": "-86.347"}}, {"pk": 7005, "model": "lugar.municipio", "fields": {"latitud": "11.88416", "extension": "0", "departamento": 70, "nombre": "Diri\u00e1", "slug": "diria", "longitud": "-86.05565"}}, {"pk": 7010, "model": "lugar.municipio", "fields": {"latitud": "11.87494", "extension": "0", "departamento": 70, "nombre": "Diriomo", "slug": "diriomo", "longitud": "-86.0511"}}, {"pk": 7015, "model": "lugar.municipio", "fields": {"latitud": "11.93095", "extension": "0", "departamento": 70, "nombre": "Granada", "slug": "granada", "longitud": "-85.95696"}}, {"pk": 7020, "model": "lugar.municipio", "fields": {"latitud": "11.7563", "extension": "0", "departamento": 70, "nombre": "Nandaime", "slug": "nandaime", "longitud": "-86.05345"}}, {"pk": 1005, "model": "lugar.municipio", "fields": {"latitud": "13.6213", "extension": "0", "departamento": 10, "nombre": "Wiwil\u00ed", "slug": "Wiwili", "longitud": "-85.81864"}}, {"pk": 1010, "model": "lugar.municipio", "fields": {"latitud": "13.36764", "extension": "0", "departamento": 10, "nombre": "El C\u00faa", "slug": "El-cua", "longitud": "-85.6733"}}, {"pk": 1012, "model": "lugar.municipio", "fields": {"latitud": "13.61976", "extension": "0", "departamento": 10, "nombre": "San Jos\u00e9 Bocay", "slug": "San-jose-bocay", "longitud": "-85.5008"}}, {"pk": 1015, "model": "lugar.municipio", "fields": {"latitud": "13.36667", "extension": "0", "departamento": 10, "nombre": "Sta. Mar\u00eda de Pantasma", "slug": "Santa-maria-pantasma", "longitud": "-85.95"}}, {"pk": 1020, "model": "lugar.municipio", "fields": {"latitud": "13.21391", "extension": "0", "departamento": 10, "nombre": "San Rafael del Norte", "slug": "San-rafael-del-norte", "longitud": "-86.11043"}}, {"pk": 1025, "model": "lugar.municipio", "fields": {"latitud": "13.305", "extension": "0", "departamento": 10, "nombre": "San Sebastian de Yal\u00ed", "slug": "yali", "longitud": "-86.18636"}}, {"pk": 1030, "model": "lugar.municipio", "fields": {"latitud": "13.19535", "extension": "0", "departamento": 10, "nombre": "La Concordia", "slug": "La-concordia", "longitud": "-86.16693"}}, {"pk": 1035, "model": "lugar.municipio", "fields": {"latitud": "13.09165", "extension": "0", "departamento": 10, "nombre": "Jinotega", "slug": "jinotega", "longitud": "-86.00121"}}, {"pk": 3505, "model": "lugar.municipio", "fields": {"latitud": "13.05433", "extension": "0", "departamento": 35, "nombre": "Achuapa", "slug": "achuapa", "longitud": "-86.5907"}}, {"pk": 3510, "model": "lugar.municipio", "fields": {"latitud": "12.88694", "extension": "0", "departamento": 35, "nombre": "El Sauce", "slug": "El-sauce", "longitud": "-86.53952"}}, {"pk": 3515, "model": "lugar.municipio", "fields": {"latitud": "12.80142", "extension": "0", "departamento": 35, "nombre": "Santa Rosa del Pe\u00f1on", "slug": "Santa-rosa-del-penon", "longitud": "-86.37144"}}, {"pk": 3520, "model": "lugar.municipio", "fields": {"latitud": "12.72672", "extension": "0", "departamento": 35, "nombre": "El Jicaral", "slug": "El-jicaral", "longitud": "-86.38134"}}, {"pk": 3525, "model": "lugar.municipio", "fields": {"latitud": "12.59311", "extension": "0", "departamento": 35, "nombre": "Larreynaga", "slug": "larreynaga", "longitud": "-86.68015"}}, {"pk": 3530, "model": "lugar.municipio", "fields": {"latitud": "12.52152", "extension": "0", "departamento": 35, "nombre": "Telica", "slug": "telica", "longitud": "-86.8603"}}, {"pk": 3535, "model": "lugar.municipio", "fields": {"latitud": "12.50614", "extension": "0", "departamento": 35, "nombre": "Quezalguaque", "slug": "quezalguaque", "longitud": "-86.90366"}}, {"pk": 3540, "model": "lugar.municipio", "fields": {"latitud": "12.43481", "extension": "0", "departamento": 35, "nombre": "Le\u00f3n", "slug": "leon", "longitud": "-86.88174"}}, {"pk": 3545, "model": "lugar.municipio", "fields": {"latitud": "12.34011", "extension": "0", "departamento": 35, "nombre": "La Paz Centro", "slug": "La-paz-centro", "longitud": "-86.67625"}}, {"pk": 3550, "model": "lugar.municipio", "fields": {"latitud": "12.26531", "extension": "0", "departamento": 35, "nombre": "Nagarote", "slug": "nagarote", "longitud": "-86.56812"}}, {"pk": 2005, "model": "lugar.municipio", "fields": {"latitud": "13.48129", "extension": "0", "departamento": 20, "nombre": "Somoto", "slug": "somoto", "longitud": "-86.58337"}}, {"pk": 2010, "model": "lugar.municipio", "fields": {"latitud": "13.56336", "extension": "0", "departamento": 20, "nombre": "Totogalpa", "slug": "totogalpa", "longitud": "-86.49281"}}, {"pk": 2015, "model": "lugar.municipio", "fields": {"latitud": "13.53131", "extension": "0", "departamento": 20, "nombre": "Telpaneca", "slug": "telpaneca", "longitud": "-86.28693"}}, {"pk": 2020, "model": "lugar.municipio", "fields": {"latitud": "13.54458", "extension": "0", "departamento": 20, "nombre": "San Juan de R\u00edo Coco", "slug": "San-juan-rio-coco", "longitud": "-86.16537"}}, {"pk": 2025, "model": "lugar.municipio", "fields": {"latitud": "13.45597", "extension": "0", "departamento": 20, "nombre": "Palacaguina", "slug": "palacaguina", "longitud": "-86.4071"}}, {"pk": 2030, "model": "lugar.municipio", "fields": {"latitud": "13.48351", "extension": "0", "departamento": 20, "nombre": "Yalaguina", "slug": "yalaguina", "longitud": "-86.49344"}}, {"pk": 2035, "model": "lugar.municipio", "fields": {"latitud": "13.41358", "extension": "0", "departamento": 20, "nombre": "San Lucas", "slug": "San-lucas", "longitud": "-86.61176"}}, {"pk": 2040, "model": "lugar.municipio", "fields": {"latitud": "13.34324", "extension": "0", "departamento": 20, "nombre": "Las Sabanas", "slug": "Las-sabanas", "longitud": "-86.62194"}}, {"pk": 2045, "model": "lugar.municipio", "fields": {"latitud": "13.28847", "extension": "0", "departamento": 20, "nombre": "San Jos\u00e9 de Cusmapa", "slug": "San-jose-cusmapa", "longitud": "-86.65489"}}, {"pk": 5505, "model": "lugar.municipio", "fields": {"latitud": "12.50458", "extension": "0", "departamento": 55, "nombre": "San Francisco Libre", "slug": "San-francisco-libre", "longitud": "-86.30105"}}, {"pk": 5510, "model": "lugar.municipio", "fields": {"latitud": "12.19662", "extension": "0", "departamento": 55, "nombre": "Tipitapa", "slug": "tipitapa", "longitud": "-86.09682"}}, {"pk": 5515, "model": "lugar.municipio", "fields": {"latitud": "12.23536", "extension": "0", "departamento": 55, "nombre": "Mateare", "slug": "mateare", "longitud": "-86.43013"}}, {"pk": 5520, "model": "lugar.municipio", "fields": {"latitud": "11.97924", "extension": "0", "departamento": 55, "nombre": "Villa Carlos Fonseca", "slug": "Villa-carlos-fonseca", "longitud": "-86.50809"}}, {"pk": 5522, "model": "lugar.municipio", "fields": {"latitud": "12.16082", "extension": "0", "departamento": 55, "nombre": "Ciudad Sandino", "slug": "Ciudad-sandino", "longitud": "-86.35004"}}, {"pk": 5525, "model": "lugar.municipio", "fields": {"latitud": "12.14746", "extension": "0", "departamento": 55, "nombre": "Managua", "slug": "managua", "longitud": "-86.27339"}}, {"pk": 5530, "model": "lugar.municipio", "fields": {"latitud": "12.02125", "extension": "0", "departamento": 55, "nombre": "Ticuantepe", "slug": "ticuantepe", "longitud": "-86.20288"}}, {"pk": 5532, "model": "lugar.municipio", "fields": {"latitud": "11.97865", "extension": "0", "departamento": 55, "nombre": "El Crucero", "slug": "El-crucero", "longitud": "-86.31076"}}, {"pk": 5535, "model": "lugar.municipio", "fields": {"latitud": "11.84681", "extension": "0", "departamento": 55, "nombre": "San Rafael del Sur", "slug": "San-rafael-del-sur", "longitud": "-86.43977"}}, {"pk": 6005, "model": "lugar.municipio", "fields": {"latitud": "12.00243", "extension": "0", "departamento": 60, "nombre": "Nindir\u00ed", "slug": "nindiri", "longitud": "-86.12067"}}, {"pk": 6010, "model": "lugar.municipio", "fields": {"latitud": "11.97735", "extension": "0", "departamento": 60, "nombre": "Masaya", "slug": "masaya", "longitud": "-86.09606"}}, {"pk": 6015, "model": "lugar.municipio", "fields": {"latitud": "12.08133", "extension": "0", "departamento": 60, "nombre": "Tisma", "slug": "tisma", "longitud": "-86.01921"}}, {"pk": 6020, "model": "lugar.municipio", "fields": {"latitud": "11.93615", "extension": "0", "departamento": 60, "nombre": "La Concepci\u00f3n", "slug": "La-concepcion", "longitud": "-86.1922"}}, {"pk": 6025, "model": "lugar.municipio", "fields": {"latitud": "11.91344", "extension": "0", "departamento": 60, "nombre": "Masatepe", "slug": "masatepe", "longitud": "-86.14475"}}, {"pk": 6030, "model": "lugar.municipio", "fields": {"latitud": "11.90933", "extension": "0", "departamento": 60, "nombre": "Nandasmo", "slug": "nandasmo", "longitud": "-86.13055"}}, {"pk": 6035, "model": "lugar.municipio", "fields": {"latitud": "11.91078", "extension": "0", "departamento": 60, "nombre": "Catarina", "slug": "catarina", "longitud": "-86.07407"}}, {"pk": 6040, "model": "lugar.municipio", "fields": {"latitud": "11.90479", "extension": "0", "departamento": 60, "nombre": "San Juan de Oriente", "slug": "San-juan-de-oriente", "longitud": "-86.07311"}}, {"pk": 6045, "model": "lugar.municipio", "fields": {"latitud": "11.90408", "extension": "0", "departamento": 60, "nombre": "Niquinohomo", "slug": "niquinomo", "longitud": "-86.09472"}}, {"pk": 4005, "model": "lugar.municipio", "fields": {"latitud": "13.25352", "extension": "0", "departamento": 40, "nombre": "Rancho Grande", "slug": "Rancho-grande", "longitud": "-85.55268"}}, {"pk": 4010, "model": "lugar.municipio", "fields": {"latitud": "12.93044", "extension": "0", "departamento": 40, "nombre": "R\u00ed\u00ado Blanco", "slug": "Rio-blanco", "longitud": "-85.2261"}}, {"pk": 4015, "model": "lugar.municipio", "fields": {"latitud": "13.13735", "extension": "0", "departamento": 40, "nombre": "El Tuma - La Dalia", "slug": "El-tuma", "longitud": "-85.73788"}}, {"pk": 4020, "model": "lugar.municipio", "fields": {"latitud": "12.92937", "extension": "0", "departamento": 40, "nombre": "San Isidro", "slug": "San-isidro", "longitud": "-86.1955"}}, {"pk": 4025, "model": "lugar.municipio", "fields": {"latitud": "12.8519", "extension": "0", "departamento": 40, "nombre": "S\u00e9baco", "slug": "sebaco", "longitud": "-86.09696"}}, {"pk": 4030, "model": "lugar.municipio", "fields": {"latitud": "12.92709", "extension": "0", "departamento": 40, "nombre": "Matagalpa", "slug": "matagalpa", "longitud": "-85.91747"}}, {"pk": 4035, "model": "lugar.municipio", "fields": {"latitud": "12.92254", "extension": "0", "departamento": 40, "nombre": "San Ram\u00f3n", "slug": "San-ramon", "longitud": "-85.83968"}}, {"pk": 4040, "model": "lugar.municipio", "fields": {"latitud": "12.8371", "extension": "0", "departamento": 40, "nombre": "Matigu\u00e1s", "slug": "matiguas", "longitud": "-85.46079"}}, {"pk": 4045, "model": "lugar.municipio", "fields": {"latitud": "12.76125", "extension": "0", "departamento": 40, "nombre": "Muy Muy", "slug": "muymuy", "longitud": "-85.63123"}}, {"pk": 4050, "model": "lugar.municipio", "fields": {"latitud": "12.66446", "extension": "0", "departamento": 40, "nombre": "Esquipulas", "slug": "esquipulas", "longitud": "-85.78909"}}, {"pk": 4055, "model": "lugar.municipio", "fields": {"latitud": "12.7619", "extension": "0", "departamento": 40, "nombre": "San Dionisio", "slug": "San-dionisio", "longitud": "-85.85091"}}, {"pk": 4060, "model": "lugar.municipio", "fields": {"latitud": "12.73009", "extension": "0", "departamento": 40, "nombre": "Terrabona", "slug": "terrabona", "longitud": "-85.96487"}}, {"pk": 4065, "model": "lugar.municipio", "fields": {"latitud": "12.73", "extension": "0", "departamento": 40, "nombre": "Ciudad Dar\u00ed\u00ado", "slug": "Ciudad-dario", "longitud": "-86.12457"}}, {"pk": 505, "model": "lugar.municipio", "fields": {"latitud": "13.92286", "extension": "0", "departamento": 5, "nombre": "Jalapa", "slug": "jalapa", "longitud": "-86.1252"}}, {"pk": 510, "model": "lugar.municipio", "fields": {"latitud": "13.759", "extension": "0", "departamento": 5, "nombre": "Murra", "slug": "murra", "longitud": "-86.01799"}}, {"pk": 515, "model": "lugar.municipio", "fields": {"latitud": "13.72326", "extension": "0", "departamento": 5, "nombre": "El J\u00ed\u00adcaro", "slug": "El-jicaro", "longitud": "-86.13705"}}, {"pk": 520, "model": "lugar.municipio", "fields": {"latitud": "13.67729", "extension": "0", "departamento": 5, "nombre": "San Fernando", "slug": "San-fernando", "longitud": "-86.31484"}}, {"pk": 525, "model": "lugar.municipio", "fields": {"latitud": "13.66168", "extension": "0", "departamento": 5, "nombre": "Mozonte", "slug": "mozonte", "longitud": "-86.43706"}}, {"pk": 530, "model": "lugar.municipio", "fields": {"latitud": "13.72243", "extension": "0", "departamento": 5, "nombre": "Dipilto", "slug": "dipilto", "longitud": "-86.5072"}}, {"pk": 535, "model": "lugar.municipio", "fields": {"latitud": "13.65239", "extension": "0", "departamento": 5, "nombre": "Macuelizo", "slug": "macuelizo", "longitud": "-86.6138"}}, {"pk": 540, "model": "lugar.municipio", "fields": {"latitud": "13.74753", "extension": "0", "departamento": 5, "nombre": "Santa Mar\u00ed\u00ada", "slug": "santamaria", "longitud": "-86.71077"}}, {"pk": 545, "model": "lugar.municipio", "fields": {"latitud": "13.63432", "extension": "0", "departamento": 5, "nombre": "Ocotal", "slug": "ocotal", "longitud": "-86.47745"}}, {"pk": 550, "model": "lugar.municipio", "fields": {"latitud": "13.64217", "extension": "0", "departamento": 5, "nombre": "Ciudad Antigua", "slug": "Ciudad-antigua", "longitud": "-86.30893"}}, {"pk": 555, "model": "lugar.municipio", "fields": {"latitud": "13.56675", "extension": "0", "departamento": 5, "nombre": "Quilal\u00ed", "slug": "quilali", "longitud": "-86.02952"}}, {"pk": 560, "model": "lugar.municipio", "fields": {"latitud": "13.62667", "extension": "0", "departamento": 5, "nombre": "Wiwili de Nueva Segovia", "slug": "Wiwili-nuevasegovia", "longitud": "-85.82369"}}, {"pk": 9105, "model": "lugar.municipio", "fields": {"latitud": "14.74386", "extension": "0", "departamento": 91, "nombre": "Wasp\u00e1n", "slug": "waspan", "longitud": "-83.96885"}}, {"pk": 9110, "model": "lugar.municipio", "fields": {"latitud": "14.03313", "extension": "0", "departamento": 91, "nombre": "Puerto Cabezas", "slug": "Puerto-cabezas", "longitud": "-83.38223"}}, {"pk": 9115, "model": "lugar.municipio", "fields": {"latitud": "13.9106", "extension": "0", "departamento": 91, "nombre": "Rosita", "slug": "rosita", "longitud": "-84.39153"}}, {"pk": 9120, "model": "lugar.municipio", "fields": {"latitud": "14.02584", "extension": "0", "departamento": 91, "nombre": "Bonanza", "slug": "bonanza", "longitud": "-84.62088"}}, {"pk": 9125, "model": "lugar.municipio", "fields": {"latitud": "13.33465", "extension": "0", "departamento": 91, "nombre": "Waslala", "slug": "waslala", "longitud": "-85.37099"}}, {"pk": 9127, "model": "lugar.municipio", "fields": {"latitud": "13.15", "extension": "0", "departamento": 91, "nombre": "Mulukuku", "slug": "mulukuku", "longitud": "-84.96667"}}, {"pk": 9130, "model": "lugar.municipio", "fields": {"latitud": "13.73857", "extension": "0", "departamento": 91, "nombre": "Siuna", "slug": "siuna", "longitud": "-84.78491"}}, {"pk": 9135, "model": "lugar.municipio", "fields": {"latitud": "13.40611", "extension": "0", "departamento": 91, "nombre": "Prinzapolka", "slug": "prinzapolka", "longitud": "-83.56229"}}, {"pk": 9305, "model": "lugar.municipio", "fields": {"latitud": "12.78548", "extension": "0", "departamento": 93, "nombre": "Paiwas", "slug": "paiwas", "longitud": "-85.12402"}}, {"pk": 9310, "model": "lugar.municipio", "fields": {"latitud": "13.11145", "extension": "0", "departamento": 93, "nombre": "La Cruz de R\u00edo Grande", "slug": "La-cruz-rio-grande", "longitud": "-84.18835"}}, {"pk": 9312, "model": "lugar.municipio", "fields": {"latitud": "12.93208", "extension": "0", "departamento": 93, "nombre": "Desembocadura de R\u00edo Grande", "slug": "Desembocadura-rio-grande", "longitud": "-83.57697"}}, {"pk": 9315, "model": "lugar.municipio", "fields": {"latitud": "12.34096", "extension": "0", "departamento": 93, "nombre": "Laguna de Perlas", "slug": "Laguna-de-perlas", "longitud": "-83.67052"}}, {"pk": 9316, "model": "lugar.municipio", "fields": {"latitud": "12.82085", "extension": "0", "departamento": 93, "nombre": "El Tortuguero", "slug": "El-tortuguero", "longitud": "-84.19906"}}, {"pk": 9320, "model": "lugar.municipio", "fields": {"latitud": "12.16004", "extension": "0", "departamento": 93, "nombre": "Rama", "slug": "rama", "longitud": "-84.21913"}}, {"pk": 9323, "model": "lugar.municipio", "fields": {"latitud": "12.49486", "extension": "0", "departamento": 93, "nombre": "El Ayote", "slug": "El-ayote", "longitud": "-84.81943"}}, {"pk": 9325, "model": "lugar.municipio", "fields": {"latitud": "12.06764", "extension": "0", "departamento": 93, "nombre": "Muelle de los Bueyes", "slug": "Muelle-de-los-bueyes", "longitud": "-84.53749"}}, {"pk": 9330, "model": "lugar.municipio", "fields": {"latitud": "12.24163", "extension": "0", "departamento": 93, "nombre": "Kukra - Hill", "slug": "Kukra-hill", "longitud": "-83.74532"}}, {"pk": 9335, "model": "lugar.municipio", "fields": {"latitud": "12.18017", "extension": "0", "departamento": 93, "nombre": "Corn Island", "slug": "Corn-island", "longitud": "-83.05975"}}, {"pk": 9340, "model": "lugar.municipio", "fields": {"latitud": "12.01144", "extension": "0", "departamento": 93, "nombre": "Bluefields", "slug": "bluefields", "longitud": "-83.76388"}}, {"pk": 9345, "model": "lugar.municipio", "fields": {"latitud": "11.68827", "extension": "0", "departamento": 93, "nombre": "Nueva Guinea", "slug": "Nueva-guinea", "longitud": "-84.45794"}}, {"pk": 8005, "model": "lugar.municipio", "fields": {"latitud": "11.43868", "extension": "0", "departamento": 80, "nombre": "Tola", "slug": "tola", "longitud": "-85.93907"}}, {"pk": 8010, "model": "lugar.municipio", "fields": {"latitud": "11.50081", "extension": "0", "departamento": 80, "nombre": "Bel\u00e9n", "slug": "belen", "longitud": "-85.89014"}}, {"pk": 8015, "model": "lugar.municipio", "fields": {"latitud": "11.4932", "extension": "0", "departamento": 80, "nombre": "Potos\u00ed", "slug": "potosi", "longitud": "-85.85709"}}, {"pk": 8020, "model": "lugar.municipio", "fields": {"latitud": "11.46923", "extension": "0", "departamento": 80, "nombre": "Buenos Aires", "slug": "Buenos-aires", "longitud": "-85.81701"}}, {"pk": 8025, "model": "lugar.municipio", "fields": {"latitud": "11.53947", "extension": "0", "departamento": 80, "nombre": "Moyogalpa", "slug": "moyogalpa", "longitud": "-85.69746"}}, {"pk": 8030, "model": "lugar.municipio", "fields": {"latitud": "11.56547", "extension": "0", "departamento": 80, "nombre": "Altagracia", "slug": "altagracia", "longitud": "-85.57793"}}, {"pk": 8035, "model": "lugar.municipio", "fields": {"latitud": "11.45532", "extension": "0", "departamento": 80, "nombre": "San Jorge", "slug": "San-jorge", "longitud": "-85.80074"}}, {"pk": 8040, "model": "lugar.municipio", "fields": {"latitud": "11.43975", "extension": "0", "departamento": 80, "nombre": "Rivas", "slug": "rivas", "longitud": "-85.8288"}}, {"pk": 8045, "model": "lugar.municipio", "fields": {"latitud": "11.25384", "extension": "0", "departamento": 80, "nombre": "San Juan del Sur", "slug": "San-juan-del-sur", "longitud": "-85.87177"}}, {"pk": 8050, "model": "lugar.municipio", "fields": {"latitud": "11.19521", "extension": "0", "departamento": 80, "nombre": "C\u00e1rdenas", "slug": "cardenas", "longitud": "-85.50886"}}, {"pk": 8505, "model": "lugar.municipio", "fields": {"latitud": "11.6213", "extension": "0", "departamento": 85, "nombre": "Morrito", "slug": "morrito", "longitud": "-85.08169"}}, {"pk": 8510, "model": "lugar.municipio", "fields": {"latitud": "11.67684", "extension": "0", "departamento": 85, "nombre": "El Almendro", "slug": "El-almendro", "longitud": "-84.70362"}}, {"pk": 8515, "model": "lugar.municipio", "fields": {"latitud": "11.40156", "extension": "0", "departamento": 85, "nombre": "San Miguelito", "slug": "San-miguelito", "longitud": "-84.90005"}}, {"pk": 8520, "model": "lugar.municipio", "fields": {"latitud": "11.12088", "extension": "0", "departamento": 85, "nombre": "San Carlos", "slug": "San-carlos", "longitud": "-84.77837"}}, {"pk": 8525, "model": "lugar.municipio", "fields": {"latitud": "11.03969", "extension": "0", "departamento": 85, "nombre": "El Castillo", "slug": "El-castillo", "longitud": "-84.47295"}}, {"pk": 8530, "model": "lugar.municipio", "fields": {"latitud": "10.94671", "extension": "0", "departamento": 85, "nombre": "San Juan del Norte", "slug": "San-juan-del-norte", "longitud": "-83.73479"}}]