[{"pk": 6, "model": "encuesta.organizacion", "fields": {"nombre_corto": "Puntos", "direccion": "Bolonia. Rotonda El Gueguense, 4c abajo, 1c lago ", "correo": "puntos@puntos.org.ni", "antecedentes": "Puntos surgi\u00f3 de la reflexi\u00f3n de un grupo de mujeres feministas....", "nombre": "Puntos de Encuentro ", "contacto": "Martha Ju\u00e1rez ", "telefono": "(505) 22681227"}}, {"pk": 7, "model": "encuesta.organizacion", "fields": {"nombre_corto": "FECONORI", "direccion": "De Optica Nicaraguense 1 c arriba 1 c al sur", "correo": "generofeconori01@yahoo.es", "antecedentes": "La FECONORI es una entidad social sin fines de lucros, no gubernamental, pluralista, apartidista y sin credo religioso, que vela por los derechos y promueve la inclusi\u00f3n de las personas con Discapacidad en todos los \u00e1mbitos.\r\n", "nombre": "Federacion de asociaciones de personas con discapacidad.", "contacto": "Rigoberto Kingsing Miranda", "telefono": " (505) 2268-1567"}}, {"pk": 8, "model": "encuesta.organizacion", "fields": {"nombre_corto": "CANTERA", "direccion": "De Plaza el Sol, 2c al sur, 1 cuadra arriba.", "correo": "lnc71@yahoo.com", "antecedentes": "CANTERA\u00a0es una organizaci\u00f3n nicarag\u00fcense no gubernamental, de tipo humanitario, sin fines de lucro y con personer\u00eda jur\u00eddica propia. La instituci\u00f3n est\u00e1 al servicio del desarrollo integral de los sectores populares del campo y la ciudad.\u00a0 \r\nCantera fue fundada en el a\u00f1o 1988. Cuenta con acta de fundaci\u00f3n y estatutos aprobados por el gobierno de Nicaragua. \r\nCantera es miembro de la Coordinaci\u00f3n Centroamericana de Educaci\u00f3n Popular Alforja, del Consejo de Educaci\u00f3n de Adultos de Am\u00e9rica Latina (CEAAL) y de la Federaci\u00f3n de Organismos No Gubernamentales de Nicaragua. Tambi\u00e9n participa de diversas redes, tanto nacionales como regionales, relacionadas con el trabajo de los distintos programas que se desarrollan en el Centro.\r\n*Contribuir al desarrollo de la conciencia cr\u00edtica, la capacidad de an\u00e1lisis, la innovaci\u00f3n y el compromiso social de los sectores a quienes acompa\u00f1amos para la transformaci\u00f3n de su realidad.\r\n*  Documentar, sistematizar y divulgar a nivel local y regional, metodolog\u00edas de trabajo que inciden en el desarrollo integral.\r\n* Fortalecer la organizaci\u00f3n interna, los mecanismos de comunicaci\u00f3n y la capacidad de incidencia a trav\u00e9s de la b\u00fasqueda de sostenibilidad y la participaci\u00f3n en redes e instancias que promuevan el cambio social, pol\u00edtico y econ\u00f3mico de los sectores marginados.\r\ncanteranicaragua.org\r\n", "nombre": "CANTERA (CENTRO DE COMUNICACION Y EDUCACION POPULAR)", "contacto": "Linda N\u00f9\u00f1ez Calder\u00f2n", "telefono": "505 - 22780103"}}, {"pk": 9, "model": "encuesta.organizacion", "fields": {"nombre_corto": "CCBN", "direccion": "De donde fue la Embajada EEUU 1 cuadra al oeste, 3 cuadras al norte, 1 cuadra al Oeste. Bo. Batahola Norte. Managua", "correo": "darling.proyectofed.ccbn@gmail.com", "antecedentes": "La Asociaci\u00f3n Centro Cultural Batahola Norte (CCBN) es un centro comunitario de educaci\u00f3n y arte, fundado en 1983 para acompa\u00f1ar a las mujeres, ni\u00f1os y ni\u00f1as de los barrios populares y marginados de Managua en su b\u00fasqueda de nuevas y m\u00e1s dignas formas de vida.  Tiene como misi\u00f3n \u201cVivir un estilo de vida m\u00e1s fraterna y justa, seg\u00fan el Evangelio y partiendo de los pobres, a trav\u00e9s de la educaci\u00f3n integral y la cultura que hacen descubrir: los Derechos Humanos, la Autoestima y la Igualdad. Creemos en el empoderamiento de las personas y en el valor de compartir lo que somos y lo que tenemos, para transformar esta sociedad en el Reino de Dios.\u201d", "nombre": "Asociacion Centro Cultural Batahola Norte", "contacto": "Darling Mungu\u00eda Garc\u00eda", "telefono": "0050522504542"}}, {"pk": 4, "model": "encuesta.proyecto", "fields": {"monto": "$236,000.00", "cobertura": "Mateare y Ciudad Sandino. Municipio de Managua.", "organizacion": 8, "monto2": "$64.210,00", "duracion": "2010-2011", "nombre": "Construccion de alianzas para el empoderamiento de las mujeres y la creacion de observatorios de violencia y embarazos tempranos en cuatro comunidades del departamento de Managua.", "codigo": "FED-032-2010"}}, {"pk": 5, "model": "encuesta.proyecto", "fields": {"monto": "US $200mil ", "cobertura": "Cobertura nacional. ", "organizacion": 6, "monto2": "pendiente ", "duracion": "2010-2012", "nombre": "Por los derechos de las mujeres de todas las edades", "codigo": "pendiente "}}, {"pk": 6, "model": "encuesta.proyecto", "fields": {"monto": "U$ 93,300.00", "cobertura": "Managua", "organizacion": 9, "monto2": "U$ 59,250.00", "duracion": "2010 - 2012", "nombre": "Desarrollando capacidades para reducir el riesgo de violencia basada en genero entre la poblacion meta y equipo de trabajo del Centro Cultural Batahola Norte", "codigo": "066 - 2010"}}, {"pk": 7, "model": "encuesta.proyecto", "fields": {"monto": "$70,000.00.USA", "cobertura": " A NIVEL NACIONAL ", "organizacion": 7, "monto2": "", "duracion": "2010", "nombre": "Promoviendo  los derechos de las personas  con  discapacidad a vivir en un ambiente libre de violencia.", "codigo": "FED-120-2010"}}, {"pk": 23, "model": "encuesta.encuesta", "fields": {"organizacion": 6, "proyecto": 5, "user": 3, "anio": "2010", "periodo": 0}}, {"pk": 22, "model": "encuesta.encuesta", "fields": {"organizacion": 9, "proyecto": 6, "user": 3, "anio": "2010", "periodo": 0}}, {"pk": 24, "model": "encuesta.encuesta", "fields": {"organizacion": 7, "proyecto": 7, "user": 3, "anio": "2010", "periodo": 0}}, {"pk": 27, "model": "encuesta.encuesta", "fields": {"organizacion": 8, "proyecto": 4, "user": 3, "anio": "2010", "periodo": 0}}, {"pk": 1, "model": "encuesta.resultado", "fields": {"descripcion": "Organizaciones de la sociedad civil impulsando acciones relacionadas a la existencia y/o aplicaci\u00f3n efectiva de pol\u00edticas p\u00fablicas para la igualdad y equidad de g\u00e9nero", "nombre": "Impulsando Politicas P\u00fablicas"}}, {"pk": 2, "model": "encuesta.resultado", "fields": {"descripcion": "Organizaciones de la SC demandando justicia y mantenimiento en la agenda p\u00fablica la igualdad y no discriminaci\u00f3n de las personas, independientemente de su sexo, orientaci\u00f3n sexual, raza, etnia, condici\u00f3n f\u00edsica, o de las personas que viven con VIH y Sida", "nombre": "Demandando justicia para igualdad"}}, {"pk": 3, "model": "encuesta.resultado", "fields": {"descripcion": "Organizaciones de la sociedad civil logrando el involucramiento de las poblaciones metas en procesos de reflexi\u00f3n sobre los derechos sexuales y reproductivos dirigidos a una sexualidad integral, placentera, responsable, segura y libre de prejuicios.", "nombre": "Involucramiento de poblaciones metas"}}, {"pk": 4, "model": "encuesta.resultado", "fields": {"descripcion": "Organizaciones de la sociedad civil y las poblaciones metas fortaleciendo la prevenci\u00f3n de la violencia basada en g\u00e9nero", "nombre": "Prevenci\u00f3n de la violencia"}}, {"pk": 5, "model": "encuesta.resultado", "fields": {"descripcion": "Organizaciones de sociedad civil facilitando el acceso a servicios de atenci\u00f3n integral y demanda de salud y justicia para las victimas de violencia de g\u00e9nero.", "nombre": "Acceso a servicios para victimas"}}, {"pk": 6, "model": "encuesta.resultado", "fields": {"descripcion": "Las organizaciones de la sociedad civil contrapartes de FED fortaleciendo su capacidad t\u00e9cnica e institucional, con especial \u00e9nfasis en las organizaciones de la diversidad sexual.", "nombre": "Capacidad t\u00e9cnica de las OSC"}}, {"pk": 1, "model": "encuesta.indicador", "fields": {"descripcion": "N\u00famero, % y tipo de acciones impulsadas, leyes aprobadas y aplicadas efectivamente que posicionan el tema de la equidad e igualdad en el nivel local, regional y nacional.", "nombre": "Acciones impulsadas", "resultado": 1, "slug": "acciones-impulsadas"}}, {"pk": 2, "model": "encuesta.indicador", "fields": {"descripcion": "% de organizaciones contrapartes del FED que participan en comisiones o instancias de toma de decisiones", "nombre": "Participaci\u00f3n en instancias", "resultado": 1, "slug": "participacion-en-instancias"}}, {"pk": 3, "model": "encuesta.indicador", "fields": {"descripcion": "% organizaciones que mantienen en la agenda p\u00fablica la defensa de los DDSSRR, incluyendo el aborto terap\u00e9utico", "nombre": "Defensa de los derechos", "resultado": 1, "slug": "defensa-de-los-derechos"}}, {"pk": 4, "model": "encuesta.indicador", "fields": {"descripcion": "N\u00famero de observatorios para la vigilancia de la restituci\u00f3n, creaci\u00f3n y aplicaci\u00f3n de leyes, pol\u00edticas, acciones y servicios en torno a las DDSSRR", "nombre": "Observatorios para vigilancia", "resultado": 1, "slug": "observatorios-para-vigilancia"}}, {"pk": 5, "model": "encuesta.indicador", "fields": {"descripcion": "N\u00famero de organizaciones de la sociedad civil que impulsan acciones p\u00fablicas y ante instancias del Estado de denuncia en contra de la discriminaci\u00f3n a persona de la diversidad sexual", "nombre": "Acciones P\u00fablicas", "resultado": 2, "slug": "acciones-publicas"}}, {"pk": 6, "model": "encuesta.indicador", "fields": {"descripcion": "N\u00famero y porcentaje de organizaciones que impulsan denuncias efectivas en contra de la discriminaci\u00f3n por g\u00e9nero dirigida a personas con discapacidad y a poblaci\u00f3n \u00e9tnica e ind\u00edgena.", "nombre": "Acciones de denuncias jur\u00eddicas ", "resultado": 2, "slug": "acciones-de-denuncias-juridicas"}}, {"pk": 8, "model": "encuesta.indicador", "fields": {"descripcion": "Porcentaje de mujeres, poseen informaci\u00f3n que les permite tomar decisiones sexuales y reproductivas de manera aut\u00f3noma y bien informada.", "nombre": "Acciones Efectuadas", "resultado": 3, "slug": "acciones-efectuadas"}}, {"pk": 9, "model": "encuesta.indicador", "fields": {"descripcion": "Porcentaje de personas de la diversidad sexual, poseen informaci\u00f3n que les permite tomar decisiones sexuales y reproductivas de manera aut\u00f3noma y bien informada", "nombre": "Cambios en las poblaciones", "resultado": 3, "slug": "cambios-en-las-poblaciones"}}, {"pk": 12, "model": "encuesta.indicador", "fields": {"descripcion": "N\u00famero y tipo de acciones emprendidas por las organizaciones contrapartes del FED que act\u00faan individual o articuladas en la prevenci\u00f3n de la violencia basada en g\u00e9nero.", "nombre": "Acciones por Organizaciones", "resultado": 4, "slug": "acciones-por-organizaciones"}}, {"pk": 13, "model": "encuesta.indicador", "fields": {"descripcion": "N\u00famero de grupos de la diversidad sexual, personas con discapacidad, grupos \u00e9tnicos y pueblos ind\u00edgenas que realizan acciones de prevenci\u00f3n de la violencia basada en g\u00e9nero", "nombre": "Grupos div. sexual y discapacidad", "resultado": 4, "slug": "grupos-div-sexual-y-discapacidad"}}, {"pk": 14, "model": "encuesta.indicador", "fields": {"descripcion": "N\u00famero y tipo de acciones espec\u00edficas que promueven una masculinidad libre de prejuicios y violencia", "nombre": "Grupos etnico, indigenas y jovenes", "resultado": 4, "slug": "grupos-etnico-indigenas-y-jovenes"}}, {"pk": 15, "model": "encuesta.indicador", "fields": {"descripcion": "N\u00famero de casos atendidos por las organizaciones contrapartes del FED a trav\u00e9s de los servicios de atenci\u00f3n en salud, psicol\u00f3gica y legal para v\u00edctimas de violencia.", "nombre": "Servicios de atenci\u00f3n", "resultado": 5, "slug": "servicios-de-atencion"}}, {"pk": 16, "model": "encuesta.indicador", "fields": {"descripcion": "N\u00famero de denuncias interpuestas por las victimas de violencia en las instancias que administran justicia como producto de las acciones de las organizaciones de la sociedad civil apoyadas por el FED.", "nombre": "Denuncias interpuestas", "resultado": 5, "slug": "denuncias-interpuestas"}}, {"pk": 17, "model": "encuesta.indicador", "fields": {"descripcion": "N\u00famero de mujeres atendidas en los albergues apoyados por el FED como instrumento para la construcci\u00f3n de nuevos proyectos de vida", "nombre": "Victimas atendidas", "resultado": 5, "slug": "victimas-atendidas"}}, {"pk": 18, "model": "encuesta.indicador", "fields": {"descripcion": "N\u00famero de referencia y contrareferencia que realizan las CP del FED con instituciones p\u00fablicas.", "nombre": "Referencias y contrareferencias", "resultado": 5, "slug": "referencias-y-contrareferencias"}}, {"pk": 19, "model": "encuesta.indicador", "fields": {"descripcion": "N\u00famero de acciones que promueven el intercambio te\u00f3rico y metodol\u00f3gico para la gesti\u00f3n de conocimientos entre las OSC.", "nombre": "Intercambio te\u00f3rico y metod.", "resultado": 6, "slug": "intercambio-teorico-y-metod"}}, {"pk": 20, "model": "encuesta.indicador", "fields": {"descripcion": "N\u00famero de acciones que fortalecen las capacidades de las organizaciones para medir y reportar los indicadores propuestos.", "nombre": "Medir y reportar indicadores", "resultado": 6, "slug": "medir-y-reportar-indicadores"}}, {"pk": 21, "model": "encuesta.indicador", "fields": {"descripcion": "Porcentaje y n\u00famero de organizaciones que mejoran sus capacidades administrativas y de gesti\u00f3n.", "nombre": "Mejorar la gestion", "resultado": 6, "slug": "mejorar-la-gestion"}}, {"pk": 53, "model": "encuesta.resultadotrabajado", "fields": {"encuesta": 27, "resultado": 4, "municipio": [5522, 5515, 5525]}}, {"pk": 52, "model": "encuesta.resultadotrabajado", "fields": {"encuesta": 27, "resultado": 1, "municipio": [5522, 5515, 5525]}}, {"pk": 51, "model": "encuesta.resultadotrabajado", "fields": {"encuesta": 22, "resultado": 6, "municipio": [5525]}}, {"pk": 50, "model": "encuesta.resultadotrabajado", "fields": {"encuesta": 22, "resultado": 4, "municipio": [5525]}}, {"pk": 48, "model": "encuesta.resultadotrabajado", "fields": {"encuesta": 24, "resultado": 6, "municipio": [2515, 3540, 5525, 4030]}}, {"pk": 47, "model": "encuesta.resultadotrabajado", "fields": {"encuesta": 23, "resultado": 6, "municipio": [5010, 5020, 5030, 5005, 5015, 5025, 7515, 7525, 7535, 7510, 7520, 7530, 7540, 7505, 3020, 3065, 3030, 3040, 3005, 3050, 3015, 3060, 3025, 3035, 3045, 3010, 3055, 6535, 6505, 6545, 6510, 6520, 6530, 6540, 6507, 6515, 6525, 2515, 2525, 2510, 2520, 2530, 2505, 7010, 7020, 7005, 7015, 1015, 1025, 1035, 1005, 1012, 1020, 1030, 1010, 3535, 3545, 3510, 3520, 3530, 3540, 3505, 3550, 3515, 3525, 2015, 2025, 2035, 2045, 2010, 2020, 2030, 2040, 2005, 5515, 5522, 5530, 5535, 5510, 5520, 5525, 5532, 5505, 6005, 6015, 6025, 6035, 6045, 6010, 6020, 6030, 6040, 4065, 4030, 4040, 4005, 4050, 4015, 4060, 4025, 4035, 4045, 4010, 4055, 4020, 535, 545, 510, 555, 520, 530, 540, 505, 550, 515, 560, 525, 9110, 9120, 9127, 9135, 9105, 9115, 9125, 9130, 9335, 9312, 9345, 9316, 9323, 9330, 9310, 9340, 9315, 9320, 9325, 9305, 8010, 8020, 8030, 8040, 8005, 8050, 8015, 8025, 8035, 8045, 8505, 8515, 8525, 8510, 8520, 8530]}}, {"pk": 46, "model": "encuesta.resultadotrabajado", "fields": {"encuesta": 23, "resultado": 3, "municipio": [5010, 5020, 5030, 5005, 5015, 5025, 7515, 7525, 7535, 7510, 7520, 7530, 7540, 7505, 3020, 3065, 3030, 3040, 3005, 3050, 3015, 3060, 3025, 3035, 3045, 3010, 3055, 6535, 6505, 6545, 6510, 6520, 6530, 6540, 6507, 6515, 6525, 2515, 2525, 2510, 2520, 2530, 2505, 7010, 7020, 7005, 7015, 1015, 1025, 1035, 1005, 1012, 1020, 1030, 1010, 3535, 3545, 3510, 3520, 3530, 3540, 3505, 3550, 3515, 3525, 2015, 2025, 2035, 2045, 2010, 2020, 2030, 2040, 2005, 5515, 5522, 5530, 5535, 5510, 5520, 5525, 5532, 5505, 6005, 6015, 6025, 6035, 6045, 6010, 6020, 6030, 6040, 4065, 4030, 4040, 4005, 4050, 4015, 4060, 4025, 4035, 4045, 4010, 4055, 4020, 535, 545, 510, 555, 520, 530, 540, 505, 550, 515, 560, 525, 9110, 9120, 9127, 9135, 9105, 9115, 9125, 9130, 9335, 9312, 9345, 9316, 9323, 9330, 9310, 9340, 9315, 9320, 9325, 9305, 8010, 8020, 8030, 8040, 8005, 8050, 8015, 8025, 8035, 8045, 8505, 8515, 8525, 8510, 8520, 8530]}}, {"pk": 49, "model": "encuesta.resultadotrabajado", "fields": {"encuesta": 22, "resultado": 1, "municipio": [5525]}}, {"pk": 45, "model": "encuesta.resultadotrabajado", "fields": {"encuesta": 23, "resultado": 1, "municipio": [5010, 5020, 5030, 5005, 5015, 5025, 7505, 7515, 7525, 7535, 7510, 7520, 7530, 7540, 3045, 3010, 3055, 3020, 3065, 3030, 3040, 3005, 3050, 3015, 3060, 3025, 3035, 6520, 6530, 6540, 6507, 6515, 6525, 6535, 6505, 6545, 6510, 2510, 2520, 2530, 2505, 2515, 2525, 7010, 7020, 7005, 7015, 1035, 1005, 1012, 1020, 1030, 1010, 1015, 1025, 3545, 3510, 3520, 3530, 3540, 3505, 3550, 3515, 3525, 3535, 2030, 2040, 2005, 2015, 2025, 2035, 2045, 2010, 2020, 5525, 5532, 5505, 5515, 5522, 5530, 5535, 5510, 5520, 6020, 6030, 6040, 6005, 6015, 6025, 6035, 6045, 6010, 4055, 4020, 4065, 4030, 4040, 4005, 4050, 4015, 4060, 4025, 4035, 4045, 4010, 535, 545, 510, 555, 520, 530, 540, 505, 550, 515, 560, 525, 9110, 9120, 9127, 9135, 9105, 9115, 9125, 9130, 9335, 9312, 9345, 9316, 9323, 9330, 9310, 9340, 9315, 9320, 9325, 9305, 8035, 8045, 8010, 8020, 8030, 8040, 8005, 8050, 8015, 8025, 8520, 8530, 8505, 8515, 8525, 8510]}}, {"pk": 30, "model": "encuesta.accionefectuadamedio", "fields": {"encuesta": 23, "participantes": 20, "accion": "estudios", "cantidad": 1}}, {"pk": 32, "model": "encuesta.accionefectuadamedio", "fields": {"encuesta": 23, "participantes": 1500, "accion": "campania_radio", "cantidad": 1}}, {"pk": 31, "model": "encuesta.accionefectuadamedio", "fields": {"encuesta": 23, "participantes": 200, "accion": "foros", "cantidad": 5}}, {"pk": 36, "model": "encuesta.accionefectuadamedio", "fields": {"encuesta": 27, "participantes": 750, "accion": "estudios", "cantidad": 1}}, {"pk": 33, "model": "encuesta.accionefectuadamedio", "fields": {"encuesta": 23, "participantes": 150, "accion": "talleres", "cantidad": 5}}, {"pk": 34, "model": "encuesta.accionefectuadamedio", "fields": {"encuesta": 23, "participantes": 1500, "accion": "manifestaciones", "cantidad": 1}}, {"pk": 37, "model": "encuesta.accionefectuadamedio", "fields": {"encuesta": 27, "participantes": 250, "accion": "foros", "cantidad": 2}}, {"pk": 38, "model": "encuesta.accionefectuadamedio", "fields": {"encuesta": 27, "participantes": 700, "accion": "talleres", "cantidad": 25}}, {"pk": 39, "model": "encuesta.accionefectuadamedio", "fields": {"encuesta": 27, "participantes": 670, "accion": "reuniones", "cantidad": 30}}, {"pk": 18, "model": "encuesta.accionefectuadaregion", "fields": {"encuesta": 24, "participantes": 0, "accion": "nacional", "cantidad": null}}, {"pk": 19, "model": "encuesta.accionefectuadaregion", "fields": {"encuesta": 27, "participantes": 1200, "accion": "comunitario", "cantidad": 12}}, {"pk": 22, "model": "encuesta.accionefectuadadocumento", "fields": {"encuesta": 27, "participantes": 1, "accion": "ordenanzas", "cantidad": 1}}, {"pk": 21, "model": "encuesta.participacioncomisiondecision", "fields": {"encuesta": 22, "cantidad_instancias": 2, "accion": "nacional", "cantidad_acciones_efectivas": 0, "cantidad_acciones_promovidas": 0}}, {"pk": 22, "model": "encuesta.participacioncomisiondecision", "fields": {"encuesta": 27, "cantidad_instancias": 4, "accion": "municipal", "cantidad_acciones_efectivas": 1, "cantidad_acciones_promovidas": 2}}, {"pk": 20, "model": "encuesta.participacioncomisionagenda", "fields": {"encuesta": 27, "cantidad_acciones_prom": 1, "cantidad_instancias": 2, "accion": "municipal", "cantidad_acciones_efec": 1}}, {"pk": 21, "model": "encuesta.denunciasocialrealizada", "fields": {"encuesta": 27, "persona_racial": 0, "accion": "estudios", "persona_div_sexual": 0, "persona_joven": 1, "persona_vih": 1, "persona_discapacidad": 0}}, {"pk": 22, "model": "encuesta.denunciasocialrealizada", "fields": {"encuesta": 27, "persona_racial": 0, "accion": "manifestaciones", "persona_div_sexual": 0, "persona_joven": 2, "persona_vih": 1, "persona_discapacidad": 0}}, {"pk": 24, "model": "encuesta.accionrealizadareflexion", "fields": {"discapacidad": 0, "encuesta": 27, "accion": "taller_formacion", "mujeres": 15, "hombres": 10, "vih": 0, "jovenes": 0, "etnica": 0, "div_sexual": 0}}, {"pk": 13, "model": "encuesta.accionrelizadareflexionpersona", "fields": {"discapacidad": 0, "encuesta": 27, "accion": "personas_participaron", "mujeres": 350, "hombres": 100, "vih": 0, "jovenes": 600, "etnica": 0, "div_sexual": 0}}, {"pk": 14, "model": "encuesta.accionrelizadareflexionpersona", "fields": {"discapacidad": 0, "encuesta": 27, "accion": "personas_participaron_toman_decision", "mujeres": 100, "hombres": 60, "vih": 0, "jovenes": 100, "etnica": 0, "div_sexual": 0}}, {"pk": 31, "model": "encuesta.accionimpulsadaorg", "fields": {"encuesta": 24, "accion": "reunion_autorid", "acciones_emprendidas": 5, "acciones_cambios_masculinidad": 3, "acciones_impulsadas_masculinidad": 3, "acciones_cambios_actitud": 5}}, {"pk": 30, "model": "encuesta.accionimpulsadaorg", "fields": {"encuesta": 22, "accion": "consejeria", "acciones_emprendidas": 3, "acciones_cambios_masculinidad": 0, "acciones_impulsadas_masculinidad": 0, "acciones_cambios_actitud": 0}}, {"pk": 32, "model": "encuesta.accionimpulsadaorg", "fields": {"encuesta": 27, "accion": "talleres", "acciones_emprendidas": 10, "acciones_cambios_masculinidad": 10, "acciones_impulsadas_masculinidad": 20, "acciones_cambios_actitud": 25}}, {"pk": 33, "model": "encuesta.accionimpulsadaorg", "fields": {"encuesta": 27, "accion": "foros", "acciones_emprendidas": 4, "acciones_cambios_masculinidad": 8, "acciones_impulsadas_masculinidad": 6, "acciones_cambios_actitud": 5}}, {"pk": 34, "model": "encuesta.accionimpulsadaorg", "fields": {"encuesta": 27, "accion": "material_educativo", "acciones_emprendidas": 2, "acciones_cambios_masculinidad": 0, "acciones_impulsadas_masculinidad": 0, "acciones_cambios_actitud": 0}}, {"pk": 25, "model": "encuesta.accionimpulsadagrupo", "fields": {"encuesta": 24, "accion": "foros", "acciones_cambio_discapa": 0, "acciones_emprendidas_discapa": 11, "acciones_emprendidas_etnia": 0, "acciones_cambio_etnia": 0, "acciones_cambio_jovenes": 0, "acciones_emprendidas_sex": 0, "acciones_cambio_sex": 0, "acciones_emprendidas_jovenes": 0}}, {"pk": 26, "model": "encuesta.accionimpulsadagrupo", "fields": {"encuesta": 27, "accion": "teatros_actos", "acciones_cambio_discapa": 0, "acciones_emprendidas_discapa": 0, "acciones_emprendidas_etnia": 0, "acciones_cambio_etnia": 0, "acciones_cambio_jovenes": 8, "acciones_emprendidas_sex": 0, "acciones_cambio_sex": 0, "acciones_emprendidas_jovenes": 8}}, {"pk": 27, "model": "encuesta.accionimpulsadagrupo", "fields": {"encuesta": 27, "accion": "talleres", "acciones_cambio_discapa": 0, "acciones_emprendidas_discapa": 0, "acciones_emprendidas_etnia": 0, "acciones_cambio_etnia": 0, "acciones_cambio_jovenes": 10, "acciones_emprendidas_sex": 0, "acciones_cambio_sex": 0, "acciones_emprendidas_jovenes": 5}}, {"pk": 28, "model": "encuesta.accionimpulsadagrupo", "fields": {"encuesta": 27, "accion": "reunion_autorid", "acciones_cambio_discapa": 0, "acciones_emprendidas_discapa": 0, "acciones_emprendidas_etnia": 0, "acciones_cambio_etnia": 0, "acciones_cambio_jovenes": 8, "acciones_emprendidas_sex": 0, "acciones_cambio_sex": 0, "acciones_emprendidas_jovenes": 10}}, {"pk": 11, "model": "encuesta.atencionvictima", "fields": {"servicio_legal": 0, "encuesta": 22, "servicio_salud": 0, "accion": "casos_atendidos", "servicio_psicologia": 2}}, {"pk": 18, "model": "encuesta.accionpromuevenintercambio", "fields": {"acciones_efectivas": 0, "acciones_org_part": 1, "accion": "talleres", "participantes": 2, "encuesta": 22}}, {"pk": 24, "model": "encuesta.estadocapacidadadmitiva", "fields": {"encuesta": 24, "plan": "si_hay", "organizaciones": "ninguna", "sistema": "si_hay"}}, {"pk": 23, "model": "encuesta.estadocapacidadadmitiva", "fields": {"encuesta": 23, "plan": null, "organizaciones": null, "sistema": null}}, {"pk": 22, "model": "encuesta.estadocapacidadadmitiva", "fields": {"encuesta": 22, "plan": "hay_pero", "organizaciones": null, "sistema": "hay_pero"}}, {"pk": 27, "model": "encuesta.estadocapacidadadmitiva", "fields": {"encuesta": 27, "plan": null, "organizaciones": null, "sistema": null}}, {"pk": 13, "model": "encuesta.accionfortalececapadmitiva", "fields": {"mejorar_plan": 1, "mejorar_apoyo": 0, "mejorar_sistema": 1, "accion": "talleres", "encuesta": 24}}, {"pk": 5, "model": "lugar.departamento", "fields": {"nombre": "Nueva Segovia", "slug": "Nueva-segovia", "extension": "3491.28"}}, {"pk": 10, "model": "lugar.departamento", "fields": {"nombre": "Jinotega", "slug": "jinotega", "extension": "9222.40"}}, {"pk": 20, "model": "lugar.departamento", "fields": {"nombre": "Madriz", "slug": "madriz", "extension": "1708.23"}}, {"pk": 25, "model": "lugar.departamento", "fields": {"nombre": "Estel\u00ed", "slug": "esteli", "extension": "2229.69"}}, {"pk": 30, "model": "lugar.departamento", "fields": {"nombre": "Chinandega", "slug": "chinandega", "extension": "4822.46"}}, {"pk": 35, "model": "lugar.departamento", "fields": {"nombre": "Le\u00f3n", "slug": "leon", "extension": "5138.03"}}, {"pk": 40, "model": "lugar.departamento", "fields": {"nombre": "Matagalpa", "slug": "matagalpa", "extension": "6803.86"}}, {"pk": 50, "model": "lugar.departamento", "fields": {"nombre": "Boaco", "slug": "boaco", "extension": "4176.68"}}, {"pk": 55, "model": "lugar.departamento", "fields": {"nombre": "Managua", "slug": "managua", "extension": "3465.10"}}, {"pk": 60, "model": "lugar.departamento", "fields": {"nombre": "Masaya", "slug": "masaya", "extension": "610.78"}}, {"pk": 65, "model": "lugar.departamento", "fields": {"nombre": "Chontales", "slug": "chontales", "extension": "6481.27"}}, {"pk": 70, "model": "lugar.departamento", "fields": {"nombre": "Granada", "slug": "granada", "extension": "1039.68"}}, {"pk": 75, "model": "lugar.departamento", "fields": {"nombre": "Carazo", "slug": "carazo", "extension": "1081.40"}}, {"pk": 80, "model": "lugar.departamento", "fields": {"nombre": "Rivas", "slug": "rivas", "extension": "2161.82"}}, {"pk": 85, "model": "lugar.departamento", "fields": {"nombre": "R\u00ed\u00ado San Juan", "slug": "Rio-san-juan", "extension": "7540.90"}}, {"pk": 91, "model": "lugar.departamento", "fields": {"nombre": "RAAN", "slug": "RAAN", "extension": "32819.68"}}, {"pk": 93, "model": "lugar.departamento", "fields": {"nombre": "RAAS", "slug": "RAAS", "extension": "27546.32"}}, {"pk": 99, "model": "lugar.departamento", "fields": {"nombre": "Cobertura Nacional", "slug": "cobertura-nacional", "extension": "333333.00"}}, {"pk": 5030, "model": "lugar.municipio", "fields": {"latitud": "12.37789", "extension": "0.00", "departamento": 50, "nombre": "San  Lorenzo", "slug": "San-lorenzo", "longitud": "-85.66718"}}, {"pk": 5005, "model": "lugar.municipio", "fields": {"latitud": "12.59748", "extension": "0.00", "departamento": 50, "nombre": "San Jos\u00e9 de los Remates", "slug": "San-jose-de-los-remates", "longitud": "-85.76253"}}, {"pk": 5015, "model": "lugar.municipio", "fields": {"latitud": "12.38377", "extension": "0.00", "departamento": 50, "nombre": "Camoapa", "slug": "camoapa", "longitud": "-85.51465"}}, {"pk": 5025, "model": "lugar.municipio", "fields": {"latitud": "12.41979", "extension": "0.00", "departamento": 50, "nombre": "Teustepe", "slug": "teustepe", "longitud": "-85.79922"}}, {"pk": 5010, "model": "lugar.municipio", "fields": {"latitud": "12.47160", "extension": "0.00", "departamento": 50, "nombre": "Boaco", "slug": "boaco", "longitud": "-85.65952"}}, {"pk": 5020, "model": "lugar.municipio", "fields": {"latitud": "12.53226", "extension": "0.00", "departamento": 50, "nombre": "Santa Luc\u00eda", "slug": "Santa-lucia", "longitud": "-85.71156"}}, {"pk": 7510, "model": "lugar.municipio", "fields": {"latitud": "11.84831", "extension": "0.00", "departamento": 75, "nombre": "Jinotepe", "slug": "jinotepe", "longitud": "-86.19846"}}, {"pk": 7520, "model": "lugar.municipio", "fields": {"latitud": "11.85572", "extension": "0.00", "departamento": 75, "nombre": "Diriamba", "slug": "diriamba", "longitud": "-86.24074"}}, {"pk": 7530, "model": "lugar.municipio", "fields": {"latitud": "11.82206", "extension": "0.00", "departamento": 75, "nombre": "La Paz de Carazo", "slug": "La-paz-de-carazo", "longitud": "-86.12750"}}, {"pk": 7540, "model": "lugar.municipio", "fields": {"latitud": "11.73336", "extension": "0.00", "departamento": 75, "nombre": "La Conquista", "slug": "La-conquista", "longitud": "-86.19297"}}, {"pk": 7505, "model": "lugar.municipio", "fields": {"latitud": "11.90651", "extension": "0.00", "departamento": 75, "nombre": "San Marcos", "slug": "San-marcos", "longitud": "-86.20314"}}, {"pk": 7515, "model": "lugar.municipio", "fields": {"latitud": "11.85565", "extension": "0.00", "departamento": 75, "nombre": "Dolores", "slug": "dolores", "longitud": "-86.21535"}}, {"pk": 7525, "model": "lugar.municipio", "fields": {"latitud": "11.83224", "extension": "0.00", "departamento": 75, "nombre": "El Rosario", "slug": "El-rosario", "longitud": "-86.16484"}}, {"pk": 7535, "model": "lugar.municipio", "fields": {"latitud": "11.80272", "extension": "0.00", "departamento": 75, "nombre": "Santa Teresa", "slug": "Santa-tereza", "longitud": "-86.16281"}}, {"pk": 3040, "model": "lugar.municipio", "fields": {"latitud": "12.96391", "extension": "0.00", "departamento": 30, "nombre": "Villanueva", "slug": "villanueva", "longitud": "-86.81468"}}, {"pk": 3005, "model": "lugar.municipio", "fields": {"latitud": "13.27596", "extension": "0.00", "departamento": 30, "nombre": "San Pedro del Norte", "slug": "San-pedro-del-norte", "longitud": "-86.87777"}}, {"pk": 3050, "model": "lugar.municipio", "fields": {"latitud": "12.54551", "extension": "0.00", "departamento": 30, "nombre": "El Realejo", "slug": "El-realejo", "longitud": "-87.16736"}}, {"pk": 3015, "model": "lugar.municipio", "fields": {"latitud": "13.23036", "extension": "0.00", "departamento": 30, "nombre": "Cinco Pinos", "slug": "Cinco-pinos", "longitud": "-86.86719"}}, {"pk": 3060, "model": "lugar.municipio", "fields": {"latitud": "12.57224", "extension": "0.00", "departamento": 30, "nombre": "Chichigalpa", "slug": "chichigalpa", "longitud": "-87.02849"}}, {"pk": 3025, "model": "lugar.municipio", "fields": {"latitud": "12.66228", "extension": "0.00", "departamento": 30, "nombre": "El Viejo", "slug": "El-viejo", "longitud": "-87.16541"}}, {"pk": 3035, "model": "lugar.municipio", "fields": {"latitud": "13.04495", "extension": "0.00", "departamento": 30, "nombre": "Somotillo", "slug": "somotillo", "longitud": "-86.90499"}}, {"pk": 3045, "model": "lugar.municipio", "fields": {"latitud": "12.62872", "extension": "0.00", "departamento": 30, "nombre": "Chinandega", "slug": "chinandega", "longitud": "-87.13149"}}, {"pk": 3010, "model": "lugar.municipio", "fields": {"latitud": "13.20016", "extension": "0.00", "departamento": 30, "nombre": "San Francisco del Norte", "slug": "San-francisco-del-norte", "longitud": "-86.77192"}}, {"pk": 3055, "model": "lugar.municipio", "fields": {"latitud": "12.48461", "extension": "0.00", "departamento": 30, "nombre": "Corinto", "slug": "corinto", "longitud": "-87.17122"}}, {"pk": 3020, "model": "lugar.municipio", "fields": {"latitud": "13.18701", "extension": "0.00", "departamento": 30, "nombre": "Santo Tom\u00e1s del Norte", "slug": "Santo-tomas-del-norte", "longitud": "-86.92352"}}, {"pk": 3065, "model": "lugar.municipio", "fields": {"latitud": "12.54410", "extension": "0.00", "departamento": 30, "nombre": "Posoltega", "slug": "posotelga", "longitud": "-86.98010"}}, {"pk": 3030, "model": "lugar.municipio", "fields": {"latitud": "12.76721", "extension": "0.00", "departamento": 30, "nombre": "Pto. Moraz\u00e1n", "slug": "Puerto-morazan", "longitud": "-87.13388"}}, {"pk": 6515, "model": "lugar.municipio", "fields": {"latitud": "12.21539", "extension": "0.00", "departamento": 65, "nombre": "La Libertad", "slug": "La-libertad", "longitud": "-85.16549"}}, {"pk": 6525, "model": "lugar.municipio", "fields": {"latitud": "12.06902", "extension": "0.00", "departamento": 65, "nombre": "Santo Tom\u00e1s", "slug": "Santo-tomas", "longitud": "-85.09340"}}, {"pk": 6535, "model": "lugar.municipio", "fields": {"latitud": "11.96764", "extension": "0.00", "departamento": 65, "nombre": "Acoyapa", "slug": "acoyapa", "longitud": "-85.17044"}}, {"pk": 6505, "model": "lugar.municipio", "fields": {"latitud": "12.28340", "extension": "0.00", "departamento": 65, "nombre": "Comalapa", "slug": "comalapa", "longitud": "-85.51142"}}, {"pk": 6545, "model": "lugar.municipio", "fields": {"latitud": "11.91576", "extension": "0.00", "departamento": 65, "nombre": "El Coral", "slug": "El-coral", "longitud": "-84.65041"}}, {"pk": 6510, "model": "lugar.municipio", "fields": {"latitud": "12.10580", "extension": "0.00", "departamento": 65, "nombre": "Juigalpa", "slug": "juigalpa", "longitud": "-85.36842"}}, {"pk": 6520, "model": "lugar.municipio", "fields": {"latitud": "12.26301", "extension": "0.00", "departamento": 65, "nombre": "Santo Domingo", "slug": "Santo-domingo", "longitud": "-85.08232"}}, {"pk": 6530, "model": "lugar.municipio", "fields": {"latitud": "12.12852", "extension": "0.00", "departamento": 65, "nombre": "San Pedro de L\u00f3vago", "slug": "San-pedro-de-lovago", "longitud": "-85.11572"}}, {"pk": 6540, "model": "lugar.municipio", "fields": {"latitud": "12.04779", "extension": "0.00", "departamento": 65, "nombre": "Villa Sandino", "slug": "Villa-sandino", "longitud": "-84.99334"}}, {"pk": 6507, "model": "lugar.municipio", "fields": {"latitud": "12.26671", "extension": "0.00", "departamento": 65, "nombre": "San Francisco Cuapa", "slug": "San-francisco-cuapa", "longitud": "-85.38308"}}, {"pk": 2505, "model": "lugar.municipio", "fields": {"latitud": "13.37937", "extension": "0.00", "departamento": 25, "nombre": "Pueblo Nuevo", "slug": "Pueblo-nuevo", "longitud": "-86.48077"}}, {"pk": 2515, "model": "lugar.municipio", "fields": {"latitud": "13.08948", "extension": "0.00", "departamento": 25, "nombre": "Estel\u00ed", "slug": "esteli", "longitud": "-86.35551"}}, {"pk": 2525, "model": "lugar.municipio", "fields": {"latitud": "12.96823", "extension": "0.00", "departamento": 25, "nombre": "La Trinidad", "slug": "trinidad", "longitud": "-86.23604"}}, {"pk": 2510, "model": "lugar.municipio", "fields": {"latitud": "13.36213", "extension": "0.00", "departamento": 25, "nombre": "Condega", "slug": "condega", "longitud": "-86.39789"}}, {"pk": 2520, "model": "lugar.municipio", "fields": {"latitud": "13.17489", "extension": "0.00", "departamento": 25, "nombre": "San Juan de Limay", "slug": "Sanjuan-limay", "longitud": "-86.61234"}}, {"pk": 2530, "model": "lugar.municipio", "fields": {"latitud": "12.93312", "extension": "0.00", "departamento": 25, "nombre": "San Nicol\u00e1s", "slug": "San-nicolas", "longitud": "-86.34700"}}, {"pk": 7020, "model": "lugar.municipio", "fields": {"latitud": "11.75630", "extension": "0.00", "departamento": 70, "nombre": "Nandaime", "slug": "nandaime", "longitud": "-86.05345"}}, {"pk": 7005, "model": "lugar.municipio", "fields": {"latitud": "11.88416", "extension": "0.00", "departamento": 70, "nombre": "Diri\u00e1", "slug": "diria", "longitud": "-86.05565"}}, {"pk": 7015, "model": "lugar.municipio", "fields": {"latitud": "11.93095", "extension": "0.00", "departamento": 70, "nombre": "Granada", "slug": "granada", "longitud": "-85.95696"}}, {"pk": 7010, "model": "lugar.municipio", "fields": {"latitud": "11.87494", "extension": "0.00", "departamento": 70, "nombre": "Diriomo", "slug": "diriomo", "longitud": "-86.05110"}}, {"pk": 1030, "model": "lugar.municipio", "fields": {"latitud": "13.19535", "extension": "0.00", "departamento": 10, "nombre": "La Concordia", "slug": "La-concordia", "longitud": "-86.16693"}}, {"pk": 1010, "model": "lugar.municipio", "fields": {"latitud": "13.36764", "extension": "0.00", "departamento": 10, "nombre": "El C\u00faa", "slug": "El-cua", "longitud": "-85.67330"}}, {"pk": 1015, "model": "lugar.municipio", "fields": {"latitud": "13.36667", "extension": "0.00", "departamento": 10, "nombre": "Sta. Mar\u00eda de Pantasma", "slug": "Santa-maria-pantasma", "longitud": "-85.95000"}}, {"pk": 1025, "model": "lugar.municipio", "fields": {"latitud": "13.30500", "extension": "0.00", "departamento": 10, "nombre": "San Sebastian de Yal\u00ed", "slug": "yali", "longitud": "-86.18636"}}, {"pk": 1035, "model": "lugar.municipio", "fields": {"latitud": "13.09165", "extension": "0.00", "departamento": 10, "nombre": "Jinotega", "slug": "jinotega", "longitud": "-86.00121"}}, {"pk": 1005, "model": "lugar.municipio", "fields": {"latitud": "13.62130", "extension": "0.00", "departamento": 10, "nombre": "Wiwil\u00ed", "slug": "Wiwili", "longitud": "-85.81864"}}, {"pk": 1012, "model": "lugar.municipio", "fields": {"latitud": "13.61976", "extension": "0.00", "departamento": 10, "nombre": "San Jos\u00e9 Bocay", "slug": "San-jose-bocay", "longitud": "-85.50080"}}, {"pk": 1020, "model": "lugar.municipio", "fields": {"latitud": "13.21391", "extension": "0.00", "departamento": 10, "nombre": "San Rafael del Norte", "slug": "San-rafael-del-norte", "longitud": "-86.11043"}}, {"pk": 3540, "model": "lugar.municipio", "fields": {"latitud": "12.43481", "extension": "0.00", "departamento": 35, "nombre": "Le\u00f3n", "slug": "leon", "longitud": "-86.88174"}}, {"pk": 3505, "model": "lugar.municipio", "fields": {"latitud": "13.05433", "extension": "0.00", "departamento": 35, "nombre": "Achuapa", "slug": "achuapa", "longitud": "-86.59070"}}, {"pk": 3550, "model": "lugar.municipio", "fields": {"latitud": "12.26531", "extension": "0.00", "departamento": 35, "nombre": "Nagarote", "slug": "nagarote", "longitud": "-86.56812"}}, {"pk": 3515, "model": "lugar.municipio", "fields": {"latitud": "12.80142", "extension": "0.00", "departamento": 35, "nombre": "Santa Rosa del Pe\u00f1on", "slug": "Santa-rosa-del-penon", "longitud": "-86.37144"}}, {"pk": 3525, "model": "lugar.municipio", "fields": {"latitud": "12.59311", "extension": "0.00", "departamento": 35, "nombre": "Larreynaga", "slug": "larreynaga", "longitud": "-86.68015"}}, {"pk": 3535, "model": "lugar.municipio", "fields": {"latitud": "12.50614", "extension": "0.00", "departamento": 35, "nombre": "Quezalguaque", "slug": "quezalguaque", "longitud": "-86.90366"}}, {"pk": 3545, "model": "lugar.municipio", "fields": {"latitud": "12.34011", "extension": "0.00", "departamento": 35, "nombre": "La Paz Centro", "slug": "La-paz-centro", "longitud": "-86.67625"}}, {"pk": 3510, "model": "lugar.municipio", "fields": {"latitud": "12.88694", "extension": "0.00", "departamento": 35, "nombre": "El Sauce", "slug": "El-sauce", "longitud": "-86.53952"}}, {"pk": 3520, "model": "lugar.municipio", "fields": {"latitud": "12.72672", "extension": "0.00", "departamento": 35, "nombre": "El Jicaral", "slug": "El-jicaral", "longitud": "-86.38134"}}, {"pk": 3530, "model": "lugar.municipio", "fields": {"latitud": "12.52152", "extension": "0.00", "departamento": 35, "nombre": "Telica", "slug": "telica", "longitud": "-86.86030"}}, {"pk": 2025, "model": "lugar.municipio", "fields": {"latitud": "13.45597", "extension": "0.00", "departamento": 20, "nombre": "Palacaguina", "slug": "palacaguina", "longitud": "-86.40710"}}, {"pk": 2035, "model": "lugar.municipio", "fields": {"latitud": "13.41358", "extension": "0.00", "departamento": 20, "nombre": "San Lucas", "slug": "San-lucas", "longitud": "-86.61176"}}, {"pk": 2045, "model": "lugar.municipio", "fields": {"latitud": "13.28847", "extension": "0.00", "departamento": 20, "nombre": "San Jos\u00e9 de Cusmapa", "slug": "San-jose-cusmapa", "longitud": "-86.65489"}}, {"pk": 2010, "model": "lugar.municipio", "fields": {"latitud": "13.56336", "extension": "0.00", "departamento": 20, "nombre": "Totogalpa", "slug": "totogalpa", "longitud": "-86.49281"}}, {"pk": 2020, "model": "lugar.municipio", "fields": {"latitud": "13.54458", "extension": "0.00", "departamento": 20, "nombre": "San Juan de R\u00edo Coco", "slug": "San-juan-rio-coco", "longitud": "-86.16537"}}, {"pk": 2030, "model": "lugar.municipio", "fields": {"latitud": "13.48351", "extension": "0.00", "departamento": 20, "nombre": "Yalaguina", "slug": "yalaguina", "longitud": "-86.49344"}}, {"pk": 2040, "model": "lugar.municipio", "fields": {"latitud": "13.34324", "extension": "0.00", "departamento": 20, "nombre": "Las Sabanas", "slug": "Las-sabanas", "longitud": "-86.62194"}}, {"pk": 2005, "model": "lugar.municipio", "fields": {"latitud": "13.48129", "extension": "0.00", "departamento": 20, "nombre": "Somoto", "slug": "somoto", "longitud": "-86.58337"}}, {"pk": 2015, "model": "lugar.municipio", "fields": {"latitud": "13.53131", "extension": "0.00", "departamento": 20, "nombre": "Telpaneca", "slug": "telpaneca", "longitud": "-86.28693"}}, {"pk": 5522, "model": "lugar.municipio", "fields": {"latitud": "12.16082", "extension": "0.00", "departamento": 55, "nombre": "Ciudad Sandino", "slug": "Ciudad-sandino", "longitud": "-86.35004"}}, {"pk": 5530, "model": "lugar.municipio", "fields": {"latitud": "12.02125", "extension": "0.00", "departamento": 55, "nombre": "Ticuantepe", "slug": "ticuantepe", "longitud": "-86.20288"}}, {"pk": 5535, "model": "lugar.municipio", "fields": {"latitud": "11.84681", "extension": "0.00", "departamento": 55, "nombre": "San Rafael del Sur", "slug": "San-rafael-del-sur", "longitud": "-86.43977"}}, {"pk": 5510, "model": "lugar.municipio", "fields": {"latitud": "12.19662", "extension": "0.00", "departamento": 55, "nombre": "Tipitapa", "slug": "tipitapa", "longitud": "-86.09682"}}, {"pk": 5520, "model": "lugar.municipio", "fields": {"latitud": "11.97924", "extension": "0.00", "departamento": 55, "nombre": "Villa Carlos Fonseca", "slug": "Villa-carlos-fonseca", "longitud": "-86.50809"}}, {"pk": 5525, "model": "lugar.municipio", "fields": {"latitud": "12.14746", "extension": "0.00", "departamento": 55, "nombre": "Managua", "slug": "managua", "longitud": "-86.27339"}}, {"pk": 5532, "model": "lugar.municipio", "fields": {"latitud": "11.97865", "extension": "0.00", "departamento": 55, "nombre": "El Crucero", "slug": "El-crucero", "longitud": "-86.31076"}}, {"pk": 5505, "model": "lugar.municipio", "fields": {"latitud": "12.50458", "extension": "0.00", "departamento": 55, "nombre": "San Francisco Libre", "slug": "San-francisco-libre", "longitud": "-86.30105"}}, {"pk": 5515, "model": "lugar.municipio", "fields": {"latitud": "12.23536", "extension": "0.00", "departamento": 55, "nombre": "Mateare", "slug": "mateare", "longitud": "-86.43013"}}, {"pk": 6015, "model": "lugar.municipio", "fields": {"latitud": "12.08133", "extension": "0.00", "departamento": 60, "nombre": "Tisma", "slug": "tisma", "longitud": "-86.01921"}}, {"pk": 6025, "model": "lugar.municipio", "fields": {"latitud": "11.91344", "extension": "0.00", "departamento": 60, "nombre": "Masatepe", "slug": "masatepe", "longitud": "-86.14475"}}, {"pk": 6035, "model": "lugar.municipio", "fields": {"latitud": "11.91078", "extension": "0.00", "departamento": 60, "nombre": "Catarina", "slug": "catarina", "longitud": "-86.07407"}}, {"pk": 6045, "model": "lugar.municipio", "fields": {"latitud": "11.90408", "extension": "0.00", "departamento": 60, "nombre": "Niquinohomo", "slug": "niquinomo", "longitud": "-86.09472"}}, {"pk": 6010, "model": "lugar.municipio", "fields": {"latitud": "11.97735", "extension": "0.00", "departamento": 60, "nombre": "Masaya", "slug": "masaya", "longitud": "-86.09606"}}, {"pk": 6020, "model": "lugar.municipio", "fields": {"latitud": "11.93615", "extension": "0.00", "departamento": 60, "nombre": "La Concepci\u00f3n", "slug": "La-concepcion", "longitud": "-86.19220"}}, {"pk": 6030, "model": "lugar.municipio", "fields": {"latitud": "11.90933", "extension": "0.00", "departamento": 60, "nombre": "Nandasmo", "slug": "nandasmo", "longitud": "-86.13055"}}, {"pk": 6040, "model": "lugar.municipio", "fields": {"latitud": "11.90479", "extension": "0.00", "departamento": 60, "nombre": "San Juan de Oriente", "slug": "San-juan-de-oriente", "longitud": "-86.07311"}}, {"pk": 6005, "model": "lugar.municipio", "fields": {"latitud": "12.00243", "extension": "0.00", "departamento": 60, "nombre": "Nindir\u00ed", "slug": "nindiri", "longitud": "-86.12067"}}, {"pk": 4050, "model": "lugar.municipio", "fields": {"latitud": "12.66446", "extension": "0.00", "departamento": 40, "nombre": "Esquipulas", "slug": "esquipulas", "longitud": "-85.78909"}}, {"pk": 4015, "model": "lugar.municipio", "fields": {"latitud": "13.13735", "extension": "0.00", "departamento": 40, "nombre": "El Tuma - La Dalia", "slug": "El-tuma", "longitud": "-85.73788"}}, {"pk": 4060, "model": "lugar.municipio", "fields": {"latitud": "12.73009", "extension": "0.00", "departamento": 40, "nombre": "Terrabona", "slug": "terrabona", "longitud": "-85.96487"}}, {"pk": 4025, "model": "lugar.municipio", "fields": {"latitud": "12.85190", "extension": "0.00", "departamento": 40, "nombre": "S\u00e9baco", "slug": "sebaco", "longitud": "-86.09696"}}, {"pk": 4035, "model": "lugar.municipio", "fields": {"latitud": "12.92254", "extension": "0.00", "departamento": 40, "nombre": "San Ram\u00f3n", "slug": "San-ramon", "longitud": "-85.83968"}}, {"pk": 4045, "model": "lugar.municipio", "fields": {"latitud": "12.76125", "extension": "0.00", "departamento": 40, "nombre": "Muy Muy", "slug": "muymuy", "longitud": "-85.63123"}}, {"pk": 4010, "model": "lugar.municipio", "fields": {"latitud": "12.93044", "extension": "0.00", "departamento": 40, "nombre": "R\u00ed\u00ado Blanco", "slug": "Rio-blanco", "longitud": "-85.22610"}}, {"pk": 4055, "model": "lugar.municipio", "fields": {"latitud": "12.76190", "extension": "0.00", "departamento": 40, "nombre": "San Dionisio", "slug": "San-dionisio", "longitud": "-85.85091"}}, {"pk": 4020, "model": "lugar.municipio", "fields": {"latitud": "12.92937", "extension": "0.00", "departamento": 40, "nombre": "San Isidro", "slug": "San-isidro", "longitud": "-86.19550"}}, {"pk": 4065, "model": "lugar.municipio", "fields": {"latitud": "12.73000", "extension": "0.00", "departamento": 40, "nombre": "Ciudad Dar\u00ed\u00ado", "slug": "Ciudad-dario", "longitud": "-86.12457"}}, {"pk": 4030, "model": "lugar.municipio", "fields": {"latitud": "12.92709", "extension": "0.00", "departamento": 40, "nombre": "Matagalpa", "slug": "matagalpa", "longitud": "-85.91747"}}, {"pk": 4040, "model": "lugar.municipio", "fields": {"latitud": "12.83710", "extension": "0.00", "departamento": 40, "nombre": "Matigu\u00e1s", "slug": "matiguas", "longitud": "-85.46079"}}, {"pk": 4005, "model": "lugar.municipio", "fields": {"latitud": "13.25352", "extension": "0.00", "departamento": 40, "nombre": "Rancho Grande", "slug": "Rancho-grande", "longitud": "-85.55268"}}, {"pk": 530, "model": "lugar.municipio", "fields": {"latitud": "13.72243", "extension": "0.00", "departamento": 5, "nombre": "Dipilto", "slug": "dipilto", "longitud": "-86.50720"}}, {"pk": 540, "model": "lugar.municipio", "fields": {"latitud": "13.74753", "extension": "0.00", "departamento": 5, "nombre": "Santa Mar\u00ed\u00ada", "slug": "santamaria", "longitud": "-86.71077"}}, {"pk": 505, "model": "lugar.municipio", "fields": {"latitud": "13.92286", "extension": "0.00", "departamento": 5, "nombre": "Jalapa", "slug": "jalapa", "longitud": "-86.12520"}}, {"pk": 550, "model": "lugar.municipio", "fields": {"latitud": "13.64217", "extension": "0.00", "departamento": 5, "nombre": "Ciudad Antigua", "slug": "Ciudad-antigua", "longitud": "-86.30893"}}, {"pk": 515, "model": "lugar.municipio", "fields": {"latitud": "13.72326", "extension": "0.00", "departamento": 5, "nombre": "El J\u00ed\u00adcaro", "slug": "El-jicaro", "longitud": "-86.13705"}}, {"pk": 560, "model": "lugar.municipio", "fields": {"latitud": "13.62667", "extension": "0.00", "departamento": 5, "nombre": "Wiwili de Nueva Segovia", "slug": "Wiwili-nuevasegovia", "longitud": "-85.82369"}}, {"pk": 525, "model": "lugar.municipio", "fields": {"latitud": "13.66168", "extension": "0.00", "departamento": 5, "nombre": "Mozonte", "slug": "mozonte", "longitud": "-86.43706"}}, {"pk": 535, "model": "lugar.municipio", "fields": {"latitud": "13.65239", "extension": "0.00", "departamento": 5, "nombre": "Macuelizo", "slug": "macuelizo", "longitud": "-86.61380"}}, {"pk": 545, "model": "lugar.municipio", "fields": {"latitud": "13.63432", "extension": "0.00", "departamento": 5, "nombre": "Ocotal", "slug": "ocotal", "longitud": "-86.47745"}}, {"pk": 510, "model": "lugar.municipio", "fields": {"latitud": "13.75900", "extension": "0.00", "departamento": 5, "nombre": "Murra", "slug": "murra", "longitud": "-86.01799"}}, {"pk": 555, "model": "lugar.municipio", "fields": {"latitud": "13.56675", "extension": "0.00", "departamento": 5, "nombre": "Quilal\u00ed", "slug": "quilali", "longitud": "-86.02952"}}, {"pk": 520, "model": "lugar.municipio", "fields": {"latitud": "13.67729", "extension": "0.00", "departamento": 5, "nombre": "San Fernando", "slug": "San-fernando", "longitud": "-86.31484"}}, {"pk": 9105, "model": "lugar.municipio", "fields": {"latitud": "14.74386", "extension": "0.00", "departamento": 91, "nombre": "Wasp\u00e1n", "slug": "waspan", "longitud": "-83.96885"}}, {"pk": 9115, "model": "lugar.municipio", "fields": {"latitud": "13.91060", "extension": "0.00", "departamento": 91, "nombre": "Rosita", "slug": "rosita", "longitud": "-84.39153"}}, {"pk": 9125, "model": "lugar.municipio", "fields": {"latitud": "13.33465", "extension": "0.00", "departamento": 91, "nombre": "Waslala", "slug": "waslala", "longitud": "-85.37099"}}, {"pk": 9130, "model": "lugar.municipio", "fields": {"latitud": "13.73857", "extension": "0.00", "departamento": 91, "nombre": "Siuna", "slug": "siuna", "longitud": "-84.78491"}}, {"pk": 9110, "model": "lugar.municipio", "fields": {"latitud": "14.03313", "extension": "0.00", "departamento": 91, "nombre": "Puerto Cabezas", "slug": "Puerto-cabezas", "longitud": "-83.38223"}}, {"pk": 9120, "model": "lugar.municipio", "fields": {"latitud": "14.02584", "extension": "0.00", "departamento": 91, "nombre": "Bonanza", "slug": "bonanza", "longitud": "-84.62088"}}, {"pk": 9127, "model": "lugar.municipio", "fields": {"latitud": "13.15000", "extension": "0.00", "departamento": 91, "nombre": "Mulukuku", "slug": "mulukuku", "longitud": "-84.96667"}}, {"pk": 9135, "model": "lugar.municipio", "fields": {"latitud": "13.40611", "extension": "0.00", "departamento": 91, "nombre": "Prinzapolka", "slug": "prinzapolka", "longitud": "-83.56229"}}, {"pk": 9330, "model": "lugar.municipio", "fields": {"latitud": "12.24163", "extension": "0.00", "departamento": 93, "nombre": "Kukra - Hill", "slug": "Kukra-hill", "longitud": "-83.74532"}}, {"pk": 9310, "model": "lugar.municipio", "fields": {"latitud": "13.11145", "extension": "0.00", "departamento": 93, "nombre": "La Cruz de R\u00edo Grande", "slug": "La-cruz-rio-grande", "longitud": "-84.18835"}}, {"pk": 9340, "model": "lugar.municipio", "fields": {"latitud": "12.01144", "extension": "0.00", "departamento": 93, "nombre": "Bluefields", "slug": "bluefields", "longitud": "-83.76388"}}, {"pk": 9315, "model": "lugar.municipio", "fields": {"latitud": "12.34096", "extension": "0.00", "departamento": 93, "nombre": "Laguna de Perlas", "slug": "Laguna-de-perlas", "longitud": "-83.67052"}}, {"pk": 9320, "model": "lugar.municipio", "fields": {"latitud": "12.16004", "extension": "0.00", "departamento": 93, "nombre": "Rama", "slug": "rama", "longitud": "-84.21913"}}, {"pk": 9325, "model": "lugar.municipio", "fields": {"latitud": "12.06764", "extension": "0.00", "departamento": 93, "nombre": "Muelle de los Bueyes", "slug": "Muelle-de-los-bueyes", "longitud": "-84.53749"}}, {"pk": 9305, "model": "lugar.municipio", "fields": {"latitud": "12.78548", "extension": "0.00", "departamento": 93, "nombre": "Paiwas", "slug": "paiwas", "longitud": "-85.12402"}}, {"pk": 9335, "model": "lugar.municipio", "fields": {"latitud": "12.18017", "extension": "0.00", "departamento": 93, "nombre": "Corn Island", "slug": "Corn-island", "longitud": "-83.05975"}}, {"pk": 9312, "model": "lugar.municipio", "fields": {"latitud": "12.93208", "extension": "0.00", "departamento": 93, "nombre": "Desembocadura de R\u00edo Grande", "slug": "Desembocadura-rio-grande", "longitud": "-83.57697"}}, {"pk": 9345, "model": "lugar.municipio", "fields": {"latitud": "11.68827", "extension": "0.00", "departamento": 93, "nombre": "Nueva Guinea", "slug": "Nueva-guinea", "longitud": "-84.45794"}}, {"pk": 9316, "model": "lugar.municipio", "fields": {"latitud": "12.82085", "extension": "0.00", "departamento": 93, "nombre": "El Tortuguero", "slug": "El-tortuguero", "longitud": "-84.19906"}}, {"pk": 9323, "model": "lugar.municipio", "fields": {"latitud": "12.49486", "extension": "0.00", "departamento": 93, "nombre": "El Ayote", "slug": "El-ayote", "longitud": "-84.81943"}}, {"pk": 8030, "model": "lugar.municipio", "fields": {"latitud": "11.56547", "extension": "0.00", "departamento": 80, "nombre": "Altagracia", "slug": "altagracia", "longitud": "-85.57793"}}, {"pk": 8040, "model": "lugar.municipio", "fields": {"latitud": "11.43975", "extension": "0.00", "departamento": 80, "nombre": "Rivas", "slug": "rivas", "longitud": "-85.82880"}}, {"pk": 8005, "model": "lugar.municipio", "fields": {"latitud": "11.43868", "extension": "0.00", "departamento": 80, "nombre": "Tola", "slug": "tola", "longitud": "-85.93907"}}, {"pk": 8050, "model": "lugar.municipio", "fields": {"latitud": "11.19521", "extension": "0.00", "departamento": 80, "nombre": "C\u00e1rdenas", "slug": "cardenas", "longitud": "-85.50886"}}, {"pk": 8015, "model": "lugar.municipio", "fields": {"latitud": "11.49320", "extension": "0.00", "departamento": 80, "nombre": "Potos\u00ed", "slug": "potosi", "longitud": "-85.85709"}}, {"pk": 8025, "model": "lugar.municipio", "fields": {"latitud": "11.53947", "extension": "0.00", "departamento": 80, "nombre": "Moyogalpa", "slug": "moyogalpa", "longitud": "-85.69746"}}, {"pk": 8035, "model": "lugar.municipio", "fields": {"latitud": "11.45532", "extension": "0.00", "departamento": 80, "nombre": "San Jorge", "slug": "San-jorge", "longitud": "-85.80074"}}, {"pk": 8045, "model": "lugar.municipio", "fields": {"latitud": "11.25384", "extension": "0.00", "departamento": 80, "nombre": "San Juan del Sur", "slug": "San-juan-del-sur", "longitud": "-85.87177"}}, {"pk": 8010, "model": "lugar.municipio", "fields": {"latitud": "11.50081", "extension": "0.00", "departamento": 80, "nombre": "Bel\u00e9n", "slug": "belen", "longitud": "-85.89014"}}, {"pk": 8020, "model": "lugar.municipio", "fields": {"latitud": "11.46923", "extension": "0.00", "departamento": 80, "nombre": "Buenos Aires", "slug": "Buenos-aires", "longitud": "-85.81701"}}, {"pk": 8515, "model": "lugar.municipio", "fields": {"latitud": "11.40156", "extension": "0.00", "departamento": 85, "nombre": "San Miguelito", "slug": "San-miguelito", "longitud": "-84.90005"}}, {"pk": 8525, "model": "lugar.municipio", "fields": {"latitud": "11.03969", "extension": "0.00", "departamento": 85, "nombre": "El Castillo", "slug": "El-castillo", "longitud": "-84.47295"}}, {"pk": 8510, "model": "lugar.municipio", "fields": {"latitud": "11.67684", "extension": "0.00", "departamento": 85, "nombre": "El Almendro", "slug": "El-almendro", "longitud": "-84.70362"}}, {"pk": 8520, "model": "lugar.municipio", "fields": {"latitud": "11.12088", "extension": "0.00", "departamento": 85, "nombre": "San Carlos", "slug": "San-carlos", "longitud": "-84.77837"}}, {"pk": 8530, "model": "lugar.municipio", "fields": {"latitud": "10.94671", "extension": "0.00", "departamento": 85, "nombre": "San Juan del Norte", "slug": "San-juan-del-norte", "longitud": "-83.73479"}}, {"pk": 8505, "model": "lugar.municipio", "fields": {"latitud": "11.62130", "extension": "0.00", "departamento": 85, "nombre": "Morrito", "slug": "morrito", "longitud": "-85.08169"}}]