-- MySQL dump 10.13  Distrib 5.1.49, for debian-linux-gnu (i686)
--
-- Host: localhost    Database: simasnio_fed
-- ------------------------------------------------------
-- Server version	5.1.49-1ubuntu8

/*!40101 SET @OLD_CHARACTER_SET_CLIENT=@@CHARACTER_SET_CLIENT */;
/*!40101 SET @OLD_CHARACTER_SET_RESULTS=@@CHARACTER_SET_RESULTS */;
/*!40101 SET @OLD_COLLATION_CONNECTION=@@COLLATION_CONNECTION */;
/*!40101 SET NAMES utf8 */;
/*!40103 SET @OLD_TIME_ZONE=@@TIME_ZONE */;
/*!40103 SET TIME_ZONE='+00:00' */;
/*!40014 SET @OLD_UNIQUE_CHECKS=@@UNIQUE_CHECKS, UNIQUE_CHECKS=0 */;
/*!40014 SET @OLD_FOREIGN_KEY_CHECKS=@@FOREIGN_KEY_CHECKS, FOREIGN_KEY_CHECKS=0 */;
/*!40101 SET @OLD_SQL_MODE=@@SQL_MODE, SQL_MODE='NO_AUTO_VALUE_ON_ZERO' */;
/*!40111 SET @OLD_SQL_NOTES=@@SQL_NOTES, SQL_NOTES=0 */;

--
-- Table structure for table `auth_group`
--

DROP TABLE IF EXISTS `auth_group`;
/*!40101 SET @saved_cs_client     = @@character_set_client */;
/*!40101 SET character_set_client = utf8 */;
CREATE TABLE `auth_group` (
  `id` int(11) NOT NULL AUTO_INCREMENT,
  `name` varchar(80) NOT NULL,
  PRIMARY KEY (`id`),
  UNIQUE KEY `name` (`name`)
) ENGINE=MyISAM AUTO_INCREMENT=2 DEFAULT CHARSET=latin1;
/*!40101 SET character_set_client = @saved_cs_client */;

--
-- Dumping data for table `auth_group`
--

LOCK TABLES `auth_group` WRITE;
/*!40000 ALTER TABLE `auth_group` DISABLE KEYS */;
INSERT INTO `auth_group` VALUES (1,'Editores');
/*!40000 ALTER TABLE `auth_group` ENABLE KEYS */;
UNLOCK TABLES;

--
-- Table structure for table `auth_group_permissions`
--

DROP TABLE IF EXISTS `auth_group_permissions`;
/*!40101 SET @saved_cs_client     = @@character_set_client */;
/*!40101 SET character_set_client = utf8 */;
CREATE TABLE `auth_group_permissions` (
  `id` int(11) NOT NULL AUTO_INCREMENT,
  `group_id` int(11) NOT NULL,
  `permission_id` int(11) NOT NULL,
  PRIMARY KEY (`id`),
  UNIQUE KEY `group_id` (`group_id`,`permission_id`),
  KEY `auth_group_permissions_425ae3c4` (`group_id`),
  KEY `auth_group_permissions_1e014c8f` (`permission_id`)
) ENGINE=MyISAM AUTO_INCREMENT=10 DEFAULT CHARSET=latin1;
/*!40101 SET character_set_client = @saved_cs_client */;

--
-- Dumping data for table `auth_group_permissions`
--

LOCK TABLES `auth_group_permissions` WRITE;
/*!40000 ALTER TABLE `auth_group_permissions` DISABLE KEYS */;
INSERT INTO `auth_group_permissions` VALUES (1,1,39),(2,1,38),(3,1,33),(4,1,32),(5,1,31),(6,1,37),(7,1,36),(8,1,35),(9,1,34);
/*!40000 ALTER TABLE `auth_group_permissions` ENABLE KEYS */;
UNLOCK TABLES;

--
-- Table structure for table `auth_message`
--

DROP TABLE IF EXISTS `auth_message`;
/*!40101 SET @saved_cs_client     = @@character_set_client */;
/*!40101 SET character_set_client = utf8 */;
CREATE TABLE `auth_message` (
  `id` int(11) NOT NULL AUTO_INCREMENT,
  `user_id` int(11) NOT NULL,
  `message` longtext NOT NULL,
  PRIMARY KEY (`id`),
  KEY `auth_message_403f60f` (`user_id`)
) ENGINE=MyISAM DEFAULT CHARSET=latin1;
/*!40101 SET character_set_client = @saved_cs_client */;

--
-- Dumping data for table `auth_message`
--

LOCK TABLES `auth_message` WRITE;
/*!40000 ALTER TABLE `auth_message` DISABLE KEYS */;
/*!40000 ALTER TABLE `auth_message` ENABLE KEYS */;
UNLOCK TABLES;

--
-- Table structure for table `auth_permission`
--

DROP TABLE IF EXISTS `auth_permission`;
/*!40101 SET @saved_cs_client     = @@character_set_client */;
/*!40101 SET character_set_client = utf8 */;
CREATE TABLE `auth_permission` (
  `id` int(11) NOT NULL AUTO_INCREMENT,
  `name` varchar(50) NOT NULL,
  `content_type_id` int(11) NOT NULL,
  `codename` varchar(100) NOT NULL,
  PRIMARY KEY (`id`),
  UNIQUE KEY `content_type_id` (`content_type_id`,`codename`),
  KEY `auth_permission_1bb8f392` (`content_type_id`)
) ENGINE=MyISAM AUTO_INCREMENT=115 DEFAULT CHARSET=latin1;
/*!40101 SET character_set_client = @saved_cs_client */;

--
-- Dumping data for table `auth_permission`
--

LOCK TABLES `auth_permission` WRITE;
/*!40000 ALTER TABLE `auth_permission` DISABLE KEYS */;
INSERT INTO `auth_permission` VALUES (1,'Can add permission',1,'add_permission'),(2,'Can change permission',1,'change_permission'),(3,'Can delete permission',1,'delete_permission'),(4,'Can add group',2,'add_group'),(5,'Can change group',2,'change_group'),(6,'Can delete group',2,'delete_group'),(7,'Can add user',3,'add_user'),(8,'Can change user',3,'change_user'),(9,'Can delete user',3,'delete_user'),(10,'Can add message',4,'add_message'),(11,'Can change message',4,'change_message'),(12,'Can delete message',4,'delete_message'),(13,'Can add content type',5,'add_contenttype'),(14,'Can change content type',5,'change_contenttype'),(15,'Can delete content type',5,'delete_contenttype'),(16,'Can add session',6,'add_session'),(17,'Can change session',6,'change_session'),(18,'Can delete session',6,'delete_session'),(19,'Can add site',7,'add_site'),(20,'Can change site',7,'change_site'),(21,'Can delete site',7,'delete_site'),(22,'Can add log entry',8,'add_logentry'),(23,'Can change log entry',8,'change_logentry'),(24,'Can delete log entry',8,'delete_logentry'),(25,'Can add departamento',9,'add_departamento'),(26,'Can change departamento',9,'change_departamento'),(27,'Can delete departamento',9,'delete_departamento'),(28,'Can add municipio',10,'add_municipio'),(29,'Can change municipio',10,'change_municipio'),(30,'Can delete municipio',10,'delete_municipio'),(31,'Can add organizacion',11,'add_organizacion'),(32,'Can change organizacion',11,'change_organizacion'),(33,'Can delete organizacion',11,'delete_organizacion'),(34,'Can add proyecto',12,'add_proyecto'),(35,'Can change proyecto',12,'change_proyecto'),(36,'Can delete proyecto',12,'delete_proyecto'),(37,'Can add encuesta',13,'add_encuesta'),(38,'Can change encuesta',13,'change_encuesta'),(39,'Can delete encuesta',13,'delete_encuesta'),(40,'Can add resultado',14,'add_resultado'),(41,'Can change resultado',14,'change_resultado'),(42,'Can delete resultado',14,'delete_resultado'),(43,'Can add Resultado trabajado',15,'add_resultadotrabajado'),(44,'Can change Resultado trabajado',15,'change_resultadotrabajado'),(45,'Can delete Resultado trabajado',15,'delete_resultadotrabajado'),(46,'Can add Acción efectuada según medio',16,'add_accionefectuadamedio'),(47,'Can change Acción efectuada según medio',16,'change_accionefectuadamedio'),(48,'Can delete Acción efectuada según medio',16,'delete_accionefectuadamedio'),(49,'Can add Acción efectuada por región afectada',17,'add_accionefectuadaregion'),(50,'Can change Acción efectuada por región afectada',17,'change_accionefectuadaregion'),(51,'Can delete Acción efectuada por región afectada',17,'delete_accionefectuadaregion'),(52,'Can add Acción efectuada por tipo de documento',18,'add_accionefectuadadocumento'),(53,'Can change Acción efectuada por tipo de documento',18,'change_accionefectuadadocumento'),(54,'Can delete Acción efectuada por tipo de documento',18,'delete_accionefectuadadocumento'),(55,'Can add Parti en comision para decisiones',19,'add_participacioncomisiondecision'),(56,'Can change Parti en comision para decisiones',19,'change_participacioncomisiondecision'),(57,'Can delete Parti en comision para decisiones',19,'delete_participacioncomisiondecision'),(58,'Can add Participación en comisiones para agenda',20,'add_participacioncomisionagenda'),(59,'Can change Participación en comisiones para agenda',20,'change_participacioncomisionagenda'),(60,'Can delete Participación en comisiones para agenda',20,'delete_participacioncomisionagenda'),(61,'Can add Acción para observatorio',21,'add_accionobservatorio'),(62,'Can change Acción para observatorio',21,'change_accionobservatorio'),(63,'Can delete Acción para observatorio',21,'delete_accionobservatorio'),(64,'Can add Denuncia social realizada',22,'add_denunciasocialrealizada'),(65,'Can change Denuncia social realizada',22,'change_denunciasocialrealizada'),(66,'Can delete Denuncia social realizada',22,'delete_denunciasocialrealizada'),(67,'Can add Denuncia social efectivas',23,'add_denunciasocialefectiva'),(68,'Can change Denuncia social efectivas',23,'change_denunciasocialefectiva'),(69,'Can delete Denuncia social efectivas',23,'delete_denunciasocialefectiva'),(70,'Can add Denuncia jurídica',24,'add_denunciajuridica'),(71,'Can change Denuncia jurídica',24,'change_denunciajuridica'),(72,'Can delete Denuncia jurídica',24,'delete_denunciajuridica'),(73,'Can add Acción realizada para reflexión de pob',25,'add_accionrealizadareflexion'),(74,'Can change Acción realizada para reflexión de pob',25,'change_accionrealizadareflexion'),(75,'Can delete Acción realizada para reflexión de pob',25,'delete_accionrealizadareflexion'),(76,'Can add Acción realizada para reflexion Cant',26,'add_accionrelizadareflexionpersona'),(77,'Can change Acción realizada para reflexion Cant',26,'change_accionrelizadareflexionpersona'),(78,'Can delete Acción realizada para reflexion Cant',26,'delete_accionrelizadareflexionpersona'),(79,'Can add Acción impul. x/Org p/prev violencia ',27,'add_accionimpulsadaorg'),(80,'Can change Acción impul. x/Org p/prev violencia ',27,'change_accionimpulsadaorg'),(81,'Can delete Acción impul. x/Org p/prev violencia ',27,'delete_accionimpulsadaorg'),(82,'Can add Acción impulsada por grupos',28,'add_accionimpulsadagrupo'),(83,'Can change Acción impulsada por grupos',28,'change_accionimpulsadagrupo'),(84,'Can delete Acción impulsada por grupos',28,'delete_accionimpulsadagrupo'),(85,'Can add Atención de victimas x/violencia',29,'add_atencionvictima'),(86,'Can change Atención de victimas x/violencia',29,'change_atencionvictima'),(87,'Can delete Atención de victimas x/violencia',29,'delete_atencionvictima'),(88,'Can add Denuncia por violencia de género',30,'add_denunciaviolencia'),(89,'Can change Denuncia por violencia de género',30,'change_denunciaviolencia'),(90,'Can delete Denuncia por violencia de género',30,'delete_denunciaviolencia'),(91,'Can add Atención de casos en Albergues',31,'add_atencionvictimaalbergue'),(92,'Can change Atención de casos en Albergues',31,'change_atencionvictimaalbergue'),(93,'Can delete Atención de casos en Albergues',31,'delete_atencionvictimaalbergue'),(94,'Can add Referencia y contra-referencia',32,'add_referenciacontraref'),(95,'Can change Referencia y contra-referencia',32,'change_referenciacontraref'),(96,'Can delete Referencia y contra-referencia',32,'delete_referenciacontraref'),(97,'Can add Acción que promueve el intercambio',33,'add_accionpromuevenintercambio'),(98,'Can change Acción que promueve el intercambio',33,'change_accionpromuevenintercambio'),(99,'Can delete Acción que promueve el intercambio',33,'delete_accionpromuevenintercambio'),(100,'Can add Acción p/fortalecer capacidad',34,'add_accionfortalececapacidad'),(101,'Can change Acción p/fortalecer capacidad',34,'change_accionfortalececapacidad'),(102,'Can delete Acción p/fortalecer capacidad',34,'delete_accionfortalececapacidad'),(103,'Can add Estado capacidad admitiva',35,'add_estadocapacidadadmitiva'),(104,'Can change Estado capacidad admitiva',35,'change_estadocapacidadadmitiva'),(105,'Can delete Estado capacidad admitiva',35,'delete_estadocapacidadadmitiva'),(106,'Can add Acción para fortalecer capacidad',36,'add_accionfortalececapadmitiva'),(107,'Can change Acción para fortalecer capacidad',36,'change_accionfortalececapadmitiva'),(108,'Can delete Acción para fortalecer capacidad',36,'delete_accionfortalececapadmitiva'),(109,'Can add migration history',37,'add_migrationhistory'),(110,'Can change migration history',37,'change_migrationhistory'),(111,'Can delete migration history',37,'delete_migrationhistory'),(112,'Can add indicador',38,'add_indicador'),(113,'Can change indicador',38,'change_indicador'),(114,'Can delete indicador',38,'delete_indicador');
/*!40000 ALTER TABLE `auth_permission` ENABLE KEYS */;
UNLOCK TABLES;

--
-- Table structure for table `auth_user`
--

DROP TABLE IF EXISTS `auth_user`;
/*!40101 SET @saved_cs_client     = @@character_set_client */;
/*!40101 SET character_set_client = utf8 */;
CREATE TABLE `auth_user` (
  `id` int(11) NOT NULL AUTO_INCREMENT,
  `username` varchar(30) NOT NULL,
  `first_name` varchar(30) NOT NULL,
  `last_name` varchar(30) NOT NULL,
  `email` varchar(75) NOT NULL,
  `password` varchar(128) NOT NULL,
  `is_staff` tinyint(1) NOT NULL,
  `is_active` tinyint(1) NOT NULL,
  `is_superuser` tinyint(1) NOT NULL,
  `last_login` datetime NOT NULL,
  `date_joined` datetime NOT NULL,
  PRIMARY KEY (`id`),
  UNIQUE KEY `username` (`username`)
) ENGINE=MyISAM AUTO_INCREMENT=4 DEFAULT CHARSET=latin1;
/*!40101 SET character_set_client = @saved_cs_client */;

--
-- Dumping data for table `auth_user`
--

LOCK TABLES `auth_user` WRITE;
/*!40000 ALTER TABLE `auth_user` DISABLE KEYS */;
INSERT INTO `auth_user` VALUES (1,'admin','','','helmygb@gmail.com','sha1$10e0e$9e1ae8c310673b520d09fd2c88dd9ac21daaed75',1,1,1,'2010-10-15 11:37:27','2010-09-20 19:59:30'),(2,'eos87','Helmy','Giacoman','helmygb@yahoo.es','sha1$3a83f$6a718ed09b44ad75548bce080d1a8211d557059a',1,1,0,'2010-10-15 14:54:14','2010-09-30 10:27:58'),(3,'temporal','','','','sha1$36b67$b1d37a6948369dc0351a35d6f2befe2d4cd7d6b3',1,1,0,'2010-10-14 17:30:33','2010-10-05 13:10:50');
/*!40000 ALTER TABLE `auth_user` ENABLE KEYS */;
UNLOCK TABLES;

--
-- Table structure for table `auth_user_groups`
--

DROP TABLE IF EXISTS `auth_user_groups`;
/*!40101 SET @saved_cs_client     = @@character_set_client */;
/*!40101 SET character_set_client = utf8 */;
CREATE TABLE `auth_user_groups` (
  `id` int(11) NOT NULL AUTO_INCREMENT,
  `user_id` int(11) NOT NULL,
  `group_id` int(11) NOT NULL,
  PRIMARY KEY (`id`),
  UNIQUE KEY `user_id` (`user_id`,`group_id`),
  KEY `auth_user_groups_403f60f` (`user_id`),
  KEY `auth_user_groups_425ae3c4` (`group_id`)
) ENGINE=MyISAM AUTO_INCREMENT=3 DEFAULT CHARSET=latin1;
/*!40101 SET character_set_client = @saved_cs_client */;

--
-- Dumping data for table `auth_user_groups`
--

LOCK TABLES `auth_user_groups` WRITE;
/*!40000 ALTER TABLE `auth_user_groups` DISABLE KEYS */;
INSERT INTO `auth_user_groups` VALUES (1,2,1),(2,3,1);
/*!40000 ALTER TABLE `auth_user_groups` ENABLE KEYS */;
UNLOCK TABLES;

--
-- Table structure for table `auth_user_user_permissions`
--

DROP TABLE IF EXISTS `auth_user_user_permissions`;
/*!40101 SET @saved_cs_client     = @@character_set_client */;
/*!40101 SET character_set_client = utf8 */;
CREATE TABLE `auth_user_user_permissions` (
  `id` int(11) NOT NULL AUTO_INCREMENT,
  `user_id` int(11) NOT NULL,
  `permission_id` int(11) NOT NULL,
  PRIMARY KEY (`id`),
  UNIQUE KEY `user_id` (`user_id`,`permission_id`),
  KEY `auth_user_user_permissions_403f60f` (`user_id`),
  KEY `auth_user_user_permissions_1e014c8f` (`permission_id`)
) ENGINE=MyISAM DEFAULT CHARSET=latin1;
/*!40101 SET character_set_client = @saved_cs_client */;

--
-- Dumping data for table `auth_user_user_permissions`
--

LOCK TABLES `auth_user_user_permissions` WRITE;
/*!40000 ALTER TABLE `auth_user_user_permissions` DISABLE KEYS */;
/*!40000 ALTER TABLE `auth_user_user_permissions` ENABLE KEYS */;
UNLOCK TABLES;

--
-- Table structure for table `django_admin_log`
--

DROP TABLE IF EXISTS `django_admin_log`;
/*!40101 SET @saved_cs_client     = @@character_set_client */;
/*!40101 SET character_set_client = utf8 */;
CREATE TABLE `django_admin_log` (
  `id` int(11) NOT NULL AUTO_INCREMENT,
  `action_time` datetime NOT NULL,
  `user_id` int(11) NOT NULL,
  `content_type_id` int(11) DEFAULT NULL,
  `object_id` longtext,
  `object_repr` varchar(200) NOT NULL,
  `action_flag` smallint(5) unsigned NOT NULL,
  `change_message` longtext NOT NULL,
  PRIMARY KEY (`id`),
  KEY `django_admin_log_403f60f` (`user_id`),
  KEY `django_admin_log_1bb8f392` (`content_type_id`)
) ENGINE=MyISAM AUTO_INCREMENT=163 DEFAULT CHARSET=latin1;
/*!40101 SET character_set_client = @saved_cs_client */;

--
-- Dumping data for table `django_admin_log`
--

LOCK TABLES `django_admin_log` WRITE;
/*!40000 ALTER TABLE `django_admin_log` DISABLE KEYS */;
INSERT INTO `django_admin_log` VALUES (149,'2010-10-14 16:59:32',1,38,'18','Referencias y contrareferencias',2,'Modificado/a nombre.'),(148,'2010-10-14 16:59:13',1,38,'17','Victimas atendidas',2,'Modificado/a nombre.'),(147,'2010-10-14 16:58:01',1,38,'17','Mujeres atentidas',2,'Modificado/a nombre.'),(146,'2010-10-14 16:57:48',1,38,'16','Denuncias interpuestas',2,'Modificado/a nombre.'),(145,'2010-10-14 16:57:12',1,38,'15','Servicios de atención',2,'Modificado/a nombre.'),(144,'2010-10-14 16:56:55',1,38,'15','Servicios de Antención',2,'Modificado/a nombre.'),(143,'2010-10-14 16:34:56',1,38,'14','Grupos etnico, indigenas y jovenes',2,'Modificado/a nombre.'),(142,'2010-10-14 16:34:41',1,38,'14','Grupos etnico, indig. y jovenes',2,'Modificado/a nombre.'),(141,'2010-10-14 16:33:49',1,38,'13','Grupos div. sexual y discapacidad',2,'Modificado/a nombre.'),(140,'2010-10-14 16:32:37',1,38,'13','Acciones grupos div. sexual y discapacidad',2,'Modificado/a nombre.'),(139,'2010-10-14 16:32:22',1,38,'13','Acciones div. sexual y discapacidad',2,'Modificado/a nombre.'),(138,'2010-10-14 16:31:50',1,38,'13','Acciones grupos div. sexual y discapacidad',2,'Modificado/a nombre.'),(137,'2010-10-14 16:31:22',1,38,'12','Acciones por Organizaciones',2,'Modificado/a nombre.'),(136,'2010-10-14 16:31:16',1,38,'12','Acciones por Organizacion',2,'Modificado/a nombre.'),(135,'2010-10-14 16:25:13',1,38,'14','Promover masculinidad libre',2,'Modificado/a nombre.'),(134,'2010-10-14 16:25:01',1,38,'13','Grupos realizando acciones',2,'Modificado/a nombre.'),(133,'2010-10-14 16:24:43',1,38,'12','Acciones para prevenir',2,'Modificado/a nombre.'),(132,'2010-10-14 16:21:01',1,38,'21','Mejorar la gestion',2,'Modificado/a nombre.'),(131,'2010-10-14 16:20:47',1,38,'20','Medir y reportar indicadores',2,'Modificado/a nombre.'),(130,'2010-10-14 16:20:34',1,38,'19','Intercambio teórico y metod.',2,'Modificado/a nombre.'),(129,'2010-10-14 16:18:45',1,14,'5','Acceso a servicios para victimas',2,'Modificado/a nombre.'),(128,'2010-10-14 16:17:31',1,14,'4','Prevención de la violencia',2,'Modificado/a nombre.'),(127,'2010-10-14 16:17:15',1,14,'6','Capacidad técnica de las OSC',2,'Modificado/a nombre.'),(126,'2010-10-14 16:17:08',1,14,'6','Capacidad té',2,'Modificado/a nombre.'),(125,'2010-10-12 16:32:59',3,13,'6','Organizacion 6 | Proyecto 1 | Cuarto trimestre | 2010',1,''),(124,'2010-10-12 16:14:10',3,13,'5','Organizacion 4 | Proyecto 1 | Segundo trimestre | 2010',1,''),(123,'2010-10-12 15:52:42',3,13,'4','Organizacion 3 | Proyecto 3 | Tercer trimestre | 2010',1,''),(122,'2010-10-12 15:27:20',3,13,'3','Organizacion 2 | Proyecto 3 | Segundo trimestre | 2010',1,''),(121,'2010-10-12 13:05:19',1,38,'10','Discapacidad, etnia e indígenas',3,''),(120,'2010-10-12 13:05:19',1,38,'11','Personas con VIH',3,''),(119,'2010-10-12 13:04:27',1,38,'9','Cambios en las poblaciones',2,'Modificado/a nombre.'),(118,'2010-10-12 13:03:34',1,38,'8','Acciones Efectuadas',2,'Modificado/a nombre.'),(117,'2010-10-12 12:58:40',1,14,'2','Demandando justicia para igualdad',2,'No ha cambiado ningún campo.'),(116,'2010-10-12 12:58:32',1,14,'3','Involucramiento de poblaciones metas',2,'Modificado/a nombre.'),(115,'2010-10-12 12:08:37',1,38,'6','Acciones de denuncias jurídicas ',2,'Modificado/a nombre.'),(114,'2010-10-12 12:08:17',1,38,'5','Acciones Públicas',2,'Modificado/a nombre.'),(113,'2010-10-12 12:07:57',1,38,'7','Disc. por VIH y SIDA',3,''),(112,'2010-10-11 16:44:18',1,13,'1','Organizacion 1 | Proyecto 1 | Primer trimestre | 2010',2,'Modificados comisariato y fiscalia para \"denuncias_interpuestas\" Denuncia por violencia de género. Modificados comisariato y fiscalia para \"denuncias_recibidas\" Denuncia por violencia de género. Modificados comisariato y fiscalia para \"denuncias_sancion\" Denuncia por violencia de género.'),(111,'2010-10-11 16:22:56',1,13,'2','Organizacion 1 | Proyecto 2 | Segundo trimestre | 2010',2,'Añadido/a \"Resultado 2.3\" Resultado trabajado. Modificados servicio_legal para \"casos_atendidos\" Atención de victimas x/violencia.'),(110,'2010-10-11 16:19:51',1,13,'1','Organizacion 1 | Proyecto 1 | Primer trimestre | 2010',2,'Modificados servicio_legal para \"casos_atendidos\" Atención de victimas x/violencia. Modificados servicio_legal para \"casos_resueltos\" Atención de victimas x/violencia.'),(109,'2010-10-11 15:11:58',3,13,'2','Organizacion 1 | Proyecto 2 | Segundo trimestre | 2010',2,'Añadido/a \"radio\" Acción impul. x/Org p/prev violencia . Añadido/a \"periodico\" Acción impul. x/Org p/prev violencia . Añadido/a \"talleres\" Acción impul. x/Org p/prev violencia . Añadido/a \"foros\" Acción impul. x/Org p/prev violencia . Añadido/a \"intercambio_xp\" Acción impul. x/Org p/prev violencia .'),(108,'2010-10-11 12:14:22',1,38,'11','Personas con VIH',2,'Modificado/a nombre.'),(107,'2010-10-11 12:14:05',1,38,'10','Discapacidad, etnia e indígenas',2,'Modificado/a nombre.'),(106,'2010-10-11 12:13:24',1,38,'10','Discapacidad, etnia e indigenas',2,'Modificado/a nombre.'),(105,'2010-10-11 12:12:51',1,38,'9','Personas de la div. sexual',2,'Modificado/a nombre.'),(104,'2010-10-11 12:12:20',1,38,'7','Disc. por VIH y SIDA',2,'Modificado/a nombre.'),(103,'2010-10-11 12:12:10',1,38,'6','Disc. por discapacidad y étnica ',2,'Modificado/a nombre.'),(102,'2010-10-11 12:12:01',1,38,'5','Disc. de la diversidad sexual',2,'Modificado/a nombre.'),(101,'2010-10-11 12:04:10',1,38,'7','Discriminación por VIH y SIDA',2,'Modificado/a nombre.'),(100,'2010-10-11 12:04:01',1,38,'6','Discriminación por discapacidad y étnica ',2,'Modificado/a nombre.'),(99,'2010-10-11 12:03:44',1,38,'5','Discriminación de la diversidad sexual',2,'Modificado/a nombre.'),(98,'2010-10-11 11:25:32',1,38,'9','Personas de la diversidad sexual',2,'Modificado/a nombre.'),(97,'2010-10-11 11:23:47',1,38,'8','Mujeres',2,'Modificado/a nombre.'),(96,'2010-10-11 11:22:15',1,38,'7','Contra de la discriminación por VIH y SIDA',2,'Modificado/a nombre.'),(95,'2010-10-11 11:19:38',1,38,'6','Contra de la discriminación por discapacidad y étnica ',2,'Modificado/a nombre.'),(94,'2010-10-11 11:18:51',1,38,'5','Contra de la discriminación de la diversidad sexual',2,'Modificado/a nombre.'),(93,'2010-10-11 11:12:09',1,38,'4','Observatorios para vigilancia',2,'Modificado/a nombre.'),(92,'2010-10-11 11:10:48',1,14,'2','Demandando justicia para igualdad',2,'Modificado/a nombre.'),(91,'2010-10-11 11:10:07',1,38,'3','Defensa de los derechos',2,'No ha cambiado ningún campo.'),(90,'2010-10-11 11:10:02',1,38,'3','Defensa de los derechos',2,'Modificado/a nombre.'),(89,'2010-10-11 11:09:43',1,38,'2','Participación en instancias',2,'Modificado/a nombre.'),(88,'2010-10-11 11:09:26',1,38,'1','Acciones impulsadas',2,'Modificado/a nombre.'),(87,'2010-10-11 11:08:25',1,14,'3','Involucramiento de poblaciones',2,'Modificado/a nombre.'),(86,'2010-10-11 11:07:34',1,14,'2','Demandando justicia p igualdad',2,'Modificado/a nombre.'),(85,'2010-10-11 11:06:52',1,14,'2','Demandando justicia para igualdad',2,'Modificado/a nombre.'),(84,'2010-10-11 11:05:17',1,14,'1','Impulsando Politicas Públicas',2,'Modificado/a nombre.'),(83,'2010-10-08 16:53:35',1,13,'2','Organizacion 1 | Proyecto 2 | Segundo trimestre | 2010',2,'Modificados resultado para \"Resultado 2.1\" Resultado trabajado.'),(82,'2010-10-08 16:49:17',1,13,'2','Organizacion 1 | Proyecto 2 | Segundo trimestre | 2010',2,'Añadido/a \"Resultado 2.2\" Resultado trabajado.'),(81,'2010-10-08 16:46:05',1,13,'2','Organizacion 1 | Proyecto 2 | Segundo trimestre | 2010',2,'Modificados accion para \"visitas_indiv\" Acción realizada para reflexión de pob.'),(80,'2010-10-08 16:03:24',1,13,'2','Organizacion 1 | Proyecto 2 | Segundo trimestre | 2010',2,'Añadido/a \"Resultado 2.2\" Resultado trabajado.'),(79,'2010-10-08 15:33:29',1,13,'1','Organizacion 1 | Proyecto 1 | Primer trimestre | 2010',2,'Modificados persona_div_sexual, persona_discapacidad, persona_vih, persona_racial y persona_joven para \"denuncia_juridica_atendida\" Denuncia jurídica.'),(78,'2010-10-05 13:11:29',1,13,'2','Organizacion 1 | Proyecto 2 | Segundo trimestre | 2010',2,'Modificado/a user.'),(77,'2010-10-05 13:10:59',1,3,'3','temporal',2,'Modificado/a is_staff y groups.'),(76,'2010-10-05 13:10:50',1,3,'3','temporal',1,''),(75,'2010-09-30 11:33:43',1,13,'2','Organizacion 1 | Proyecto 2 | Segundo trimestre | 2010',2,'Modificados municipio para \"Resultado 1.1\" Resultado trabajado.'),(74,'2010-09-30 10:36:27',2,13,'2','Organizacion 1 | Proyecto 2 | Segundo trimestre | 2010',2,'Modificado/a user.'),(73,'2010-09-30 10:30:33',1,3,'2','eos87',2,'Modificado/a groups.'),(72,'2010-09-30 10:30:22',1,2,'1','Editores',1,''),(71,'2010-09-30 10:28:42',1,3,'2','eos87',2,'Modificado/a first_name, last_name, email y is_staff.'),(70,'2010-09-30 10:27:58',1,3,'2','eos87',1,''),(69,'2010-09-30 10:22:44',1,13,'1','Organizacion 1 | Proyecto 1 | Primer trimestre | 2010',2,'Modificado/a user.'),(68,'2010-09-30 10:22:27',1,13,'2','Organizacion 1 | Proyecto 2 | Segundo trimestre | 2010',2,'Modificado/a user.'),(67,'2010-09-29 11:41:14',1,13,'2','Organizacion 1 | Proyecto 2 | Segundo trimestre | 2010',2,'Modificados municipio para \"Resultado 1.1\" Resultado trabajado.'),(66,'2010-09-29 11:40:50',1,13,'2','Organizacion 1 | Proyecto 2 | Segundo trimestre | 2010',2,'Modificado/a organizacion y periodo.'),(65,'2010-09-29 10:54:44',1,13,'1','Organizacion 1 | Proyecto 1 | Primer trimestre | 2010',2,'Modificado/a periodo.'),(64,'2010-09-29 10:52:19',1,13,'2','Organizacion 2 | Proyecto 2 | Primer trimestre | 2010',2,'Modificado/a periodo.'),(63,'2010-09-29 10:44:33',1,13,'2','Organizacion 2 | Proyecto 2 | Segundo trimestre | 2010',2,'No ha cambiado ningún campo.'),(62,'2010-09-29 10:44:06',1,13,'2','Organizacion 2 | Proyecto 2 | (\'2\', \'Segundo trimestre\') | 2010',2,'No ha cambiado ningún campo.'),(61,'2010-09-29 10:32:19',1,13,'2','Encuesta object',2,'No ha cambiado ningún campo.'),(60,'2010-09-29 10:31:10',1,13,'1','Encuesta object',2,'Modificado/a periodo y anio.'),(59,'2010-09-29 10:30:55',1,13,'2','Encuesta object',2,'Modificado/a periodo y anio.'),(58,'2010-09-28 10:51:50',1,11,'5','Organizacion 6',1,''),(57,'2010-09-27 16:51:15',1,13,'1','Encuesta object',2,'No ha cambiado ningún campo.'),(56,'2010-09-27 16:45:32',1,13,'1','Encuesta object',2,'Modificado/a fecha_inicio y fecha_fin. Modificados persona_div_sexual, persona_discapacidad, persona_vih, persona_racial y persona_joven para \"estudios\" Denuncia social realizada. Modificados persona_div_sexual, persona_discapacidad, persona_vih, persona_racial y persona_joven para \"foros\" Denuncia social realizada. Modificados persona_div_sexual, persona_discapacidad, persona_vih, persona_racial y persona_joven para \"cabildos\" Denuncia social realizada. Modificados persona_div_sexual, persona_discapacidad, persona_vih, persona_racial y persona_joven para \"campania_tv\" Denuncia social realizada. Modificados persona_div_sexual, persona_discapacidad, persona_vih, persona_racial y persona_joven para \"campania_radio\" Denuncia social realizada. Modificados persona_div_sexual, persona_discapacidad, persona_vih, persona_racial y persona_joven para \"talleres\" Denuncia social realizada. Modificados persona_discapacidad, persona_vih, persona_racial y persona_joven para \"manifestaciones\" Denuncia social realizada. Modificados persona_div_sexual, persona_discapacidad, persona_vih, persona_racial y persona_joven para \"reuniones\" Denuncia social realizada.'),(55,'2010-09-27 16:24:05',1,13,'2','Encuesta object',2,'Modificado/a fecha_inicio y fecha_fin. Modificados accion, persona_div_sexual, persona_discapacidad, persona_vih, persona_racial y persona_joven para \"estudios\" Denuncia social realizada. Modificados accion, persona_div_sexual, persona_discapacidad, persona_vih, persona_racial y persona_joven para \"estudios\" Denuncia social efectivas.'),(54,'2010-09-27 11:36:43',1,13,'2','Encuesta object',2,'Modificado/a organizacion, fecha_inicio y fecha_fin.'),(53,'2010-09-24 12:57:06',1,13,'1','Encuesta object',2,'Modificado/a fecha_inicio y fecha_fin. Modificados cantidad_instancias, cantidad_acciones_promovidas y cantidad_acciones_efectivas para \"comunitario\" Parti en comision para decisiones. Modificados cantidad_instancias, cantidad_acciones_promovidas y cantidad_acciones_efectivas para \"municipal\" Parti en comision para decisiones. Modificados cantidad_instancias, cantidad_acciones_promovidas y cantidad_acciones_efectivas para \"departamental\" Parti en comision para decisiones.'),(52,'2010-09-24 12:32:43',1,13,'1','Encuesta object',2,'Modificado/a fecha_inicio y fecha_fin. Modificados cantidad y participantes para \"leyes\" Acción efectuada por tipo de documento. Modificados cantidad y participantes para \"codigos\" Acción efectuada por tipo de documento. Modificados participantes para \"reglamentos\" Acción efectuada por tipo de documento. Modificados cantidad y participantes para \"normativas\" Acción efectuada por tipo de documento. Modificados cantidad y participantes para \"acuerdos\" Acción efectuada por tipo de documento.'),(51,'2010-09-24 11:19:23',1,13,'2','Encuesta object',2,'Modificado/a fecha_inicio y fecha_fin. Añadido/a \"cabildos\" Acción efectuada según medio.'),(50,'2010-09-24 11:18:04',1,13,'2','Encuesta object',2,'Modificado/a fecha_inicio y fecha_fin.'),(49,'2010-09-24 11:05:41',1,13,'2','Encuesta object',2,'Modificado/a organizacion, fecha_inicio y fecha_fin.'),(48,'2010-09-23 15:32:07',1,12,'3','Proyecto 3',2,'Modificado/a municipio.'),(47,'2010-09-23 15:31:49',1,12,'2','Proyecto 2',2,'Modificado/a municipio.'),(46,'2010-09-23 15:31:36',1,12,'1','Proyecto 1',2,'Modificado/a municipio.'),(45,'2010-09-23 11:04:16',1,38,'1','Indicador 1.1.1',2,'Modificado/a variables.'),(44,'2010-09-23 11:03:48',1,38,'21','Indicador 3.1.3',2,'Modificado/a variables.'),(43,'2010-09-22 14:27:08',1,38,'21','Indicador 3.1.3',1,''),(42,'2010-09-22 14:26:13',1,38,'20','Indicador 3.1.2',1,''),(41,'2010-09-22 14:24:43',1,38,'19','Indicador 3.1.1',1,''),(40,'2010-09-22 14:23:42',1,38,'18','Indicador 2.3.4',1,''),(39,'2010-09-22 14:23:00',1,38,'17','Indicador 2.3.3',1,''),(38,'2010-09-22 14:22:03',1,38,'16','Indicador 2.3.2',1,''),(37,'2010-09-22 14:21:08',1,38,'15','Indicador 2.3.1',1,''),(36,'2010-09-22 14:19:55',1,38,'14','Indicador 2.2.3',1,''),(35,'2010-09-22 14:19:05',1,38,'13','Indicador 2.2.2',1,''),(34,'2010-09-22 14:17:56',1,38,'12','Indicador 2.2.1',1,''),(33,'2010-09-22 13:16:16',1,38,'11','Indicador 2.1.4',1,''),(32,'2010-09-22 13:15:24',1,38,'10','Indicador 2.1.3',1,''),(31,'2010-09-22 13:13:34',1,38,'9','Indicador 2.1.2',1,''),(30,'2010-09-22 13:12:30',1,38,'8','Indicador 2.1.1',1,''),(29,'2010-09-22 13:11:07',1,38,'7','Indicador 1.2.3',1,''),(28,'2010-09-22 13:10:05',1,38,'6','Indicador 1.2.2',1,''),(27,'2010-09-22 13:08:56',1,38,'5','Indicador 1.2.1',1,''),(26,'2010-09-22 13:05:25',1,38,'4','Indicador 1.1.4',1,''),(25,'2010-09-22 13:04:31',1,38,'3','Indicador 1.1.3',1,''),(24,'2010-09-22 13:03:44',1,38,'2','Indicador 1.1.2',1,''),(23,'2010-09-22 13:03:05',1,38,'1','Indicador 1.1.1',1,''),(22,'2010-09-21 11:28:05',1,12,'3','Proyecto 3',2,'Modificado/a descripcion.'),(21,'2010-09-21 11:27:56',1,12,'2','Proyecto 2',2,'Modificado/a descripcion.'),(20,'2010-09-21 11:27:47',1,12,'1','Proyecto 1',2,'Modificado/a descripcion.'),(19,'2010-09-21 11:06:58',1,12,'1','Proyecto 1',2,'Modificado/a descripcion.'),(18,'2010-09-21 11:06:42',1,12,'2','Proyecto 2',2,'Modificado/a descripcion.'),(17,'2010-09-21 11:06:34',1,12,'3','Proyecto 3',2,'Modificado/a descripcion.'),(16,'2010-09-21 10:39:37',1,13,'2','Encuesta object',2,'Modificado/a organizacion, fecha_inicio y fecha_fin.'),(15,'2010-09-21 10:38:18',1,13,'2','Encuesta object',1,''),(14,'2010-09-20 20:30:08',1,13,'1','Encuesta object',1,''),(13,'2010-09-20 20:14:12',1,14,'6','Resultado 3.1',1,''),(12,'2010-09-20 20:13:11',1,14,'5','Resultado 2.3',1,''),(11,'2010-09-20 20:12:08',1,14,'4','Resultado 2.2',1,''),(10,'2010-09-20 20:11:13',1,14,'3','Resultado 2.1',1,''),(9,'2010-09-20 20:09:45',1,14,'2','Resultado 1.2',1,''),(8,'2010-09-20 20:08:04',1,14,'1','Resultado 1.1',1,''),(7,'2010-09-20 20:05:56',1,12,'3','Proyecto 3',1,''),(6,'2010-09-20 20:05:41',1,12,'2','Proyecto 2',1,''),(5,'2010-09-20 20:05:26',1,12,'1','Proyecto 1',1,''),(4,'2010-09-20 20:05:02',1,11,'4','Organizacion 4',1,''),(3,'2010-09-20 20:04:54',1,11,'3','Organizacion 3',1,''),(2,'2010-09-20 20:04:49',1,11,'2','Organizacion 2',1,''),(1,'2010-09-20 20:04:43',1,11,'1','Organizacion 1',1,''),(150,'2010-10-15 12:50:41',1,12,'1','Empoderándonos de nuestros derechos e incidiendo  en nuestras cooperativas y en el ámbito públic',2,'Modificado/a nombre, monto y monto2.'),(151,'2010-10-15 13:02:57',1,12,'1','Empoderándonos de nuestros derechos e incidiendo \r\nen nuestras cooperativas y en el ámbito públic',2,'Modificado/a nombre.'),(152,'2010-10-15 13:03:27',1,12,'2','Proyecto 2',2,'Modificado/a nombre, cobertura y duracion.'),(153,'2010-10-15 13:04:22',1,12,'3','Proyecto 3',2,'Modificado/a nombre, cobertura y duracion.'),(154,'2010-10-15 13:04:29',1,12,'3','Proyecto 3',2,'Modificado/a duracion.'),(155,'2010-10-15 13:13:14',1,11,'1','Org ',2,'Modificado/a nombre, nombre_corto, direccion, correo y antecedentes.'),(156,'2010-10-15 13:15:18',1,11,'2','Org 2',2,'Modificado/a nombre, nombre_corto, direccion, correo y antecedentes.'),(157,'2010-10-15 13:15:43',1,11,'3','Org 3',2,'Modificado/a nombre, nombre_corto, direccion, correo y antecedentes.'),(158,'2010-10-15 13:15:50',1,11,'1','Org 1',2,'Modificado/a nombre_corto.'),(159,'2010-10-15 13:16:18',1,11,'4','Org 4',2,'Modificado/a nombre, nombre_corto, direccion, correo y antecedentes.'),(160,'2010-10-15 13:16:39',1,11,'5','Org 5',2,'Modificado/a nombre, nombre_corto, direccion, correo y antecedentes.'),(161,'2010-10-15 14:45:02',1,12,'1','Empoderándonos de nuestros derechos e incidiendo \r\nen nuestras cooperativas y en el ámbito públic',2,'Modificado/a monto y monto2.'),(162,'2010-10-15 14:45:20',1,12,'1','Empoderándonos de nuestros derechos e incidiendo \r\nen nuestras cooperativas y en el ámbito públic',2,'Modificado/a monto y monto2.');
/*!40000 ALTER TABLE `django_admin_log` ENABLE KEYS */;
UNLOCK TABLES;

--
-- Table structure for table `django_content_type`
--

DROP TABLE IF EXISTS `django_content_type`;
/*!40101 SET @saved_cs_client     = @@character_set_client */;
/*!40101 SET character_set_client = utf8 */;
CREATE TABLE `django_content_type` (
  `id` int(11) NOT NULL AUTO_INCREMENT,
  `name` varchar(150) NOT NULL,
  `app_label` varchar(100) NOT NULL,
  `model` varchar(100) NOT NULL,
  PRIMARY KEY (`id`),
  UNIQUE KEY `app_label` (`app_label`,`model`)
) ENGINE=MyISAM AUTO_INCREMENT=39 DEFAULT CHARSET=latin1;
/*!40101 SET character_set_client = @saved_cs_client */;

--
-- Dumping data for table `django_content_type`
--

LOCK TABLES `django_content_type` WRITE;
/*!40000 ALTER TABLE `django_content_type` DISABLE KEYS */;
INSERT INTO `django_content_type` VALUES (17,'Acciones impulsadas: Ambiente de acciones','encuesta','accionefectuadaregion'),(18,'Acciones impulsadas: Efectividad de acciones','encuesta','accionefectuadadocumento'),(16,'Acciones impulsadas: Tipo de acciones','encuesta','accionefectuadamedio'),(27,'Acción impul. x/Org p/prev violencia ','encuesta','accionimpulsadaorg'),(28,'Acción impulsada por grupos','encuesta','accionimpulsadagrupo'),(34,'Acción p/fortalecer capacidad','encuesta','accionfortalececapacidad'),(36,'Acción para fortalecer capacidad','encuesta','accionfortalececapadmitiva'),(21,'Observatorios para vigilancia','encuesta','accionobservatorio'),(33,'Acción que promueve el intercambio','encuesta','accionpromuevenintercambio'),(26,'Cambios en las poblaciones meta','encuesta','accionrelizadareflexionpersona'),(25,'Acción realizada para reflexión de pob','encuesta','accionrealizadareflexion'),(31,'Atención de casos en Albergues','encuesta','atencionvictimaalbergue'),(29,'Atención de victimas x/violencia','encuesta','atencionvictima'),(24,'Denuncia jurídica','encuesta','denunciajuridica'),(30,'Denuncia por violencia de género','encuesta','denunciaviolencia'),(23,'Denuncias públicas efectivas','encuesta','denunciasocialefectiva'),(22,'Denuncias públicas','encuesta','denunciasocialrealizada'),(35,'Estado capacidad admitiva','encuesta','estadocapacidadadmitiva'),(19,'Participacion en instancias: Participacion y Efectividad','encuesta','participacioncomisiondecision'),(20,'Defensa de los DDSSRR','encuesta','participacioncomisionagenda'),(32,'Referencia y contra-referencia','encuesta','referenciacontraref'),(15,'Resultado trabajado','encuesta','resultadotrabajado'),(5,'content type','contenttypes','contenttype'),(9,'departamento','lugar','departamento'),(13,'encuesta','encuesta','encuesta'),(2,'group','auth','group'),(38,'indicador','encuesta','indicador'),(8,'log entry','admin','logentry'),(4,'message','auth','message'),(37,'migration history','south','migrationhistory'),(10,'municipio','lugar','municipio'),(11,'organizacion','encuesta','organizacion'),(1,'permission','auth','permission'),(12,'proyecto','encuesta','proyecto'),(14,'resultado','encuesta','resultado'),(6,'session','sessions','session'),(7,'site','sites','site'),(3,'user','auth','user');
/*!40000 ALTER TABLE `django_content_type` ENABLE KEYS */;
UNLOCK TABLES;

--
-- Table structure for table `django_session`
--

DROP TABLE IF EXISTS `django_session`;
/*!40101 SET @saved_cs_client     = @@character_set_client */;
/*!40101 SET character_set_client = utf8 */;
CREATE TABLE `django_session` (
  `session_key` varchar(40) NOT NULL,
  `session_data` longtext NOT NULL,
  `expire_date` datetime NOT NULL,
  PRIMARY KEY (`session_key`)
) ENGINE=MyISAM DEFAULT CHARSET=latin1;
/*!40101 SET character_set_client = @saved_cs_client */;

--
-- Dumping data for table `django_session`
--

LOCK TABLES `django_session` WRITE;
/*!40000 ALTER TABLE `django_session` DISABLE KEYS */;
INSERT INTO `django_session` VALUES ('ff751a2f124b496ecf6957c499c2d27a','gAJ9cQEoVRJfYXV0aF91c2VyX2JhY2tlbmRxAlUpZGphbmdvLmNvbnRyaWIuYXV0aC5iYWNrZW5k\ncy5Nb2RlbEJhY2tlbmRxA1UNX2F1dGhfdXNlcl9pZHEESwF1LmVjZTY5OGY3MmY1Y2JhNTMyYzdh\nZDcyZjFmNjhlNDIw\n','2010-10-04 20:04:10'),('c022418768591ea9b180d3987f249ade','gAJ9cQEoVQxvcmdhbml6YWNpb25xAmNkamFuZ28uZGIubW9kZWxzLnF1ZXJ5ClF1ZXJ5U2V0CnED\nKYFxBH1xBShVBV9pdGVycQZOVQpfZm9yX3dyaXRlcQeJVQ5fc3RpY2t5X2ZpbHRlcnEIiVUFcXVl\ncnlxCWNkamFuZ28uZGIubW9kZWxzLnNxbC5xdWVyeQpRdWVyeQpxCimBcQt9cQwoVRVhZ2dyZWdh\ndGVfc2VsZWN0X21hc2txDU5VF19hZ2dyZWdhdGVfc2VsZWN0X2NhY2hlcQ5OVQVleHRyYXEPY2Rq\nYW5nby51dGlscy5kYXRhc3RydWN0dXJlcwpTb3J0ZWREaWN0CnEQKYFxEX1xElUIa2V5T3JkZXJx\nE11xFHNiVQhqb2luX21hcHEVfXEWKE5VFWVuY3Vlc3RhX29yZ2FuaXphY2lvbnEXTk50cRhoF4Vx\nGXNVFXJlbGF0ZWRfc2VsZWN0X2ZpZWxkc3EaXXEbVQxleHRyYV90YWJsZXNxHClVBnNlbGVjdHEd\nXXEeVQtxdW90ZV9jYWNoZXEffXEgVQxyZXZfam9pbl9tYXBxIX1xImgXaBhzVQx1c2VkX2FsaWFz\nZXNxI2NfX2J1aWx0aW5fXwpzZXQKcSRdcSVoF2GFUnEmVQhvcmRlcl9ieXEnXXEoVQhkaXN0aW5j\ndHEpiVUOZHVwZV9hdm9pZGFuY2VxKn1xK1UIZ3JvdXBfYnlxLE5VCWFsaWFzX21hcHEtfXEuaBco\naBdoF05OTk6JdHEvc1UOc2VsZWN0X3JlbGF0ZWRxMIlVEGRlZmVycmVkX2xvYWRpbmdxMWgkXYVS\ncTKIhnEzVQ1zZWxlY3RfZmllbGRzcTRdcTVVE19leHRyYV9zZWxlY3RfY2FjaGVxNk5VCW1heF9k\nZXB0aHE3SwVVEXN0YW5kYXJkX29yZGVyaW5ncTiIVQ5leHRyYV9vcmRlcl9ieXE5KVUQZGVmYXVs\ndF9vcmRlcmluZ3E6iFUGdGFibGVzcTtdcTxoF2FVCmFnZ3JlZ2F0ZXNxPWgQKYFxPn1xP2gTXXFA\nc2JVEWV4dHJhX3NlbGVjdF9tYXNrcUFOVQhsb3dfbWFya3FCSwBVDmFsaWFzX3JlZmNvdW50cUN9\ncURoF0sBc1UTcmVsYXRlZF9zZWxlY3RfY29sc3FFXXFGVQxkZWZhdWx0X2NvbHNxR4hVEG9yZGVy\naW5nX2FsaWFzZXNxSF1xSVUGaGF2aW5ncUpjZGphbmdvLmRiLm1vZGVscy5zcWwud2hlcmUKV2hl\ncmVOb2RlCnFLKYFxTH1xTShVCWNvbm5lY3RvcnFOVQNBTkRxT1UHbmVnYXRlZHFQiVUIY2hpbGRy\nZW5xUV1xUlUPc3VidHJlZV9wYXJlbnRzcVNdcVR1YlUZaW5jbHVkZWRfaW5oZXJpdGVkX21vZGVs\nc3FVfXFWTmgXc1UJdGFibGVfbWFwcVd9cVhoF11xWWgXYXNVC3doZXJlX2NsYXNzcVpoS1UFbW9k\nZWxxW2NmZWQuZW5jdWVzdGEubW9kZWxzCk9yZ2FuaXphY2lvbgpxXFUFd2hlcmVxXWhLKYFxXn1x\nXyhoTmhPaFCJaFFdcWBoSymBcWF9cWIoaE5oT2hQiWhRXXFjKGNkamFuZ28uZGIubW9kZWxzLnNx\nbC53aGVyZQpDb25zdHJhaW50CnFkKYFxZX1xZihVBWFsaWFzcWdoF2hbaFxVCmZpZWxkX25hbWVx\naFUCaWRxaVUDY29scWpoaXViVQJpbohdcWtLAWF0cWxhaFNdcW11YmFoU11xbnViVQloaWdoX21h\ncmtxb05VEGZpbHRlcl9pc19zdGlja3lxcIl1YlUDX2RicXFOaFtoXFUNX3Jlc3VsdF9jYWNoZXFy\nXXFzY2RqYW5nby5kYi5tb2RlbHMuYmFzZQptb2RlbF91bnBpY2tsZQpxdGhcXWNkamFuZ28uZGIu\nbW9kZWxzLmJhc2UKc2ltcGxlX2NsYXNzX2ZhY3RvcnkKcXWHUnF2fXF3KFUGbm9tYnJlcXhYDgAA\nAE9yZ2FuaXphY2lvbiAxcXlVBl9zdGF0ZXF6Y2RqYW5nby5kYi5tb2RlbHMuYmFzZQpNb2RlbFN0\nYXRlCnF7KYFxfH1xfVUCZGJxflUHZGVmYXVsdHF/c2JoaUsBdWJhdWJVCXJlc3VsdGFkb3GAaHRj\nZmVkLmVuY3Vlc3RhLm1vZGVscwpSZXN1bHRhZG8KcYFdaHWHUnGCfXGDKFULZGVzY3JpcGNpb25x\nhFirAAAAT3JnYW5pemFjaW9uZXMgZGUgbGEgc29jaWVkYWQgY2l2aWwgaW1wdWxzYW5kbyBhY2Np\nb25lcyByZWxhY2lvbmFkYXMgYSBsYSBleGlzdGVuY2lhIHkvbyBhcGxpY2FjacOzbiBlZmVjdGl2\nYSBkZSBwb2zDrXRpY2FzIHDDumJsaWNhcyBwYXJhIGxhIGlndWFsZGFkIHkgZXF1aWRhZCBkZSBn\nw6luZXJvcYVVBm5vbWJyZXGGWA0AAABSZXN1bHRhZG8gMS4xcYdVBl9zdGF0ZXGIaHspgXGJfXGK\nVQJkYnGLVQdkZWZhdWx0cYxzYlUCaWRxjUsBdWJVDV9hdXRoX3VzZXJfaWRxjksBVRJfYXV0aF91\nc2VyX2JhY2tlbmRxj1UpZGphbmdvLmNvbnRyaWIuYXV0aC5iYWNrZW5kcy5Nb2RlbEJhY2tlbmRx\nkFUFaGFzdGFxkWNkYXRldGltZQpkYXRlCnGSVQQH2gkUhVJxk1UGYWN0aXZvcZSIVQVkZXNkZXGV\naJJVBAfaCRSFUnGWVQltdW5pY2lwaW9xl2gDKYFxmH1xmShoBk5oB4loCIloCWgKKYFxmn1xmyho\nDU5oDk5oD2gQKYFxnH1xnWgTXXGec2JoFX1xnygoTlUPbHVnYXJfbXVuaWNpcGlvcaBOTnRxoWig\nhXGiKGigVRJsdWdhcl9kZXBhcnRhbWVudG9xo1UPZGVwYXJ0YW1lbnRvX2lkcaRoaXRxpWijhXGm\ndWgaXXGnaBwpaB1dcahoH31xqWghfXGqKGigaKFoo2ildWgjaCRdcatooGGFUnGsaCddca1oKYlo\nKn1xrmgsTmgtfXGvKGigKGigaKBOTk5OiXRxsGijKGijaKNVCklOTkVSIEpPSU5xsWigaKRoaYl0\ncbJ1aDCJaDFoJF2FUnGziIZxtGg0XXG1aDZOaDdLBWg4iGg5KWg6iGg7XXG2KGigaKNlaD1oECmB\ncbd9cbhoE11xuXNiaEFOaEJLAGhDfXG6KGigSwJoo0sCdWhFXXG7aEeIaEhdcbxoSmhLKYFxvX1x\nvihoTmhPaFCJaFFdcb9oU11xwHViaFV9ccFOaKBzaFd9ccIoaKBdccNooGFoo11xxGijYXVoWmhL\naFtjZmVkLmx1Z2FyLm1vZGVscwpNdW5pY2lwaW8KccVoXWhLKYFxxn1xxyhoTmhPaFCJaFFdccho\nSymBccl9ccooaE5oT2hQiWhRXXHLKGhkKYFxzH1xzShoZ2igaFtoxWhoaGloamhpdWJVAmluiF1x\nzihNjRNNkhNNlxNNnBNNoRNNphNldHHPYWhTXXHQdWJhaFNdcdF1YmhvTmhwiXViaHFOaFtoxWhy\nXXHSKGh0aMVdaHWHUnHTfXHUKFUHbGF0aXR1ZHHVY2RlY2ltYWwKRGVjaW1hbApx1lUIMTIuNTk3\nNDiFUnHXVQlleHRlbnNpb25x2GjWVQEwhVJx2Wh6aHspgXHafXHbaH5of3NiaKRLMmhpTY0TaHhY\nGAAAAFNhbiBKb3PDqSBkZSBsb3MgUmVtYXRlc3HcVQRzbHVncd1YFwAAAFNhbi1qb3NlLWRlLWxv\ncy1yZW1hdGVzcd5VCGxvbmdpdHVkcd9o1lUJLTg1Ljc2MjUzhVJx4HViaHRoxV1odYdSceF9ceIo\naNVo1lUHMTIuNDcxNoVSceNo2GjWVQEwhVJx5Gh6aHspgXHlfXHmaH5of3NiaKRLMmhpTZITaHhY\nBQAAAEJvYWNvcedo3VgFAAAAYm9hY29x6GjfaNZVCS04NS42NTk1MoVScel1Ymh0aMVdaHWHUnHq\nfXHrKGjVaNZVCDEyLjM4Mzc3hVJx7GjYaNZVATCFUnHtaHpoeymBce59ce9ofmh/c2JopEsyaGlN\nlxNoeFgHAAAAQ2Ftb2FwYXHwaN1YBwAAAGNhbW9hcGFx8WjfaNZVCS04NS41MTQ2NYVScfJ1Ymh0\naMVdaHWHUnHzfXH0KGjVaNZVCDEyLjUzMjI2hVJx9WjYaNZVATCFUnH2aHpoeymBcfd9cfhofmh/\nc2JopEsyaGlNnBNoeFgMAAAAU2FudGEgTHVjw61hcflo3VgLAAAAU2FudGEtbHVjaWFx+mjfaNZV\nCS04NS43MTE1NoVScft1Ymh0aMVdaHWHUnH8fXH9KGjVaNZVCDEyLjQxOTc5hVJx/mjYaNZVATCF\nUnH/aHpoeymBcgABAAB9cgEBAABofmh/c2JopEsyaGlNoRNoeFgIAAAAVGV1c3RlcGVyAgEAAGjd\nWAgAAAB0ZXVzdGVwZXIDAQAAaN9o1lUJLTg1Ljc5OTIyhVJyBAEAAHViaHRoxV1odYdScgUBAAB9\ncgYBAAAoaNVo1lUIMTIuMzc3ODmFUnIHAQAAaNho1lUBMIVScggBAABoemh7KYFyCQEAAH1yCgEA\nAGh+aH9zYmikSzJoaU2mE2h4WAwAAABTYW4gIExvcmVuem9yCwEAAGjdWAsAAABTYW4tbG9yZW56\nb3IMAQAAaN9o1lUJLTg1LjY2NzE4hVJyDQEAAHViZXVidS5mODQzMTM2MWIwYWU5ZmYzNDE5NDcz\nYjJkZTNiMzUxMA==\n','2010-10-08 11:14:37'),('4a51fe488493f2bff74de43b7dab0059','gAJ9cQEoVRJfYXV0aF91c2VyX2JhY2tlbmRxAlUpZGphbmdvLmNvbnRyaWIuYXV0aC5iYWNrZW5k\ncy5Nb2RlbEJhY2tlbmRxA1UNX2F1dGhfdXNlcl9pZHEESwF1LmVjZTY5OGY3MmY1Y2JhNTMyYzdh\nZDcyZjFmNjhlNDIw\n','2010-10-13 10:05:36'),('33443b5e195934d12e3fcddb92b6ffe4','gAJ9cQEoVRJfYXV0aF91c2VyX2JhY2tlbmRxAlUpZGphbmdvLmNvbnRyaWIuYXV0aC5iYWNrZW5k\ncy5Nb2RlbEJhY2tlbmRxA1UNX2F1dGhfdXNlcl9pZHEESwF1LmVjZTY5OGY3MmY1Y2JhNTMyYzdh\nZDcyZjFmNjhlNDIw\n','2010-10-13 22:36:58'),('bde9a5b567c1a66baa221f02c3b69322','gAJ9cQEoVRJfYXV0aF91c2VyX2JhY2tlbmRxAlUpZGphbmdvLmNvbnRyaWIuYXV0aC5iYWNrZW5k\ncy5Nb2RlbEJhY2tlbmRxA1UNX2F1dGhfdXNlcl9pZHEESwF1LmVjZTY5OGY3MmY1Y2JhNTMyYzdh\nZDcyZjFmNjhlNDIw\n','2010-10-14 11:06:31'),('8042dd9871a626e8f13f4b3353114a59','gAJ9cQEoVRJfYXV0aF91c2VyX2JhY2tlbmRxAlUpZGphbmdvLmNvbnRyaWIuYXV0aC5iYWNrZW5k\ncy5Nb2RlbEJhY2tlbmRxA1UNX2F1dGhfdXNlcl9pZHEESwF1LmVjZTY5OGY3MmY1Y2JhNTMyYzdh\nZDcyZjFmNjhlNDIw\n','2010-10-19 13:10:34'),('149de23449c2c384468cf9e740cb51f4','gAJ9cQEoVQRhbmlvcQJYBAAAADIwMTBxA1UNX2F1dGhfdXNlcl9pZHEESwFVB3BlcmlvZG9xBV1x\nBihYAQAAADBYAQAAADFlVRJfYXV0aF91c2VyX2JhY2tlbmRxB1UpZGphbmdvLmNvbnRyaWIuYXV0\naC5iYWNrZW5kcy5Nb2RlbEJhY2tlbmRxCFUMb3JnYW5pemFjaW9ucQljZGphbmdvLmRiLm1vZGVs\ncy5xdWVyeQpRdWVyeVNldApxCimBcQt9cQwoVQVfaXRlcnENTlUKX2Zvcl93cml0ZXEOiVUOX3N0\naWNreV9maWx0ZXJxD4lVBXF1ZXJ5cRBjZGphbmdvLmRiLm1vZGVscy5zcWwucXVlcnkKUXVlcnkK\ncREpgXESfXETKFUVYWdncmVnYXRlX3NlbGVjdF9tYXNrcRROVRdfYWdncmVnYXRlX3NlbGVjdF9j\nYWNoZXEVTlUFZXh0cmFxFmNkamFuZ28udXRpbHMuZGF0YXN0cnVjdHVyZXMKU29ydGVkRGljdApx\nFymBcRh9cRlVCGtleU9yZGVycRpdcRtzYlUIam9pbl9tYXBxHH1xHShOVRVlbmN1ZXN0YV9vcmdh\nbml6YWNpb25xHk5OdHEfaB6FcSBzVRVyZWxhdGVkX3NlbGVjdF9maWVsZHNxIV1xIlUMZXh0cmFf\ndGFibGVzcSMpVQZzZWxlY3RxJF1xJVULcXVvdGVfY2FjaGVxJn1xJ1UMcmV2X2pvaW5fbWFwcSh9\ncSloHmgfc1UMdXNlZF9hbGlhc2VzcSpjX19idWlsdGluX18Kc2V0CnErXXEsaB5hhVJxLVUIb3Jk\nZXJfYnlxLl1xL1UIZGlzdGluY3RxMIlVDmR1cGVfYXZvaWRhbmNlcTF9cTJVCGdyb3VwX2J5cTNO\nVQlhbGlhc19tYXBxNH1xNWgeKGgeaB5OTk5OiXRxNnNVDnNlbGVjdF9yZWxhdGVkcTeJVRBkZWZl\ncnJlZF9sb2FkaW5ncThoK12FUnE5iIZxOlUNc2VsZWN0X2ZpZWxkc3E7XXE8VRNfZXh0cmFfc2Vs\nZWN0X2NhY2hlcT1OVQltYXhfZGVwdGhxPksFVRFzdGFuZGFyZF9vcmRlcmluZ3E/iFUOZXh0cmFf\nb3JkZXJfYnlxQClVEGRlZmF1bHRfb3JkZXJpbmdxQYhVBnRhYmxlc3FCXXFDaB5hVQphZ2dyZWdh\ndGVzcURoFymBcUV9cUZoGl1xR3NiVRFleHRyYV9zZWxlY3RfbWFza3FITlUIbG93X21hcmtxSUsA\nVQ5hbGlhc19yZWZjb3VudHFKfXFLaB5LAXNVE3JlbGF0ZWRfc2VsZWN0X2NvbHNxTF1xTVUMZGVm\nYXVsdF9jb2xzcU6IVRBvcmRlcmluZ19hbGlhc2VzcU9dcVBVBmhhdmluZ3FRY2RqYW5nby5kYi5t\nb2RlbHMuc3FsLndoZXJlCldoZXJlTm9kZQpxUimBcVN9cVQoVQljb25uZWN0b3JxVVUDQU5EcVZV\nB25lZ2F0ZWRxV4lVCGNoaWxkcmVucVhdcVlVD3N1YnRyZWVfcGFyZW50c3FaXXFbdWJVGWluY2x1\nZGVkX2luaGVyaXRlZF9tb2RlbHNxXH1xXU5oHnNVCXRhYmxlX21hcHFefXFfaB5dcWBoHmFzVQt3\naGVyZV9jbGFzc3FhaFJVBW1vZGVscWJjZmVkLmVuY3Vlc3RhLm1vZGVscwpPcmdhbml6YWNpb24K\ncWNVBXdoZXJlcWRoUimBcWV9cWYoaFVoVmhXiWhYXXFnaFIpgXFofXFpKGhVaFZoV4loWF1xaihj\nZGphbmdvLmRiLm1vZGVscy5zcWwud2hlcmUKQ29uc3RyYWludApxaymBcWx9cW0oVQVhbGlhc3Fu\naB5oYmhjVQpmaWVsZF9uYW1lcW9VAmlkcXBVA2NvbHFxaHB1YlUCaW6IXXFyKEsBSwJLA0sESwVl\ndHFzYWhaXXF0dWJhaFpdcXV1YlUJaGlnaF9tYXJrcXZOVRBmaWx0ZXJfaXNfc3RpY2t5cXeJdWJV\nA19kYnF4TmhiaGNVDV9yZXN1bHRfY2FjaGVxeV1xeihjZGphbmdvLmRiLm1vZGVscy5iYXNlCm1v\nZGVsX3VucGlja2xlCnF7aGNdY2RqYW5nby5kYi5tb2RlbHMuYmFzZQpzaW1wbGVfY2xhc3NfZmFj\ndG9yeQpxfIdScX19cX4oVQZub21icmVxf1gOAAAAT3JnYW5pemFjaW9uIDFxgFUGX3N0YXRlcYFj\nZGphbmdvLmRiLm1vZGVscy5iYXNlCk1vZGVsU3RhdGUKcYIpgXGDfXGEVQJkYnGFVQdkZWZhdWx0\ncYZzYmhwSwF1Ymh7aGNdaHyHUnGHfXGIKGh/WA4AAABPcmdhbml6YWNpb24gMnGJaIFogimBcYp9\ncYtohWiGc2JocEsCdWJoe2hjXWh8h1JxjH1xjShof1gOAAAAT3JnYW5pemFjaW9uIDNxjmiBaIIp\ngXGPfXGQaIVohnNiaHBLA3ViaHtoY11ofIdScZF9cZIoaH9YDgAAAE9yZ2FuaXphY2lvbiA0cZNo\ngWiCKYFxlH1xlWiFaIZzYmhwSwR1Ymh7aGNdaHyHUnGWfXGXKGh/WA4AAABPcmdhbml6YWNpb24g\nNnGYaIFogimBcZl9cZpohWiGc2JocEsFdWJldWJVBmFjdGl2b3GbiFUEdG9kb3GcY2RqYW5nby5o\ndHRwClF1ZXJ5RGljdApxnSmBcZ4oWAwAAABvcmdhbml6YWNpb25xn1gBAAAANVgHAAAAcGVyaW9k\nb3GgWAEAAAAxWBMAAABjc3JmbWlkZGxld2FyZXRva2VucaFYIAAAADc5ZmZhNmQxZTMwNWU2MGU1\nYmMyZjcxMjgwY2QzOGI3caJYCQAAAG11bmljaXBpb3GjWAQAAAA4NTMwcaRYBAAAAGFuaW9xpWgD\ndX1xpihVCV9lbmNvZGluZ3GnVQV1dGYtOHGoVQVfZGF0YXGpfXGqKGifXXGrKFgBAAAAMVgBAAAA\nMlgBAAAAM1gBAAAANFgBAAAANWVooF1xrChYAQAAADBYAQAAADFlaKFdca1oomFoo11xrihYBAAA\nADUwMDVxr1gEAAAANTAxMHGwWAQAAAA1MDE1cbFYBAAAADUwMjBxslgEAAAANTAyNXGzWAQAAAA1\nMDMwcbRYBAAAADc1MDVxtVgEAAAANzUxMHG2WAQAAAA3NTE1cbdYBAAAADc1MjBxuFgEAAAANzUy\nNXG5WAQAAAA3NTMwcbpYBAAAADc1MzVxu1gEAAAANzU0MHG8WAQAAAAzMDA1cb1YBAAAADMwMTBx\nvlgEAAAAMzAxNXG/WAQAAAAzMDIwccBYBAAAADMwMjVxwVgEAAAAMzAzMHHCWAQAAAAzMDM1ccNY\nBAAAADMwNDBxxFgEAAAAMzA0NXHFWAQAAAAzMDUwccZYBAAAADMwNTVxx1gEAAAAMzA2MHHIWAQA\nAAAzMDY1cclYBAAAADY1MDVxylgEAAAANjUwN3HLWAQAAAA2NTEwccxYBAAAADY1MTVxzVgEAAAA\nNjUyMHHOWAQAAAA2NTI1cc9YBAAAADY1MzBx0FgEAAAANjUzNXHRWAQAAAA2NTQwcdJYBAAAADY1\nNDVx01gEAAAAMjUwNXHUWAQAAAAyNTEwcdVYBAAAADI1MTVx1lgEAAAAMjUyMHHXWAQAAAAyNTI1\ncdhYBAAAADI1MzBx2VgEAAAANzAwNXHaWAQAAAA3MDEwcdtYBAAAADcwMTVx3FgEAAAANzAyMHHd\nWAQAAAAxMDA1cd5YBAAAADEwMTBx31gEAAAAMTAxMnHgWAQAAAAxMDE1ceFYBAAAADEwMjBx4lgE\nAAAAMTAyNXHjWAQAAAAxMDMwceRYBAAAADEwMzVx5VgEAAAAMzUwNXHmWAQAAAAzNTEwcedYBAAA\nADM1MTVx6FgEAAAAMzUyMHHpWAQAAAAzNTI1cepYBAAAADM1MzBx61gEAAAAMzUzNXHsWAQAAAAz\nNTQwce1YBAAAADM1NDVx7lgEAAAAMzU1MHHvWAQAAAAyMDA1cfBYBAAAADIwMTBx8VgEAAAAMjAx\nNXHyWAQAAAAyMDIwcfNYBAAAADIwMjVx9FgEAAAAMjAzMHH1WAQAAAAyMDM1cfZYBAAAADIwNDBx\n91gEAAAAMjA0NXH4WAQAAAA1NTA1cflYBAAAADU1MTBx+lgEAAAANTUxNXH7WAQAAAA1NTIwcfxY\nBAAAADU1MjJx/VgEAAAANTUyNXH+WAQAAAA1NTMwcf9YBAAAADU1MzJyAAEAAFgEAAAANTUzNXIB\nAQAAWAQAAAA2MDA1cgIBAABYBAAAADYwMTByAwEAAFgEAAAANjAxNXIEAQAAWAQAAAA2MDIwcgUB\nAABYBAAAADYwMjVyBgEAAFgEAAAANjAzMHIHAQAAWAQAAAA2MDM1cggBAABYBAAAADYwNDByCQEA\nAFgEAAAANjA0NXIKAQAAWAQAAAA0MDA1cgsBAABYBAAAADQwMTByDAEAAFgEAAAANDAxNXINAQAA\nWAQAAAA0MDIwcg4BAABYBAAAADQwMjVyDwEAAFgEAAAANDAzMHIQAQAAWAQAAAA0MDM1chEBAABY\nBAAAADQwNDByEgEAAFgEAAAANDA0NXITAQAAWAQAAAA0MDUwchQBAABYBAAAADQwNTVyFQEAAFgE\nAAAANDA2MHIWAQAAWAQAAAA0MDY1chcBAABYAwAAADUwNXIYAQAAWAMAAAA1MTByGQEAAFgDAAAA\nNTE1choBAABYAwAAADUyMHIbAQAAWAMAAAA1MjVyHAEAAFgDAAAANTMwch0BAABYAwAAADUzNXIe\nAQAAWAMAAAA1NDByHwEAAFgDAAAANTQ1ciABAABYAwAAADU1MHIhAQAAWAMAAAA1NTVyIgEAAFgD\nAAAANTYwciMBAABYBAAAADkxMDVyJAEAAFgEAAAAOTExMHIlAQAAWAQAAAA5MTE1ciYBAABYBAAA\nADkxMjByJwEAAFgEAAAAOTEyNXIoAQAAWAQAAAA5MTI3cikBAABYBAAAADkxMzByKgEAAFgEAAAA\nOTEzNXIrAQAAWAQAAAA5MzA1ciwBAABYBAAAADkzMTByLQEAAFgEAAAAOTMxMnIuAQAAWAQAAAA5\nMzE1ci8BAABYBAAAADkzMTZyMAEAAFgEAAAAOTMyMHIxAQAAWAQAAAA5MzIzcjIBAABYBAAAADkz\nMjVyMwEAAFgEAAAAOTMzMHI0AQAAWAQAAAA5MzM1cjUBAABYBAAAADkzNDByNgEAAFgEAAAAOTM0\nNXI3AQAAWAQAAAA4MDA1cjgBAABYBAAAADgwMTByOQEAAFgEAAAAODAxNXI6AQAAWAQAAAA4MDIw\ncjsBAABYBAAAADgwMjVyPAEAAFgEAAAAODAzMHI9AQAAWAQAAAA4MDM1cj4BAABYBAAAADgwNDBy\nPwEAAFgEAAAAODA0NXJAAQAAWAQAAAA4MDUwckEBAABYBAAAADg1MDVyQgEAAFgEAAAAODUxMHJD\nAQAAWAQAAAA4NTE1ckQBAABYBAAAADg1MjByRQEAAFgEAAAAODUyNXJGAQAAaKRlaKVdckcBAABo\nA2F1VQhfbXV0YWJsZXJIAQAAiXViVQltdW5pY2lwaW9ySQEAAGgKKYFySgEAAH1ySwEAAChoDU5o\nDoloD4loEGgRKYFyTAEAAH1yTQEAAChoFE5oFU5oFmgXKYFyTgEAAH1yTwEAAGgaXXJQAQAAc2Jo\nHH1yUQEAACgoTlUPbHVnYXJfbXVuaWNpcGlvclIBAABOTnRyUwEAAGpSAQAAhXJUAQAAKGpSAQAA\nVRJsdWdhcl9kZXBhcnRhbWVudG9yVQEAAFUPZGVwYXJ0YW1lbnRvX2lkclYBAABocHRyVwEAAGpV\nAQAAhXJYAQAAdWghXXJZAQAAaCMpaCRdcloBAABoJn1yWwEAAGgofXJcAQAAKGpSAQAAalMBAABq\nVQEAAGpXAQAAdWgqaCtdcl0BAABqUgEAAGGFUnJeAQAAaC5dcl8BAABoMIloMX1yYAEAAGgzTmg0\nfXJhAQAAKGpSAQAAKGpSAQAAalIBAABOTk5OiXRyYgEAAGpVAQAAKGpVAQAAalUBAABVCklOTkVS\nIEpPSU5yYwEAAGpSAQAAalYBAABocIl0cmQBAAB1aDeJaDhoK12FUnJlAQAAiIZyZgEAAGg7XXJn\nAQAAaD1OaD5LBWg/iGhAKWhBiGhCXXJoAQAAKGpSAQAAalUBAABlaERoFymBcmkBAAB9cmoBAABo\nGl1yawEAAHNiaEhOaElLAGhKfXJsAQAAKGpSAQAASwJqVQEAAEsCdWhMXXJtAQAAaE6IaE9dcm4B\nAABoUWhSKYFybwEAAH1ycAEAAChoVWhWaFeJaFhdcnEBAABoWl1ycgEAAHViaFx9cnMBAABOalIB\nAABzaF59cnQBAAAoalIBAABdcnUBAABVAlUwcnYBAABhalUBAABdcncBAABVAlUxcngBAABhdWhh\naFJoYmNmZWQubHVnYXIubW9kZWxzCk11bmljaXBpbwpyeQEAAGhkaFIpgXJ6AQAAfXJ7AQAAKGhV\naFZoV4loWF1yfAEAAGhSKYFyfQEAAH1yfgEAAChoVWhWaFeJaFhdcn8BAAAoaGspgXKAAQAAfXKB\nAQAAKGhualIBAABoYmp5AQAAaG9ocGhxaHB1YlUCaW6IXXKCAQAAKE2NE02SE02XE02cE02hE02m\nE01RHU1WHU1bHU1gHU1lHU1qHU1vHU10HU29C03CC03HC03MC03RC03WC03bC03gC03lC03qC03v\nC030C035C01pGU1rGU1uGU1zGU14GU19GU2CGU2HGU2MGU2RGU3JCU3OCU3TCU3YCU3dCU3iCU1d\nG01iG01nG01sG03tA03yA030A033A038A00BBE0GBE0LBE2xDU22DU27DU3ADU3FDU3KDU3PDU3U\nDU3ZDU3eDU3VB03aB03fB03kB03pB03uB03zB034B039B02BFU2GFU2LFU2QFU2SFU2VFU2aFU2c\nFU2fFU11F016F01/F02EF02JF02OF02TF02YF02dF02lD02qD02vD020D025D02+D03DD03ID03N\nD03SD03XD03cD03hD035AU3+AU0DAk0IAk0NAk0SAk0XAk0cAk0hAk0mAk0rAk0wAk2RI02WI02b\nI02gI02lI02nI02qI02vI01ZJE1eJE1gJE1jJE1kJE1oJE1rJE1tJE1yJE13JE18JE2BJE1FH01K\nH01PH01UH01ZH01eH01jH01oH01tH01yH005IU0+IU1DIU1IIU1NIU1SIWV0coMBAABhaFpdcoQB\nAAB1YmFoWl1yhQEAAHViaHZOaHeJdWJoeE5oYmp5AQAAaHldcoYBAAAoaHtqeQEAAF1ofIdScocB\nAAB9cogBAAAoVQdsYXRpdHVkcokBAABjZGVjaW1hbApEZWNpbWFsCnKKAQAAVQgxMi41OTc0OIVS\ncosBAABVCWV4dGVuc2lvbnKMAQAAaooBAABVATCFUnKNAQAAaIFogimBco4BAAB9co8BAABohWiG\nc2JqVgEAAEsyaHBNjRNof1gYAAAAU2FuIEpvc8OpIGRlIGxvcyBSZW1hdGVzcpABAABVBHNsdWdy\nkQEAAFgXAAAAU2FuLWpvc2UtZGUtbG9zLXJlbWF0ZXNykgEAAFUIbG9uZ2l0dWRykwEAAGqKAQAA\nVQktODUuNzYyNTOFUnKUAQAAdWJoe2p5AQAAXWh8h1JylQEAAH1ylgEAAChqiQEAAGqKAQAAVQcx\nMi40NzE2hVJylwEAAGqMAQAAaooBAABVATCFUnKYAQAAaIFogimBcpkBAAB9cpoBAABohWiGc2Jq\nVgEAAEsyaHBNkhNof1gFAAAAQm9hY29ymwEAAGqRAQAAWAUAAABib2Fjb3KcAQAAapMBAABqigEA\nAFUJLTg1LjY1OTUyhVJynQEAAHViaHtqeQEAAF1ofIdScp4BAAB9cp8BAAAoaokBAABqigEAAFUI\nMTIuMzgzNzeFUnKgAQAAaowBAABqigEAAFUBMIVScqEBAABogWiCKYFyogEAAH1yowEAAGiFaIZz\nYmpWAQAASzJocE2XE2h/WAcAAABDYW1vYXBhcqQBAABqkQEAAFgHAAAAY2Ftb2FwYXKlAQAAapMB\nAABqigEAAFUJLTg1LjUxNDY1hVJypgEAAHViaHtqeQEAAF1ofIdScqcBAAB9cqgBAAAoaokBAABq\nigEAAFUIMTIuNTMyMjaFUnKpAQAAaowBAABqigEAAFUBMIVScqoBAABogWiCKYFyqwEAAH1yrAEA\nAGiFaIZzYmpWAQAASzJocE2cE2h/WAwAAABTYW50YSBMdWPDrWFyrQEAAGqRAQAAWAsAAABTYW50\nYS1sdWNpYXKuAQAAapMBAABqigEAAFUJLTg1LjcxMTU2hVJyrwEAAHViaHtqeQEAAF1ofIdScrAB\nAAB9crEBAAAoaokBAABqigEAAFUIMTIuNDE5NzmFUnKyAQAAaowBAABqigEAAFUBMIVScrMBAABo\ngWiCKYFytAEAAH1ytQEAAGiFaIZzYmpWAQAASzJocE2hE2h/WAgAAABUZXVzdGVwZXK2AQAAapEB\nAABYCAAAAHRldXN0ZXBlcrcBAABqkwEAAGqKAQAAVQktODUuNzk5MjKFUnK4AQAAdWJoe2p5AQAA\nXWh8h1JyuQEAAH1yugEAAChqiQEAAGqKAQAAVQgxMi4zNzc4OYVScrsBAABqjAEAAGqKAQAAVQEw\nhVJyvAEAAGiBaIIpgXK9AQAAfXK+AQAAaIVohnNialYBAABLMmhwTaYTaH9YDAAAAFNhbiAgTG9y\nZW56b3K/AQAAapEBAABYCwAAAFNhbi1sb3JlbnpvcsABAABqkwEAAGqKAQAAVQktODUuNjY3MTiF\nUnLBAQAAdWJoe2p5AQAAXWh8h1JywgEAAH1ywwEAAChqiQEAAGqKAQAAVQgxMS45MDY1MYVScsQB\nAABqjAEAAGqKAQAAVQEwhVJyxQEAAGiBaIIpgXLGAQAAfXLHAQAAaIVohnNialYBAABLS2hwTVEd\naH9YCgAAAFNhbiBNYXJjb3NyyAEAAGqRAQAAWAoAAABTYW4tbWFyY29zcskBAABqkwEAAGqKAQAA\nVQktODYuMjAzMTSFUnLKAQAAdWJoe2p5AQAAXWh8h1JyywEAAH1yzAEAAChqiQEAAGqKAQAAVQgx\nMS44NDgzMYVScs0BAABqjAEAAGqKAQAAVQEwhVJyzgEAAGiBaIIpgXLPAQAAfXLQAQAAaIVohnNi\nalYBAABLS2hwTVYdaH9YCAAAAEppbm90ZXBlctEBAABqkQEAAFgIAAAAamlub3RlcGVy0gEAAGqT\nAQAAaooBAABVCS04Ni4xOTg0NoVSctMBAAB1Ymh7ankBAABdaHyHUnLUAQAAfXLVAQAAKGqJAQAA\naooBAABVCDExLjg1NTY1hVJy1gEAAGqMAQAAaooBAABVATCFUnLXAQAAaIFogimBctgBAAB9ctkB\nAABohWiGc2JqVgEAAEtLaHBNWx1of1gHAAAARG9sb3Jlc3LaAQAAapEBAABYBwAAAGRvbG9yZXNy\n2wEAAGqTAQAAaooBAABVCS04Ni4yMTUzNYVSctwBAAB1Ymh7ankBAABdaHyHUnLdAQAAfXLeAQAA\nKGqJAQAAaooBAABVCDExLjg1NTcyhVJy3wEAAGqMAQAAaooBAABVATCFUnLgAQAAaIFogimBcuEB\nAAB9cuIBAABohWiGc2JqVgEAAEtLaHBNYB1of1gIAAAARGlyaWFtYmFy4wEAAGqRAQAAWAgAAABk\naXJpYW1iYXLkAQAAapMBAABqigEAAFUJLTg2LjI0MDc0hVJy5QEAAHViaHtqeQEAAF1ofIdScuYB\nAAB9cucBAAAoaokBAABqigEAAFUIMTEuODMyMjSFUnLoAQAAaowBAABqigEAAFUBMIVScukBAABo\ngWiCKYFy6gEAAH1y6wEAAGiFaIZzYmpWAQAAS0tocE1lHWh/WAoAAABFbCBSb3NhcmlvcuwBAABq\nkQEAAFgKAAAARWwtcm9zYXJpb3LtAQAAapMBAABqigEAAFUJLTg2LjE2NDg0hVJy7gEAAHViaHtq\neQEAAF1ofIdScu8BAAB9cvABAAAoaokBAABqigEAAFUIMTEuODIyMDaFUnLxAQAAaowBAABqigEA\nAFUBMIVScvIBAABogWiCKYFy8wEAAH1y9AEAAGiFaIZzYmpWAQAAS0tocE1qHWh/WBAAAABMYSBQ\nYXogZGUgQ2FyYXpvcvUBAABqkQEAAFgQAAAATGEtcGF6LWRlLWNhcmF6b3L2AQAAapMBAABqigEA\nAFUILTg2LjEyNzWFUnL3AQAAdWJoe2p5AQAAXWh8h1Jy+AEAAH1y+QEAAChqiQEAAGqKAQAAVQgx\nMS44MDI3MoVScvoBAABqjAEAAGqKAQAAVQEwhVJy+wEAAGiBaIIpgXL8AQAAfXL9AQAAaIVohnNi\nalYBAABLS2hwTW8daH9YDAAAAFNhbnRhIFRlcmVzYXL+AQAAapEBAABYDAAAAFNhbnRhLXRlcmV6\nYXL/AQAAapMBAABqigEAAFUJLTg2LjE2MjgxhVJyAAIAAHViaHtqeQEAAF1ofIdScgECAAB9cgIC\nAAAoaokBAABqigEAAFUIMTEuNzMzMzaFUnIDAgAAaowBAABqigEAAFUBMIVScgQCAABogWiCKYFy\nBQIAAH1yBgIAAGiFaIZzYmpWAQAAS0tocE10HWh/WAwAAABMYSBDb25xdWlzdGFyBwIAAGqRAQAA\nWAwAAABMYS1jb25xdWlzdGFyCAIAAGqTAQAAaooBAABVCS04Ni4xOTI5N4VScgkCAAB1Ymh7ankB\nAABdaHyHUnIKAgAAfXILAgAAKGqJAQAAaooBAABVCDEzLjI3NTk2hVJyDAIAAGqMAQAAaooBAABV\nATCFUnINAgAAaIFogimBcg4CAAB9cg8CAABohWiGc2JqVgEAAEseaHBNvQtof1gTAAAAU2FuIFBl\nZHJvIGRlbCBOb3J0ZXIQAgAAapEBAABYEwAAAFNhbi1wZWRyby1kZWwtbm9ydGVyEQIAAGqTAQAA\naooBAABVCS04Ni44Nzc3N4VSchICAAB1Ymh7ankBAABdaHyHUnITAgAAfXIUAgAAKGqJAQAAaooB\nAABVCDEzLjIwMDE2hVJyFQIAAGqMAQAAaooBAABVATCFUnIWAgAAaIFogimBchcCAAB9chgCAABo\nhWiGc2JqVgEAAEseaHBNwgtof1gXAAAAU2FuIEZyYW5jaXNjbyBkZWwgTm9ydGVyGQIAAGqRAQAA\nWBcAAABTYW4tZnJhbmNpc2NvLWRlbC1ub3J0ZXIaAgAAapMBAABqigEAAFUJLTg2Ljc3MTkyhVJy\nGwIAAHViaHtqeQEAAF1ofIdSchwCAAB9ch0CAAAoaokBAABqigEAAFUIMTMuMjMwMzaFUnIeAgAA\naowBAABqigEAAFUBMIVSch8CAABogWiCKYFyIAIAAH1yIQIAAGiFaIZzYmpWAQAASx5ocE3HC2h/\nWAsAAABDaW5jbyBQaW5vc3IiAgAAapEBAABYCwAAAENpbmNvLXBpbm9zciMCAABqkwEAAGqKAQAA\nVQktODYuODY3MTmFUnIkAgAAdWJoe2p5AQAAXWh8h1JyJQIAAH1yJgIAAChqiQEAAGqKAQAAVQgx\nMy4xODcwMYVScicCAABqjAEAAGqKAQAAVQEwhVJyKAIAAGiBaIIpgXIpAgAAfXIqAgAAaIVohnNi\nalYBAABLHmhwTcwLaH9YFgAAAFNhbnRvIFRvbcOhcyBkZWwgTm9ydGVyKwIAAGqRAQAAWBUAAABT\nYW50by10b21hcy1kZWwtbm9ydGVyLAIAAGqTAQAAaooBAABVCS04Ni45MjM1MoVSci0CAAB1Ymh7\nankBAABdaHyHUnIuAgAAfXIvAgAAKGqJAQAAaooBAABVCDEyLjY2MjI4hVJyMAIAAGqMAQAAaooB\nAABVATCFUnIxAgAAaIFogimBcjICAAB9cjMCAABohWiGc2JqVgEAAEseaHBN0Qtof1gIAAAARWwg\nVmllam9yNAIAAGqRAQAAWAgAAABFbC12aWVqb3I1AgAAapMBAABqigEAAFUJLTg3LjE2NTQxhVJy\nNgIAAHViaHtqeQEAAF1ofIdScjcCAAB9cjgCAAAoaokBAABqigEAAFUIMTIuNzY3MjGFUnI5AgAA\naowBAABqigEAAFUBMIVScjoCAABogWiCKYFyOwIAAH1yPAIAAGiFaIZzYmpWAQAASx5ocE3WC2h/\nWA0AAABQdG8uIE1vcmF6w6Fucj0CAABqkQEAAFgOAAAAUHVlcnRvLW1vcmF6YW5yPgIAAGqTAQAA\naooBAABVCS04Ny4xMzM4OIVScj8CAAB1Ymh7ankBAABdaHyHUnJAAgAAfXJBAgAAKGqJAQAAaooB\nAABVCDEzLjA0NDk1hVJyQgIAAGqMAQAAaooBAABVATCFUnJDAgAAaIFogimBckQCAAB9ckUCAABo\nhWiGc2JqVgEAAEseaHBN2wtof1gJAAAAU29tb3RpbGxvckYCAABqkQEAAFgJAAAAc29tb3RpbGxv\nckcCAABqkwEAAGqKAQAAVQktODYuOTA0OTmFUnJIAgAAdWJoe2p5AQAAXWh8h1JySQIAAH1ySgIA\nAChqiQEAAGqKAQAAVQgxMi45NjM5MYVScksCAABqjAEAAGqKAQAAVQEwhVJyTAIAAGiBaIIpgXJN\nAgAAfXJOAgAAaIVohnNialYBAABLHmhwTeALaH9YCgAAAFZpbGxhbnVldmFyTwIAAGqRAQAAWAoA\nAAB2aWxsYW51ZXZhclACAABqkwEAAGqKAQAAVQktODYuODE0NjiFUnJRAgAAdWJoe2p5AQAAXWh8\nh1JyUgIAAH1yUwIAAChqiQEAAGqKAQAAVQgxMi42Mjg3MoVSclQCAABqjAEAAGqKAQAAVQEwhVJy\nVQIAAGiBaIIpgXJWAgAAfXJXAgAAaIVohnNialYBAABLHmhwTeULaH9YCgAAAENoaW5hbmRlZ2Fy\nWAIAAGqRAQAAWAoAAABjaGluYW5kZWdhclkCAABqkwEAAGqKAQAAVQktODcuMTMxNDmFUnJaAgAA\ndWJoe2p5AQAAXWh8h1JyWwIAAH1yXAIAAChqiQEAAGqKAQAAVQgxMi41NDU1MYVScl0CAABqjAEA\nAGqKAQAAVQEwhVJyXgIAAGiBaIIpgXJfAgAAfXJgAgAAaIVohnNialYBAABLHmhwTeoLaH9YCgAA\nAEVsIFJlYWxlam9yYQIAAGqRAQAAWAoAAABFbC1yZWFsZWpvcmICAABqkwEAAGqKAQAAVQktODcu\nMTY3MzaFUnJjAgAAdWJoe2p5AQAAXWh8h1JyZAIAAH1yZQIAAChqiQEAAGqKAQAAVQgxMi40ODQ2\nMYVScmYCAABqjAEAAGqKAQAAVQEwhVJyZwIAAGiBaIIpgXJoAgAAfXJpAgAAaIVohnNialYBAABL\nHmhwTe8LaH9YBwAAAENvcmludG9yagIAAGqRAQAAWAcAAABjb3JpbnRvcmsCAABqkwEAAGqKAQAA\nVQktODcuMTcxMjKFUnJsAgAAdWJoe2p5AQAAXWh8h1JybQIAAH1ybgIAAChqiQEAAGqKAQAAVQgx\nMi41NzIyNIVScm8CAABqjAEAAGqKAQAAVQEwhVJycAIAAGiBaIIpgXJxAgAAfXJyAgAAaIVohnNi\nalYBAABLHmhwTfQLaH9YCwAAAENoaWNoaWdhbHBhcnMCAABqkQEAAFgLAAAAY2hpY2hpZ2FscGFy\ndAIAAGqTAQAAaooBAABVCS04Ny4wMjg0OYVScnUCAAB1Ymh7ankBAABdaHyHUnJ2AgAAfXJ3AgAA\nKGqJAQAAaooBAABVBzEyLjU0NDGFUnJ4AgAAaowBAABqigEAAFUBMIVScnkCAABogWiCKYFyegIA\nAH1yewIAAGiFaIZzYmpWAQAASx5ocE35C2h/WAkAAABQb3NvbHRlZ2FyfAIAAGqRAQAAWAkAAABw\nb3NvdGVsZ2FyfQIAAGqTAQAAaooBAABVCC04Ni45ODAxhVJyfgIAAHViaHtqeQEAAF1ofIdScn8C\nAAB9coACAAAoaokBAABqigEAAFUHMTIuMjgzNIVScoECAABqjAEAAGqKAQAAVQEwhVJyggIAAGiB\naIIpgXKDAgAAfXKEAgAAaIVohnNialYBAABLQWhwTWkZaH9YCAAAAENvbWFsYXBhcoUCAABqkQEA\nAFgIAAAAY29tYWxhcGFyhgIAAGqTAQAAaooBAABVCS04NS41MTE0MoVScocCAAB1Ymh7ankBAABd\naHyHUnKIAgAAfXKJAgAAKGqJAQAAaooBAABVCDEyLjI2NjcxhVJyigIAAGqMAQAAaooBAABVATCF\nUnKLAgAAaIFogimBcowCAAB9co0CAABohWiGc2JqVgEAAEtBaHBNaxlof1gTAAAAU2FuIEZyYW5j\naXNjbyBDdWFwYXKOAgAAapEBAABYEwAAAFNhbi1mcmFuY2lzY28tY3VhcGFyjwIAAGqTAQAAaooB\nAABVCS04NS4zODMwOIVScpACAAB1Ymh7ankBAABdaHyHUnKRAgAAfXKSAgAAKGqJAQAAaooBAABV\nBzEyLjEwNTiFUnKTAgAAaowBAABqigEAAFUBMIVScpQCAABogWiCKYFylQIAAH1ylgIAAGiFaIZz\nYmpWAQAAS0FocE1uGWh/WAgAAABKdWlnYWxwYXKXAgAAapEBAABYCAAAAGp1aWdhbHBhcpgCAABq\nkwEAAGqKAQAAVQktODUuMzY4NDKFUnKZAgAAdWJoe2p5AQAAXWh8h1JymgIAAH1ymwIAAChqiQEA\nAGqKAQAAVQgxMi4yMTUzOYVScpwCAABqjAEAAGqKAQAAVQEwhVJynQIAAGiBaIIpgXKeAgAAfXKf\nAgAAaIVohnNialYBAABLQWhwTXMZaH9YCwAAAExhIExpYmVydGFkcqACAABqkQEAAFgLAAAATGEt\nbGliZXJ0YWRyoQIAAGqTAQAAaooBAABVCS04NS4xNjU0OYVScqICAAB1Ymh7ankBAABdaHyHUnKj\nAgAAfXKkAgAAKGqJAQAAaooBAABVCDEyLjI2MzAxhVJypQIAAGqMAQAAaooBAABVATCFUnKmAgAA\naIFogimBcqcCAAB9cqgCAABohWiGc2JqVgEAAEtBaHBNeBlof1gNAAAAU2FudG8gRG9taW5nb3Kp\nAgAAapEBAABYDQAAAFNhbnRvLWRvbWluZ29yqgIAAGqTAQAAaooBAABVCS04NS4wODIzMoVScqsC\nAAB1Ymh7ankBAABdaHyHUnKsAgAAfXKtAgAAKGqJAQAAaooBAABVCDEyLjA2OTAyhVJyrgIAAGqM\nAQAAaooBAABVATCFUnKvAgAAaIFogimBcrACAAB9crECAABohWiGc2JqVgEAAEtBaHBNfRlof1gM\nAAAAU2FudG8gVG9tw6FzcrICAABqkQEAAFgLAAAAU2FudG8tdG9tYXNyswIAAGqTAQAAaooBAABV\nCC04NS4wOTM0hVJytAIAAHViaHtqeQEAAF1ofIdScrUCAAB9crYCAAAoaokBAABqigEAAFUIMTIu\nMTI4NTKFUnK3AgAAaowBAABqigEAAFUBMIVScrgCAABogWiCKYFyuQIAAH1yugIAAGiFaIZzYmpW\nAQAAS0FocE2CGWh/WBQAAABTYW4gUGVkcm8gZGUgTMOzdmFnb3K7AgAAapEBAABYEwAAAFNhbi1w\nZWRyby1kZS1sb3ZhZ29yvAIAAGqTAQAAaooBAABVCS04NS4xMTU3MoVScr0CAAB1Ymh7ankBAABd\naHyHUnK+AgAAfXK/AgAAKGqJAQAAaooBAABVCDExLjk2NzY0hVJywAIAAGqMAQAAaooBAABVATCF\nUnLBAgAAaIFogimBcsICAAB9csMCAABohWiGc2JqVgEAAEtBaHBNhxlof1gHAAAAQWNveWFwYXLE\nAgAAapEBAABYBwAAAGFjb3lhcGFyxQIAAGqTAQAAaooBAABVCS04NS4xNzA0NIVScsYCAAB1Ymh7\nankBAABdaHyHUnLHAgAAfXLIAgAAKGqJAQAAaooBAABVCDEyLjA0Nzc5hVJyyQIAAGqMAQAAaooB\nAABVATCFUnLKAgAAaIFogimBcssCAAB9cswCAABohWiGc2JqVgEAAEtBaHBNjBlof1gNAAAAVmls\nbGEgU2FuZGlub3LNAgAAapEBAABYDQAAAFZpbGxhLXNhbmRpbm9yzgIAAGqTAQAAaooBAABVCS04\nNC45OTMzNIVScs8CAAB1Ymh7ankBAABdaHyHUnLQAgAAfXLRAgAAKGqJAQAAaooBAABVCDExLjkx\nNTc2hVJy0gIAAGqMAQAAaooBAABVATCFUnLTAgAAaIFogimBctQCAAB9ctUCAABohWiGc2JqVgEA\nAEtBaHBNkRlof1gIAAAARWwgQ29yYWxy1gIAAGqRAQAAWAgAAABFbC1jb3JhbHLXAgAAapMBAABq\nigEAAFUJLTg0LjY1MDQxhVJy2AIAAHViaHtqeQEAAF1ofIdSctkCAAB9ctoCAAAoaokBAABqigEA\nAFUIMTMuMzc5MzeFUnLbAgAAaowBAABqigEAAFUBMIVSctwCAABogWiCKYFy3QIAAH1y3gIAAGiF\naIZzYmpWAQAASxlocE3JCWh/WAwAAABQdWVibG8gTnVldm9y3wIAAGqRAQAAWAwAAABQdWVibG8t\nbnVldm9y4AIAAGqTAQAAaooBAABVCS04Ni40ODA3N4VScuECAAB1Ymh7ankBAABdaHyHUnLiAgAA\nfXLjAgAAKGqJAQAAaooBAABVCDEzLjM2MjEzhVJy5AIAAGqMAQAAaooBAABVATCFUnLlAgAAaIFo\ngimBcuYCAAB9cucCAABohWiGc2JqVgEAAEsZaHBNzglof1gHAAAAQ29uZGVnYXLoAgAAapEBAABY\nBwAAAGNvbmRlZ2Fy6QIAAGqTAQAAaooBAABVCS04Ni4zOTc4OYVScuoCAAB1Ymh7ankBAABdaHyH\nUnLrAgAAfXLsAgAAKGqJAQAAaooBAABVCDEzLjA4OTQ4hVJy7QIAAGqMAQAAaooBAABVATCFUnLu\nAgAAaIFogimBcu8CAAB9cvACAABohWiGc2JqVgEAAEsZaHBN0wlof1gHAAAARXN0ZWzDrXLxAgAA\napEBAABYBgAAAGVzdGVsaXLyAgAAapMBAABqigEAAFUJLTg2LjM1NTUxhVJy8wIAAHViaHtqeQEA\nAF1ofIdScvQCAAB9cvUCAAAoaokBAABqigEAAFUIMTMuMTc0ODmFUnL2AgAAaowBAABqigEAAFUB\nMIVScvcCAABogWiCKYFy+AIAAH1y+QIAAGiFaIZzYmpWAQAASxlocE3YCWh/WBEAAABTYW4gSnVh\nbiBkZSBMaW1heXL6AgAAapEBAABYDQAAAFNhbmp1YW4tbGltYXly+wIAAGqTAQAAaooBAABVCS04\nNi42MTIzNIVScvwCAAB1Ymh7ankBAABdaHyHUnL9AgAAfXL+AgAAKGqJAQAAaooBAABVCDEyLjk2\nODIzhVJy/wIAAGqMAQAAaooBAABVATCFUnIAAwAAaIFogimBcgEDAAB9cgIDAABohWiGc2JqVgEA\nAEsZaHBN3Qlof1gLAAAATGEgVHJpbmlkYWRyAwMAAGqRAQAAWAgAAAB0cmluaWRhZHIEAwAAapMB\nAABqigEAAFUJLTg2LjIzNjA0hVJyBQMAAHViaHtqeQEAAF1ofIdScgYDAAB9cgcDAAAoaokBAABq\nigEAAFUIMTIuOTMzMTKFUnIIAwAAaowBAABqigEAAFUBMIVScgkDAABogWiCKYFyCgMAAH1yCwMA\nAGiFaIZzYmpWAQAASxlocE3iCWh/WAwAAABTYW4gTmljb2zDoXNyDAMAAGqRAQAAWAsAAABTYW4t\nbmljb2xhc3INAwAAapMBAABqigEAAFUHLTg2LjM0N4VScg4DAAB1Ymh7ankBAABdaHyHUnIPAwAA\nfXIQAwAAKGqJAQAAaooBAABVCDExLjg4NDE2hVJyEQMAAGqMAQAAaooBAABVATCFUnISAwAAaIFo\ngimBchMDAAB9chQDAABohWiGc2JqVgEAAEtGaHBNXRtof1gGAAAARGlyacOhchUDAABqkQEAAFgF\nAAAAZGlyaWFyFgMAAGqTAQAAaooBAABVCS04Ni4wNTU2NYVSchcDAAB1Ymh7ankBAABdaHyHUnIY\nAwAAfXIZAwAAKGqJAQAAaooBAABVCDExLjg3NDk0hVJyGgMAAGqMAQAAaooBAABVATCFUnIbAwAA\naIFogimBchwDAAB9ch0DAABohWiGc2JqVgEAAEtGaHBNYhtof1gHAAAARGlyaW9tb3IeAwAAapEB\nAABYBwAAAGRpcmlvbW9yHwMAAGqTAQAAaooBAABVCC04Ni4wNTExhVJyIAMAAHViaHtqeQEAAF1o\nfIdSciEDAAB9ciIDAAAoaokBAABqigEAAFUIMTEuOTMwOTWFUnIjAwAAaowBAABqigEAAFUBMIVS\nciQDAABogWiCKYFyJQMAAH1yJgMAAGiFaIZzYmpWAQAAS0ZocE1nG2h/WAcAAABHcmFuYWRhcicD\nAABqkQEAAFgHAAAAZ3JhbmFkYXIoAwAAapMBAABqigEAAFUJLTg1Ljk1Njk2hVJyKQMAAHViaHtq\neQEAAF1ofIdScioDAAB9cisDAAAoaokBAABqigEAAFUHMTEuNzU2M4VSciwDAABqjAEAAGqKAQAA\nVQEwhVJyLQMAAGiBaIIpgXIuAwAAfXIvAwAAaIVohnNialYBAABLRmhwTWwbaH9YCAAAAE5hbmRh\naW1lcjADAABqkQEAAFgIAAAAbmFuZGFpbWVyMQMAAGqTAQAAaooBAABVCS04Ni4wNTM0NYVScjID\nAAB1Ymh7ankBAABdaHyHUnIzAwAAfXI0AwAAKGqJAQAAaooBAABVBzEzLjYyMTOFUnI1AwAAaowB\nAABqigEAAFUBMIVScjYDAABogWiCKYFyNwMAAH1yOAMAAGiFaIZzYmpWAQAASwpocE3tA2h/WAcA\nAABXaXdpbMOtcjkDAABqkQEAAFgGAAAAV2l3aWxpcjoDAABqkwEAAGqKAQAAVQktODUuODE4NjSF\nUnI7AwAAdWJoe2p5AQAAXWh8h1JyPAMAAH1yPQMAAChqiQEAAGqKAQAAVQgxMy4zNjc2NIVScj4D\nAABqjAEAAGqKAQAAVQEwhVJyPwMAAGiBaIIpgXJAAwAAfXJBAwAAaIVohnNialYBAABLCmhwTfID\naH9YBwAAAEVsIEPDumFyQgMAAGqRAQAAWAYAAABFbC1jdWFyQwMAAGqTAQAAaooBAABVCC04NS42\nNzMzhVJyRAMAAHViaHtqeQEAAF1ofIdSckUDAAB9ckYDAAAoaokBAABqigEAAFUIMTMuNjE5NzaF\nUnJHAwAAaowBAABqigEAAFUBMIVSckgDAABogWiCKYFySQMAAH1ySgMAAGiFaIZzYmpWAQAASwpo\ncE30A2h/WA8AAABTYW4gSm9zw6kgQm9jYXlySwMAAGqRAQAAWA4AAABTYW4tam9zZS1ib2NheXJM\nAwAAapMBAABqigEAAFUILTg1LjUwMDiFUnJNAwAAdWJoe2p5AQAAXWh8h1JyTgMAAH1yTwMAAChq\niQEAAGqKAQAAVQgxMy4zNjY2N4VSclADAABqjAEAAGqKAQAAVQEwhVJyUQMAAGiBaIIpgXJSAwAA\nfXJTAwAAaIVohnNialYBAABLCmhwTfcDaH9YFwAAAFN0YS4gTWFyw61hIGRlIFBhbnRhc21hclQD\nAABqkQEAAFgUAAAAU2FudGEtbWFyaWEtcGFudGFzbWFyVQMAAGqTAQAAaooBAABVBi04NS45NYVS\nclYDAAB1Ymh7ankBAABdaHyHUnJXAwAAfXJYAwAAKGqJAQAAaooBAABVCDEzLjIxMzkxhVJyWQMA\nAGqMAQAAaooBAABVATCFUnJaAwAAaIFogimBclsDAAB9clwDAABohWiGc2JqVgEAAEsKaHBN/ANo\nf1gUAAAAU2FuIFJhZmFlbCBkZWwgTm9ydGVyXQMAAGqRAQAAWBQAAABTYW4tcmFmYWVsLWRlbC1u\nb3J0ZXJeAwAAapMBAABqigEAAFUJLTg2LjExMDQzhVJyXwMAAHViaHtqeQEAAF1ofIdScmADAAB9\ncmEDAAAoaokBAABqigEAAFUGMTMuMzA1hVJyYgMAAGqMAQAAaooBAABVATCFUnJjAwAAaIFogimB\ncmQDAAB9cmUDAABohWiGc2JqVgEAAEsKaHBNAQRof1gWAAAAU2FuIFNlYmFzdGlhbiBkZSBZYWzD\nrXJmAwAAapEBAABYBAAAAHlhbGlyZwMAAGqTAQAAaooBAABVCS04Ni4xODYzNoVScmgDAAB1Ymh7\nankBAABdaHyHUnJpAwAAfXJqAwAAKGqJAQAAaooBAABVCDEzLjE5NTM1hVJyawMAAGqMAQAAaooB\nAABVATCFUnJsAwAAaIFogimBcm0DAAB9cm4DAABohWiGc2JqVgEAAEsKaHBNBgRof1gMAAAATGEg\nQ29uY29yZGlhcm8DAABqkQEAAFgMAAAATGEtY29uY29yZGlhcnADAABqkwEAAGqKAQAAVQktODYu\nMTY2OTOFUnJxAwAAdWJoe2p5AQAAXWh8h1JycgMAAH1ycwMAAChqiQEAAGqKAQAAVQgxMy4wOTE2\nNYVScnQDAABqjAEAAGqKAQAAVQEwhVJydQMAAGiBaIIpgXJ2AwAAfXJ3AwAAaIVohnNialYBAABL\nCmhwTQsEaH9YCAAAAEppbm90ZWdhcngDAABqkQEAAFgIAAAAamlub3RlZ2FyeQMAAGqTAQAAaooB\nAABVCS04Ni4wMDEyMYVScnoDAAB1Ymh7ankBAABdaHyHUnJ7AwAAfXJ8AwAAKGqJAQAAaooBAABV\nCDEzLjA1NDMzhVJyfQMAAGqMAQAAaooBAABVATCFUnJ+AwAAaIFogimBcn8DAAB9coADAABohWiG\nc2JqVgEAAEsjaHBNsQ1of1gHAAAAQWNodWFwYXKBAwAAapEBAABYBwAAAGFjaHVhcGFyggMAAGqT\nAQAAaooBAABVCC04Ni41OTA3hVJygwMAAHViaHtqeQEAAF1ofIdScoQDAAB9coUDAAAoaokBAABq\nigEAAFUIMTIuODg2OTSFUnKGAwAAaowBAABqigEAAFUBMIVScocDAABogWiCKYFyiAMAAH1yiQMA\nAGiFaIZzYmpWAQAASyNocE22DWh/WAgAAABFbCBTYXVjZXKKAwAAapEBAABYCAAAAEVsLXNhdWNl\ncosDAABqkwEAAGqKAQAAVQktODYuNTM5NTKFUnKMAwAAdWJoe2p5AQAAXWh8h1JyjQMAAH1yjgMA\nAChqiQEAAGqKAQAAVQgxMi44MDE0MoVSco8DAABqjAEAAGqKAQAAVQEwhVJykAMAAGiBaIIpgXKR\nAwAAfXKSAwAAaIVohnNialYBAABLI2hwTbsNaH9YFQAAAFNhbnRhIFJvc2EgZGVsIFBlw7FvbnKT\nAwAAapEBAABYFAAAAFNhbnRhLXJvc2EtZGVsLXBlbm9ucpQDAABqkwEAAGqKAQAAVQktODYuMzcx\nNDSFUnKVAwAAdWJoe2p5AQAAXWh8h1JylgMAAH1ylwMAAChqiQEAAGqKAQAAVQgxMi43MjY3MoVS\ncpgDAABqjAEAAGqKAQAAVQEwhVJymQMAAGiBaIIpgXKaAwAAfXKbAwAAaIVohnNialYBAABLI2hw\nTcANaH9YCgAAAEVsIEppY2FyYWxynAMAAGqRAQAAWAoAAABFbC1qaWNhcmFscp0DAABqkwEAAGqK\nAQAAVQktODYuMzgxMzSFUnKeAwAAdWJoe2p5AQAAXWh8h1JynwMAAH1yoAMAAChqiQEAAGqKAQAA\nVQgxMi41OTMxMYVScqEDAABqjAEAAGqKAQAAVQEwhVJyogMAAGiBaIIpgXKjAwAAfXKkAwAAaIVo\nhnNialYBAABLI2hwTcUNaH9YCgAAAExhcnJleW5hZ2FypQMAAGqRAQAAWAoAAABsYXJyZXluYWdh\ncqYDAABqkwEAAGqKAQAAVQktODYuNjgwMTWFUnKnAwAAdWJoe2p5AQAAXWh8h1JyqAMAAH1yqQMA\nAChqiQEAAGqKAQAAVQgxMi41MjE1MoVScqoDAABqjAEAAGqKAQAAVQEwhVJyqwMAAGiBaIIpgXKs\nAwAAfXKtAwAAaIVohnNialYBAABLI2hwTcoNaH9YBgAAAFRlbGljYXKuAwAAapEBAABYBgAAAHRl\nbGljYXKvAwAAapMBAABqigEAAFUILTg2Ljg2MDOFUnKwAwAAdWJoe2p5AQAAXWh8h1JysQMAAH1y\nsgMAAChqiQEAAGqKAQAAVQgxMi41MDYxNIVScrMDAABqjAEAAGqKAQAAVQEwhVJytAMAAGiBaIIp\ngXK1AwAAfXK2AwAAaIVohnNialYBAABLI2hwTc8NaH9YDAAAAFF1ZXphbGd1YXF1ZXK3AwAAapEB\nAABYDAAAAHF1ZXphbGd1YXF1ZXK4AwAAapMBAABqigEAAFUJLTg2LjkwMzY2hVJyuQMAAHViaHtq\neQEAAF1ofIdScroDAAB9crsDAAAoaokBAABqigEAAFUIMTIuNDM0ODGFUnK8AwAAaowBAABqigEA\nAFUBMIVScr0DAABogWiCKYFyvgMAAH1yvwMAAGiFaIZzYmpWAQAASyNocE3UDWh/WAUAAABMZcOz\nbnLAAwAAapEBAABYBAAAAGxlb25ywQMAAGqTAQAAaooBAABVCS04Ni44ODE3NIVScsIDAAB1Ymh7\nankBAABdaHyHUnLDAwAAfXLEAwAAKGqJAQAAaooBAABVCDEyLjM0MDExhVJyxQMAAGqMAQAAaooB\nAABVATCFUnLGAwAAaIFogimBcscDAAB9csgDAABohWiGc2JqVgEAAEsjaHBN2Q1of1gNAAAATGEg\nUGF6IENlbnRyb3LJAwAAapEBAABYDQAAAExhLXBhei1jZW50cm9yygMAAGqTAQAAaooBAABVCS04\nNi42NzYyNYVScssDAAB1Ymh7ankBAABdaHyHUnLMAwAAfXLNAwAAKGqJAQAAaooBAABVCDEyLjI2\nNTMxhVJyzgMAAGqMAQAAaooBAABVATCFUnLPAwAAaIFogimBctADAAB9ctEDAABohWiGc2JqVgEA\nAEsjaHBN3g1of1gIAAAATmFnYXJvdGVy0gMAAGqRAQAAWAgAAABuYWdhcm90ZXLTAwAAapMBAABq\nigEAAFUJLTg2LjU2ODEyhVJy1AMAAHViaHtqeQEAAF1ofIdSctUDAAB9ctYDAAAoaokBAABqigEA\nAFUIMTMuNDgxMjmFUnLXAwAAaowBAABqigEAAFUBMIVSctgDAABogWiCKYFy2QMAAH1y2gMAAGiF\naIZzYmpWAQAASxRocE3VB2h/WAYAAABTb21vdG9y2wMAAGqRAQAAWAYAAABzb21vdG9y3AMAAGqT\nAQAAaooBAABVCS04Ni41ODMzN4VSct0DAAB1Ymh7ankBAABdaHyHUnLeAwAAfXLfAwAAKGqJAQAA\naooBAABVCDEzLjU2MzM2hVJy4AMAAGqMAQAAaooBAABVATCFUnLhAwAAaIFogimBcuIDAAB9cuMD\nAABohWiGc2JqVgEAAEsUaHBN2gdof1gJAAAAVG90b2dhbHBhcuQDAABqkQEAAFgJAAAAdG90b2dh\nbHBhcuUDAABqkwEAAGqKAQAAVQktODYuNDkyODGFUnLmAwAAdWJoe2p5AQAAXWh8h1Jy5wMAAH1y\n6AMAAChqiQEAAGqKAQAAVQgxMy41MzEzMYVScukDAABqjAEAAGqKAQAAVQEwhVJy6gMAAGiBaIIp\ngXLrAwAAfXLsAwAAaIVohnNialYBAABLFGhwTd8HaH9YCQAAAFRlbHBhbmVjYXLtAwAAapEBAABY\nCQAAAHRlbHBhbmVjYXLuAwAAapMBAABqigEAAFUJLTg2LjI4NjkzhVJy7wMAAHViaHtqeQEAAF1o\nfIdScvADAAB9cvEDAAAoaokBAABqigEAAFUIMTMuNTQ0NTiFUnLyAwAAaowBAABqigEAAFUBMIVS\ncvMDAABogWiCKYFy9AMAAH1y9QMAAGiFaIZzYmpWAQAASxRocE3kB2h/WBUAAABTYW4gSnVhbiBk\nZSBSw61vIENvY29y9gMAAGqRAQAAWBEAAABTYW4tanVhbi1yaW8tY29jb3L3AwAAapMBAABqigEA\nAFUJLTg2LjE2NTM3hVJy+AMAAHViaHtqeQEAAF1ofIdScvkDAAB9cvoDAAAoaokBAABqigEAAFUI\nMTMuNDU1OTeFUnL7AwAAaowBAABqigEAAFUBMIVScvwDAABogWiCKYFy/QMAAH1y/gMAAGiFaIZz\nYmpWAQAASxRocE3pB2h/WAsAAABQYWxhY2FndWluYXL/AwAAapEBAABYCwAAAHBhbGFjYWd1aW5h\ncgAEAABqkwEAAGqKAQAAVQgtODYuNDA3MYVScgEEAAB1Ymh7ankBAABdaHyHUnICBAAAfXIDBAAA\nKGqJAQAAaooBAABVCDEzLjQ4MzUxhVJyBAQAAGqMAQAAaooBAABVATCFUnIFBAAAaIFogimBcgYE\nAAB9cgcEAABohWiGc2JqVgEAAEsUaHBN7gdof1gJAAAAWWFsYWd1aW5hcggEAABqkQEAAFgJAAAA\neWFsYWd1aW5hcgkEAABqkwEAAGqKAQAAVQktODYuNDkzNDSFUnIKBAAAdWJoe2p5AQAAXWh8h1Jy\nCwQAAH1yDAQAAChqiQEAAGqKAQAAVQgxMy40MTM1OIVScg0EAABqjAEAAGqKAQAAVQEwhVJyDgQA\nAGiBaIIpgXIPBAAAfXIQBAAAaIVohnNialYBAABLFGhwTfMHaH9YCQAAAFNhbiBMdWNhc3IRBAAA\napEBAABYCQAAAFNhbi1sdWNhc3ISBAAAapMBAABqigEAAFUJLTg2LjYxMTc2hVJyEwQAAHViaHtq\neQEAAF1ofIdSchQEAAB9chUEAAAoaokBAABqigEAAFUIMTMuMzQzMjSFUnIWBAAAaowBAABqigEA\nAFUBMIVSchcEAABogWiCKYFyGAQAAH1yGQQAAGiFaIZzYmpWAQAASxRocE34B2h/WAsAAABMYXMg\nU2FiYW5hc3IaBAAAapEBAABYCwAAAExhcy1zYWJhbmFzchsEAABqkwEAAGqKAQAAVQktODYuNjIx\nOTSFUnIcBAAAdWJoe2p5AQAAXWh8h1JyHQQAAH1yHgQAAChqiQEAAGqKAQAAVQgxMy4yODg0N4VS\nch8EAABqjAEAAGqKAQAAVQEwhVJyIAQAAGiBaIIpgXIhBAAAfXIiBAAAaIVohnNialYBAABLFGhw\nTf0HaH9YFAAAAFNhbiBKb3PDqSBkZSBDdXNtYXBhciMEAABqkQEAAFgQAAAAU2FuLWpvc2UtY3Vz\nbWFwYXIkBAAAapMBAABqigEAAFUJLTg2LjY1NDg5hVJyJQQAAHViaHtqeQEAAF1ofIdSciYEAAB9\ncicEAAAoaokBAABqigEAAFUIMTIuNTA0NTiFUnIoBAAAaowBAABqigEAAFUBMIVScikEAABogWiC\nKYFyKgQAAH1yKwQAAGiFaIZzYmpWAQAASzdocE2BFWh/WBMAAABTYW4gRnJhbmNpc2NvIExpYnJl\nciwEAABqkQEAAFgTAAAAU2FuLWZyYW5jaXNjby1saWJyZXItBAAAapMBAABqigEAAFUJLTg2LjMw\nMTA1hVJyLgQAAHViaHtqeQEAAF1ofIdSci8EAAB9cjAEAAAoaokBAABqigEAAFUIMTIuMTk2NjKF\nUnIxBAAAaowBAABqigEAAFUBMIVScjIEAABogWiCKYFyMwQAAH1yNAQAAGiFaIZzYmpWAQAASzdo\ncE2GFWh/WAgAAABUaXBpdGFwYXI1BAAAapEBAABYCAAAAHRpcGl0YXBhcjYEAABqkwEAAGqKAQAA\nVQktODYuMDk2ODKFUnI3BAAAdWJoe2p5AQAAXWh8h1JyOAQAAH1yOQQAAChqiQEAAGqKAQAAVQgx\nMi4yMzUzNoVScjoEAABqjAEAAGqKAQAAVQEwhVJyOwQAAGiBaIIpgXI8BAAAfXI9BAAAaIVohnNi\nalYBAABLN2hwTYsVaH9YBwAAAE1hdGVhcmVyPgQAAGqRAQAAWAcAAABtYXRlYXJlcj8EAABqkwEA\nAGqKAQAAVQktODYuNDMwMTOFUnJABAAAdWJoe2p5AQAAXWh8h1JyQQQAAH1yQgQAAChqiQEAAGqK\nAQAAVQgxMS45NzkyNIVSckMEAABqjAEAAGqKAQAAVQEwhVJyRAQAAGiBaIIpgXJFBAAAfXJGBAAA\naIVohnNialYBAABLN2hwTZAVaH9YFAAAAFZpbGxhIENhcmxvcyBGb25zZWNhckcEAABqkQEAAFgU\nAAAAVmlsbGEtY2FybG9zLWZvbnNlY2FySAQAAGqTAQAAaooBAABVCS04Ni41MDgwOYVSckkEAAB1\nYmh7ankBAABdaHyHUnJKBAAAfXJLBAAAKGqJAQAAaooBAABVCDEyLjE2MDgyhVJyTAQAAGqMAQAA\naooBAABVATCFUnJNBAAAaIFogimBck4EAAB9ck8EAABohWiGc2JqVgEAAEs3aHBNkhVof1gOAAAA\nQ2l1ZGFkIFNhbmRpbm9yUAQAAGqRAQAAWA4AAABDaXVkYWQtc2FuZGlub3JRBAAAapMBAABqigEA\nAFUJLTg2LjM1MDA0hVJyUgQAAHViaHtqeQEAAF1ofIdSclMEAAB9clQEAAAoaokBAABqigEAAFUI\nMTIuMTQ3NDaFUnJVBAAAaowBAABqigEAAFUBMIVSclYEAABogWiCKYFyVwQAAH1yWAQAAGiFaIZz\nYmpWAQAASzdocE2VFWh/WAcAAABNYW5hZ3VhclkEAABqkQEAAFgHAAAAbWFuYWd1YXJaBAAAapMB\nAABqigEAAFUJLTg2LjI3MzM5hVJyWwQAAHViaHtqeQEAAF1ofIdSclwEAAB9cl0EAAAoaokBAABq\nigEAAFUIMTIuMDIxMjWFUnJeBAAAaowBAABqigEAAFUBMIVScl8EAABogWiCKYFyYAQAAH1yYQQA\nAGiFaIZzYmpWAQAASzdocE2aFWh/WAoAAABUaWN1YW50ZXBlcmIEAABqkQEAAFgKAAAAdGljdWFu\ndGVwZXJjBAAAapMBAABqigEAAFUJLTg2LjIwMjg4hVJyZAQAAHViaHtqeQEAAF1ofIdScmUEAAB9\ncmYEAAAoaokBAABqigEAAFUIMTEuOTc4NjWFUnJnBAAAaowBAABqigEAAFUBMIVScmgEAABogWiC\nKYFyaQQAAH1yagQAAGiFaIZzYmpWAQAASzdocE2cFWh/WAoAAABFbCBDcnVjZXJvcmsEAABqkQEA\nAFgKAAAARWwtY3J1Y2Vyb3JsBAAAapMBAABqigEAAFUJLTg2LjMxMDc2hVJybQQAAHViaHtqeQEA\nAF1ofIdScm4EAAB9cm8EAAAoaokBAABqigEAAFUIMTEuODQ2ODGFUnJwBAAAaowBAABqigEAAFUB\nMIVScnEEAABogWiCKYFycgQAAH1ycwQAAGiFaIZzYmpWAQAASzdocE2fFWh/WBIAAABTYW4gUmFm\nYWVsIGRlbCBTdXJydAQAAGqRAQAAWBIAAABTYW4tcmFmYWVsLWRlbC1zdXJydQQAAGqTAQAAaooB\nAABVCS04Ni40Mzk3N4VScnYEAAB1Ymh7ankBAABdaHyHUnJ3BAAAfXJ4BAAAKGqJAQAAaooBAABV\nCDEyLjAwMjQzhVJyeQQAAGqMAQAAaooBAABVATCFUnJ6BAAAaIFogimBcnsEAAB9cnwEAABohWiG\nc2JqVgEAAEs8aHBNdRdof1gIAAAATmluZGlyw61yfQQAAGqRAQAAWAcAAABuaW5kaXJpcn4EAABq\nkwEAAGqKAQAAVQktODYuMTIwNjeFUnJ/BAAAdWJoe2p5AQAAXWh8h1JygAQAAH1ygQQAAChqiQEA\nAGqKAQAAVQgxMS45NzczNYVScoIEAABqjAEAAGqKAQAAVQEwhVJygwQAAGiBaIIpgXKEBAAAfXKF\nBAAAaIVohnNialYBAABLPGhwTXoXaH9YBgAAAE1hc2F5YXKGBAAAapEBAABYBgAAAG1hc2F5YXKH\nBAAAapMBAABqigEAAFUJLTg2LjA5NjA2hVJyiAQAAHViaHtqeQEAAF1ofIdScokEAAB9cooEAAAo\naokBAABqigEAAFUIMTIuMDgxMzOFUnKLBAAAaowBAABqigEAAFUBMIVScowEAABogWiCKYFyjQQA\nAH1yjgQAAGiFaIZzYmpWAQAASzxocE1/F2h/WAUAAABUaXNtYXKPBAAAapEBAABYBQAAAHRpc21h\ncpAEAABqkwEAAGqKAQAAVQktODYuMDE5MjGFUnKRBAAAdWJoe2p5AQAAXWh8h1JykgQAAH1ykwQA\nAChqiQEAAGqKAQAAVQgxMS45MzYxNYVScpQEAABqjAEAAGqKAQAAVQEwhVJylQQAAGiBaIIpgXKW\nBAAAfXKXBAAAaIVohnNialYBAABLPGhwTYQXaH9YDgAAAExhIENvbmNlcGNpw7NucpgEAABqkQEA\nAFgNAAAATGEtY29uY2VwY2lvbnKZBAAAapMBAABqigEAAFUILTg2LjE5MjKFUnKaBAAAdWJoe2p5\nAQAAXWh8h1JymwQAAH1ynAQAAChqiQEAAGqKAQAAVQgxMS45MTM0NIVScp0EAABqjAEAAGqKAQAA\nVQEwhVJyngQAAGiBaIIpgXKfBAAAfXKgBAAAaIVohnNialYBAABLPGhwTYkXaH9YCAAAAE1hc2F0\nZXBlcqEEAABqkQEAAFgIAAAAbWFzYXRlcGVyogQAAGqTAQAAaooBAABVCS04Ni4xNDQ3NYVScqME\nAAB1Ymh7ankBAABdaHyHUnKkBAAAfXKlBAAAKGqJAQAAaooBAABVCDExLjkwOTMzhVJypgQAAGqM\nAQAAaooBAABVATCFUnKnBAAAaIFogimBcqgEAAB9cqkEAABohWiGc2JqVgEAAEs8aHBNjhdof1gI\nAAAATmFuZGFzbW9yqgQAAGqRAQAAWAgAAABuYW5kYXNtb3KrBAAAapMBAABqigEAAFUJLTg2LjEz\nMDU1hVJyrAQAAHViaHtqeQEAAF1ofIdScq0EAAB9cq4EAAAoaokBAABqigEAAFUIMTEuOTEwNziF\nUnKvBAAAaowBAABqigEAAFUBMIVScrAEAABogWiCKYFysQQAAH1ysgQAAGiFaIZzYmpWAQAASzxo\ncE2TF2h/WAgAAABDYXRhcmluYXKzBAAAapEBAABYCAAAAGNhdGFyaW5hcrQEAABqkwEAAGqKAQAA\nVQktODYuMDc0MDeFUnK1BAAAdWJoe2p5AQAAXWh8h1JytgQAAH1ytwQAAChqiQEAAGqKAQAAVQgx\nMS45MDQ3OYVScrgEAABqjAEAAGqKAQAAVQEwhVJyuQQAAGiBaIIpgXK6BAAAfXK7BAAAaIVohnNi\nalYBAABLPGhwTZgXaH9YEwAAAFNhbiBKdWFuIGRlIE9yaWVudGVyvAQAAGqRAQAAWBMAAABTYW4t\nanVhbi1kZS1vcmllbnRlcr0EAABqkwEAAGqKAQAAVQktODYuMDczMTGFUnK+BAAAdWJoe2p5AQAA\nXWh8h1JyvwQAAH1ywAQAAChqiQEAAGqKAQAAVQgxMS45MDQwOIVScsEEAABqjAEAAGqKAQAAVQEw\nhVJywgQAAGiBaIIpgXLDBAAAfXLEBAAAaIVohnNialYBAABLPGhwTZ0XaH9YCwAAAE5pcXVpbm9o\nb21vcsUEAABqkQEAAFgJAAAAbmlxdWlub21vcsYEAABqkwEAAGqKAQAAVQktODYuMDk0NzKFUnLH\nBAAAdWJoe2p5AQAAXWh8h1JyyAQAAH1yyQQAAChqiQEAAGqKAQAAVQgxMy4yNTM1MoVScsoEAABq\njAEAAGqKAQAAVQEwhVJyywQAAGiBaIIpgXLMBAAAfXLNBAAAaIVohnNialYBAABLKGhwTaUPaH9Y\nDQAAAFJhbmNobyBHcmFuZGVyzgQAAGqRAQAAWA0AAABSYW5jaG8tZ3JhbmRlcs8EAABqkwEAAGqK\nAQAAVQktODUuNTUyNjiFUnLQBAAAdWJoe2p5AQAAXWh8h1Jy0QQAAH1y0gQAAChqiQEAAGqKAQAA\nVQgxMi45MzA0NIVSctMEAABqjAEAAGqKAQAAVQEwhVJy1AQAAGiBaIIpgXLVBAAAfXLWBAAAaIVo\nhnNialYBAABLKGhwTaoPaH9YDQAAAFLDrcKtbyBCbGFuY29y1wQAAGqRAQAAWAoAAABSaW8tYmxh\nbmNvctgEAABqkwEAAGqKAQAAVQgtODUuMjI2MYVSctkEAAB1Ymh7ankBAABdaHyHUnLaBAAAfXLb\nBAAAKGqJAQAAaooBAABVCDEzLjEzNzM1hVJy3AQAAGqMAQAAaooBAABVATCFUnLdBAAAaIFogimB\nct4EAAB9ct8EAABohWiGc2JqVgEAAEsoaHBNrw9of1gSAAAARWwgVHVtYSAtIExhIERhbGlhcuAE\nAABqkQEAAFgHAAAARWwtdHVtYXLhBAAAapMBAABqigEAAFUJLTg1LjczNzg4hVJy4gQAAHViaHtq\neQEAAF1ofIdScuMEAAB9cuQEAAAoaokBAABqigEAAFUIMTIuOTI5MzeFUnLlBAAAaowBAABqigEA\nAFUBMIVScuYEAABogWiCKYFy5wQAAH1y6AQAAGiFaIZzYmpWAQAASyhocE20D2h/WAoAAABTYW4g\nSXNpZHJvcukEAABqkQEAAFgKAAAAU2FuLWlzaWRyb3LqBAAAapMBAABqigEAAFUILTg2LjE5NTWF\nUnLrBAAAdWJoe2p5AQAAXWh8h1Jy7AQAAH1y7QQAAChqiQEAAGqKAQAAVQcxMi44NTE5hVJy7gQA\nAGqMAQAAaooBAABVATCFUnLvBAAAaIFogimBcvAEAAB9cvEEAABohWiGc2JqVgEAAEsoaHBNuQ9o\nf1gHAAAAU8OpYmFjb3LyBAAAapEBAABYBgAAAHNlYmFjb3LzBAAAapMBAABqigEAAFUJLTg2LjA5\nNjk2hVJy9AQAAHViaHtqeQEAAF1ofIdScvUEAAB9cvYEAAAoaokBAABqigEAAFUIMTIuOTI3MDmF\nUnL3BAAAaowBAABqigEAAFUBMIVScvgEAABogWiCKYFy+QQAAH1y+gQAAGiFaIZzYmpWAQAASyho\ncE2+D2h/WAkAAABNYXRhZ2FscGFy+wQAAGqRAQAAWAkAAABtYXRhZ2FscGFy/AQAAGqTAQAAaooB\nAABVCS04NS45MTc0N4VScv0EAAB1Ymh7ankBAABdaHyHUnL+BAAAfXL/BAAAKGqJAQAAaooBAABV\nCDEyLjkyMjU0hVJyAAUAAGqMAQAAaooBAABVATCFUnIBBQAAaIFogimBcgIFAAB9cgMFAABohWiG\nc2JqVgEAAEsoaHBNww9of1gKAAAAU2FuIFJhbcOzbnIEBQAAapEBAABYCQAAAFNhbi1yYW1vbnIF\nBQAAapMBAABqigEAAFUJLTg1LjgzOTY4hVJyBgUAAHViaHtqeQEAAF1ofIdScgcFAAB9cggFAAAo\naokBAABqigEAAFUHMTIuODM3MYVScgkFAABqjAEAAGqKAQAAVQEwhVJyCgUAAGiBaIIpgXILBQAA\nfXIMBQAAaIVohnNialYBAABLKGhwTcgPaH9YCQAAAE1hdGlndcOhc3INBQAAapEBAABYCAAAAG1h\ndGlndWFzcg4FAABqkwEAAGqKAQAAVQktODUuNDYwNzmFUnIPBQAAdWJoe2p5AQAAXWh8h1JyEAUA\nAH1yEQUAAChqiQEAAGqKAQAAVQgxMi43NjEyNYVSchIFAABqjAEAAGqKAQAAVQEwhVJyEwUAAGiB\naIIpgXIUBQAAfXIVBQAAaIVohnNialYBAABLKGhwTc0PaH9YBwAAAE11eSBNdXlyFgUAAGqRAQAA\nWAYAAABtdXltdXlyFwUAAGqTAQAAaooBAABVCS04NS42MzEyM4VSchgFAAB1Ymh7ankBAABdaHyH\nUnIZBQAAfXIaBQAAKGqJAQAAaooBAABVCDEyLjY2NDQ2hVJyGwUAAGqMAQAAaooBAABVATCFUnIc\nBQAAaIFogimBch0FAAB9ch4FAABohWiGc2JqVgEAAEsoaHBN0g9of1gKAAAARXNxdWlwdWxhc3If\nBQAAapEBAABYCgAAAGVzcXVpcHVsYXNyIAUAAGqTAQAAaooBAABVCS04NS43ODkwOYVSciEFAAB1\nYmh7ankBAABdaHyHUnIiBQAAfXIjBQAAKGqJAQAAaooBAABVBzEyLjc2MTmFUnIkBQAAaowBAABq\nigEAAFUBMIVSciUFAABogWiCKYFyJgUAAH1yJwUAAGiFaIZzYmpWAQAASyhocE3XD2h/WAwAAABT\nYW4gRGlvbmlzaW9yKAUAAGqRAQAAWAwAAABTYW4tZGlvbmlzaW9yKQUAAGqTAQAAaooBAABVCS04\nNS44NTA5MYVScioFAAB1Ymh7ankBAABdaHyHUnIrBQAAfXIsBQAAKGqJAQAAaooBAABVCDEyLjcz\nMDA5hVJyLQUAAGqMAQAAaooBAABVATCFUnIuBQAAaIFogimBci8FAAB9cjAFAABohWiGc2JqVgEA\nAEsoaHBN3A9of1gJAAAAVGVycmFib25hcjEFAABqkQEAAFgJAAAAdGVycmFib25hcjIFAABqkwEA\nAGqKAQAAVQktODUuOTY0ODeFUnIzBQAAdWJoe2p5AQAAXWh8h1JyNAUAAH1yNQUAAChqiQEAAGqK\nAQAAVQUxMi43M4VScjYFAABqjAEAAGqKAQAAVQEwhVJyNwUAAGiBaIIpgXI4BQAAfXI5BQAAaIVo\nhnNialYBAABLKGhwTeEPaH9YDwAAAENpdWRhZCBEYXLDrcKtb3I6BQAAapEBAABYDAAAAENpdWRh\nZC1kYXJpb3I7BQAAapMBAABqigEAAFUJLTg2LjEyNDU3hVJyPAUAAHViaHtqeQEAAF1ofIdScj0F\nAAB9cj4FAAAoaokBAABqigEAAFUIMTMuOTIyODaFUnI/BQAAaowBAABqigEAAFUBMIVSckAFAABo\ngWiCKYFyQQUAAH1yQgUAAGiFaIZzYmpWAQAASwVocE35AWh/WAYAAABKYWxhcGFyQwUAAGqRAQAA\nWAYAAABqYWxhcGFyRAUAAGqTAQAAaooBAABVCC04Ni4xMjUyhVJyRQUAAHViaHtqeQEAAF1ofIdS\nckYFAAB9ckcFAAAoaokBAABqigEAAFUGMTMuNzU5hVJySAUAAGqMAQAAaooBAABVATCFUnJJBQAA\naIFogimBckoFAAB9cksFAABohWiGc2JqVgEAAEsFaHBN/gFof1gFAAAATXVycmFyTAUAAGqRAQAA\nWAUAAABtdXJyYXJNBQAAapMBAABqigEAAFUJLTg2LjAxNzk5hVJyTgUAAHViaHtqeQEAAF1ofIdS\nck8FAAB9clAFAAAoaokBAABqigEAAFUIMTMuNzIzMjaFUnJRBQAAaowBAABqigEAAFUBMIVSclIF\nAABogWiCKYFyUwUAAH1yVAUAAGiFaIZzYmpWAQAASwVocE0DAmh/WAwAAABFbCBKw63CrWNhcm9y\nVQUAAGqRAQAAWAkAAABFbC1qaWNhcm9yVgUAAGqTAQAAaooBAABVCS04Ni4xMzcwNYVSclcFAAB1\nYmh7ankBAABdaHyHUnJYBQAAfXJZBQAAKGqJAQAAaooBAABVCDEzLjY3NzI5hVJyWgUAAGqMAQAA\naooBAABVATCFUnJbBQAAaIFogimBclwFAAB9cl0FAABohWiGc2JqVgEAAEsFaHBNCAJof1gMAAAA\nU2FuIEZlcm5hbmRvcl4FAABqkQEAAFgMAAAAU2FuLWZlcm5hbmRvcl8FAABqkwEAAGqKAQAAVQkt\nODYuMzE0ODSFUnJgBQAAdWJoe2p5AQAAXWh8h1JyYQUAAH1yYgUAAChqiQEAAGqKAQAAVQgxMy42\nNjE2OIVScmMFAABqjAEAAGqKAQAAVQEwhVJyZAUAAGiBaIIpgXJlBQAAfXJmBQAAaIVohnNialYB\nAABLBWhwTQ0CaH9YBwAAAE1vem9udGVyZwUAAGqRAQAAWAcAAABtb3pvbnRlcmgFAABqkwEAAGqK\nAQAAVQktODYuNDM3MDaFUnJpBQAAdWJoe2p5AQAAXWh8h1JyagUAAH1yawUAAChqiQEAAGqKAQAA\nVQgxMy43MjI0M4VScmwFAABqjAEAAGqKAQAAVQEwhVJybQUAAGiBaIIpgXJuBQAAfXJvBQAAaIVo\nhnNialYBAABLBWhwTRICaH9YBwAAAERpcGlsdG9ycAUAAGqRAQAAWAcAAABkaXBpbHRvcnEFAABq\nkwEAAGqKAQAAVQgtODYuNTA3MoVScnIFAAB1Ymh7ankBAABdaHyHUnJzBQAAfXJ0BQAAKGqJAQAA\naooBAABVCDEzLjY1MjM5hVJydQUAAGqMAQAAaooBAABVATCFUnJ2BQAAaIFogimBcncFAAB9cngF\nAABohWiGc2JqVgEAAEsFaHBNFwJof1gJAAAATWFjdWVsaXpvcnkFAABqkQEAAFgJAAAAbWFjdWVs\naXpvcnoFAABqkwEAAGqKAQAAVQgtODYuNjEzOIVScnsFAAB1Ymh7ankBAABdaHyHUnJ8BQAAfXJ9\nBQAAKGqJAQAAaooBAABVCDEzLjc0NzUzhVJyfgUAAGqMAQAAaooBAABVATCFUnJ/BQAAaIFogimB\ncoAFAAB9coEFAABohWiGc2JqVgEAAEsFaHBNHAJof1gOAAAAU2FudGEgTWFyw63CrWFyggUAAGqR\nAQAAWAoAAABzYW50YW1hcmlhcoMFAABqkwEAAGqKAQAAVQktODYuNzEwNzeFUnKEBQAAdWJoe2p5\nAQAAXWh8h1JyhQUAAH1yhgUAAChqiQEAAGqKAQAAVQgxMy42MzQzMoVScocFAABqjAEAAGqKAQAA\nVQEwhVJyiAUAAGiBaIIpgXKJBQAAfXKKBQAAaIVohnNialYBAABLBWhwTSECaH9YBgAAAE9jb3Rh\nbHKLBQAAapEBAABYBgAAAG9jb3RhbHKMBQAAapMBAABqigEAAFUJLTg2LjQ3NzQ1hVJyjQUAAHVi\naHtqeQEAAF1ofIdSco4FAAB9co8FAAAoaokBAABqigEAAFUIMTMuNjQyMTeFUnKQBQAAaowBAABq\nigEAAFUBMIVScpEFAABogWiCKYFykgUAAH1ykwUAAGiFaIZzYmpWAQAASwVocE0mAmh/WA4AAABD\naXVkYWQgQW50aWd1YXKUBQAAapEBAABYDgAAAENpdWRhZC1hbnRpZ3VhcpUFAABqkwEAAGqKAQAA\nVQktODYuMzA4OTOFUnKWBQAAdWJoe2p5AQAAXWh8h1JylwUAAH1ymAUAAChqiQEAAGqKAQAAVQgx\nMy41NjY3NYVScpkFAABqjAEAAGqKAQAAVQEwhVJymgUAAGiBaIIpgXKbBQAAfXKcBQAAaIVohnNi\nalYBAABLBWhwTSsCaH9YCAAAAFF1aWxhbMOtcp0FAABqkQEAAFgHAAAAcXVpbGFsaXKeBQAAapMB\nAABqigEAAFUJLTg2LjAyOTUyhVJynwUAAHViaHtqeQEAAF1ofIdScqAFAAB9cqEFAAAoaokBAABq\nigEAAFUIMTMuNjI2NjeFUnKiBQAAaowBAABqigEAAFUBMIVScqMFAABogWiCKYFypAUAAH1ypQUA\nAGiFaIZzYmpWAQAASwVocE0wAmh/WBcAAABXaXdpbGkgZGUgTnVldmEgU2Vnb3ZpYXKmBQAAapEB\nAABYEwAAAFdpd2lsaS1udWV2YXNlZ292aWFypwUAAGqTAQAAaooBAABVCS04NS44MjM2OYVScqgF\nAAB1Ymh7ankBAABdaHyHUnKpBQAAfXKqBQAAKGqJAQAAaooBAABVCDE0Ljc0Mzg2hVJyqwUAAGqM\nAQAAaooBAABVATCFUnKsBQAAaIFogimBcq0FAAB9cq4FAABohWiGc2JqVgEAAEtbaHBNkSNof1gH\nAAAAV2FzcMOhbnKvBQAAapEBAABYBgAAAHdhc3BhbnKwBQAAapMBAABqigEAAFUJLTgzLjk2ODg1\nhVJysQUAAHViaHtqeQEAAF1ofIdScrIFAAB9crMFAAAoaokBAABqigEAAFUIMTQuMDMzMTOFUnK0\nBQAAaowBAABqigEAAFUBMIVScrUFAABogWiCKYFytgUAAH1ytwUAAGiFaIZzYmpWAQAAS1tocE2W\nI2h/WA4AAABQdWVydG8gQ2FiZXphc3K4BQAAapEBAABYDgAAAFB1ZXJ0by1jYWJlemFzcrkFAABq\nkwEAAGqKAQAAVQktODMuMzgyMjOFUnK6BQAAdWJoe2p5AQAAXWh8h1JyuwUAAH1yvAUAAChqiQEA\nAGqKAQAAVQcxMy45MTA2hVJyvQUAAGqMAQAAaooBAABVATCFUnK+BQAAaIFogimBcr8FAAB9csAF\nAABohWiGc2JqVgEAAEtbaHBNmyNof1gGAAAAUm9zaXRhcsEFAABqkQEAAFgGAAAAcm9zaXRhcsIF\nAABqkwEAAGqKAQAAVQktODQuMzkxNTOFUnLDBQAAdWJoe2p5AQAAXWh8h1JyxAUAAH1yxQUAAChq\niQEAAGqKAQAAVQgxNC4wMjU4NIVScsYFAABqjAEAAGqKAQAAVQEwhVJyxwUAAGiBaIIpgXLIBQAA\nfXLJBQAAaIVohnNialYBAABLW2hwTaAjaH9YBwAAAEJvbmFuemFyygUAAGqRAQAAWAcAAABib25h\nbnphcssFAABqkwEAAGqKAQAAVQktODQuNjIwODiFUnLMBQAAdWJoe2p5AQAAXWh8h1JyzQUAAH1y\nzgUAAChqiQEAAGqKAQAAVQgxMy4zMzQ2NYVScs8FAABqjAEAAGqKAQAAVQEwhVJy0AUAAGiBaIIp\ngXLRBQAAfXLSBQAAaIVohnNialYBAABLW2hwTaUjaH9YBwAAAFdhc2xhbGFy0wUAAGqRAQAAWAcA\nAAB3YXNsYWxhctQFAABqkwEAAGqKAQAAVQktODUuMzcwOTmFUnLVBQAAdWJoe2p5AQAAXWh8h1Jy\n1gUAAH1y1wUAAChqiQEAAGqKAQAAVQUxMy4xNYVSctgFAABqjAEAAGqKAQAAVQEwhVJy2QUAAGiB\naIIpgXLaBQAAfXLbBQAAaIVohnNialYBAABLW2hwTacjaH9YCAAAAE11bHVrdWt1ctwFAABqkQEA\nAFgIAAAAbXVsdWt1a3Vy3QUAAGqTAQAAaooBAABVCS04NC45NjY2N4VSct4FAAB1Ymh7ankBAABd\naHyHUnLfBQAAfXLgBQAAKGqJAQAAaooBAABVCDEzLjczODU3hVJy4QUAAGqMAQAAaooBAABVATCF\nUnLiBQAAaIFogimBcuMFAAB9cuQFAABohWiGc2JqVgEAAEtbaHBNqiNof1gFAAAAU2l1bmFy5QUA\nAGqRAQAAWAUAAABzaXVuYXLmBQAAapMBAABqigEAAFUJLTg0Ljc4NDkxhVJy5wUAAHViaHtqeQEA\nAF1ofIdScugFAAB9cukFAAAoaokBAABqigEAAFUIMTMuNDA2MTGFUnLqBQAAaowBAABqigEAAFUB\nMIVScusFAABogWiCKYFy7AUAAH1y7QUAAGiFaIZzYmpWAQAAS1tocE2vI2h/WAsAAABQcmluemFw\nb2xrYXLuBQAAapEBAABYCwAAAHByaW56YXBvbGthcu8FAABqkwEAAGqKAQAAVQktODMuNTYyMjmF\nUnLwBQAAdWJoe2p5AQAAXWh8h1Jy8QUAAH1y8gUAAChqiQEAAGqKAQAAVQgxMi43ODU0OIVScvMF\nAABqjAEAAGqKAQAAVQEwhVJy9AUAAGiBaIIpgXL1BQAAfXL2BQAAaIVohnNialYBAABLXWhwTVkk\naH9YBgAAAFBhaXdhc3L3BQAAapEBAABYBgAAAHBhaXdhc3L4BQAAapMBAABqigEAAFUJLTg1LjEy\nNDAyhVJy+QUAAHViaHtqeQEAAF1ofIdScvoFAAB9cvsFAAAoaokBAABqigEAAFUIMTMuMTExNDWF\nUnL8BQAAaowBAABqigEAAFUBMIVScv0FAABogWiCKYFy/gUAAH1y/wUAAGiFaIZzYmpWAQAAS11o\ncE1eJGh/WBYAAABMYSBDcnV6IGRlIFLDrW8gR3JhbmRlcgAGAABqkQEAAFgSAAAATGEtY3J1ei1y\naW8tZ3JhbmRlcgEGAABqkwEAAGqKAQAAVQktODQuMTg4MzWFUnICBgAAdWJoe2p5AQAAXWh8h1Jy\nAwYAAH1yBAYAAChqiQEAAGqKAQAAVQgxMi45MzIwOIVScgUGAABqjAEAAGqKAQAAVQEwhVJyBgYA\nAGiBaIIpgXIHBgAAfXIIBgAAaIVohnNialYBAABLXWhwTWAkaH9YHAAAAERlc2VtYm9jYWR1cmEg\nZGUgUsOtbyBHcmFuZGVyCQYAAGqRAQAAWBgAAABEZXNlbWJvY2FkdXJhLXJpby1ncmFuZGVyCgYA\nAGqTAQAAaooBAABVCS04My41NzY5N4VScgsGAAB1Ymh7ankBAABdaHyHUnIMBgAAfXINBgAAKGqJ\nAQAAaooBAABVCDEyLjM0MDk2hVJyDgYAAGqMAQAAaooBAABVATCFUnIPBgAAaIFogimBchAGAAB9\nchEGAABohWiGc2JqVgEAAEtdaHBNYyRof1gQAAAATGFndW5hIGRlIFBlcmxhc3ISBgAAapEBAABY\nEAAAAExhZ3VuYS1kZS1wZXJsYXNyEwYAAGqTAQAAaooBAABVCS04My42NzA1MoVSchQGAAB1Ymh7\nankBAABdaHyHUnIVBgAAfXIWBgAAKGqJAQAAaooBAABVCDEyLjgyMDg1hVJyFwYAAGqMAQAAaooB\nAABVATCFUnIYBgAAaIFogimBchkGAAB9choGAABohWiGc2JqVgEAAEtdaHBNZCRof1gNAAAARWwg\nVG9ydHVndWVyb3IbBgAAapEBAABYDQAAAEVsLXRvcnR1Z3Vlcm9yHAYAAGqTAQAAaooBAABVCS04\nNC4xOTkwNoVSch0GAAB1Ymh7ankBAABdaHyHUnIeBgAAfXIfBgAAKGqJAQAAaooBAABVCDEyLjE2\nMDA0hVJyIAYAAGqMAQAAaooBAABVATCFUnIhBgAAaIFogimBciIGAAB9ciMGAABohWiGc2JqVgEA\nAEtdaHBNaCRof1gEAAAAUmFtYXIkBgAAapEBAABYBAAAAHJhbWFyJQYAAGqTAQAAaooBAABVCS04\nNC4yMTkxM4VSciYGAAB1Ymh7ankBAABdaHyHUnInBgAAfXIoBgAAKGqJAQAAaooBAABVCDEyLjQ5\nNDg2hVJyKQYAAGqMAQAAaooBAABVATCFUnIqBgAAaIFogimBcisGAAB9ciwGAABohWiGc2JqVgEA\nAEtdaHBNayRof1gIAAAARWwgQXlvdGVyLQYAAGqRAQAAWAgAAABFbC1heW90ZXIuBgAAapMBAABq\nigEAAFUJLTg0LjgxOTQzhVJyLwYAAHViaHtqeQEAAF1ofIdScjAGAAB9cjEGAAAoaokBAABqigEA\nAFUIMTIuMDY3NjSFUnIyBgAAaowBAABqigEAAFUBMIVScjMGAABogWiCKYFyNAYAAH1yNQYAAGiF\naIZzYmpWAQAAS11ocE1tJGh/WBQAAABNdWVsbGUgZGUgbG9zIEJ1ZXllc3I2BgAAapEBAABYFAAA\nAE11ZWxsZS1kZS1sb3MtYnVleWVzcjcGAABqkwEAAGqKAQAAVQktODQuNTM3NDmFUnI4BgAAdWJo\ne2p5AQAAXWh8h1JyOQYAAH1yOgYAAChqiQEAAGqKAQAAVQgxMi4yNDE2M4VScjsGAABqjAEAAGqK\nAQAAVQEwhVJyPAYAAGiBaIIpgXI9BgAAfXI+BgAAaIVohnNialYBAABLXWhwTXIkaH9YDAAAAEt1\na3JhIC0gSGlsbHI/BgAAapEBAABYCgAAAEt1a3JhLWhpbGxyQAYAAGqTAQAAaooBAABVCS04My43\nNDUzMoVSckEGAAB1Ymh7ankBAABdaHyHUnJCBgAAfXJDBgAAKGqJAQAAaooBAABVCDEyLjE4MDE3\nhVJyRAYAAGqMAQAAaooBAABVATCFUnJFBgAAaIFogimBckYGAAB9ckcGAABohWiGc2JqVgEAAEtd\naHBNdyRof1gLAAAAQ29ybiBJc2xhbmRySAYAAGqRAQAAWAsAAABDb3JuLWlzbGFuZHJJBgAAapMB\nAABqigEAAFUJLTgzLjA1OTc1hVJySgYAAHViaHtqeQEAAF1ofIdScksGAAB9ckwGAAAoaokBAABq\nigEAAFUIMTIuMDExNDSFUnJNBgAAaowBAABqigEAAFUBMIVSck4GAABogWiCKYFyTwYAAH1yUAYA\nAGiFaIZzYmpWAQAAS11ocE18JGh/WAoAAABCbHVlZmllbGRzclEGAABqkQEAAFgKAAAAYmx1ZWZp\nZWxkc3JSBgAAapMBAABqigEAAFUJLTgzLjc2Mzg4hVJyUwYAAHViaHtqeQEAAF1ofIdSclQGAAB9\nclUGAAAoaokBAABqigEAAFUIMTEuNjg4MjeFUnJWBgAAaowBAABqigEAAFUBMIVSclcGAABogWiC\nKYFyWAYAAH1yWQYAAGiFaIZzYmpWAQAAS11ocE2BJGh/WAwAAABOdWV2YSBHdWluZWFyWgYAAGqR\nAQAAWAwAAABOdWV2YS1ndWluZWFyWwYAAGqTAQAAaooBAABVCS04NC40NTc5NIVSclwGAAB1Ymh7\nankBAABdaHyHUnJdBgAAfXJeBgAAKGqJAQAAaooBAABVCDExLjQzODY4hVJyXwYAAGqMAQAAaooB\nAABVATCFUnJgBgAAaIFogimBcmEGAAB9cmIGAABohWiGc2JqVgEAAEtQaHBNRR9of1gEAAAAVG9s\nYXJjBgAAapEBAABYBAAAAHRvbGFyZAYAAGqTAQAAaooBAABVCS04NS45MzkwN4VScmUGAAB1Ymh7\nankBAABdaHyHUnJmBgAAfXJnBgAAKGqJAQAAaooBAABVCDExLjUwMDgxhVJyaAYAAGqMAQAAaooB\nAABVATCFUnJpBgAAaIFogimBcmoGAAB9cmsGAABohWiGc2JqVgEAAEtQaHBNSh9of1gGAAAAQmVs\nw6lucmwGAABqkQEAAFgFAAAAYmVsZW5ybQYAAGqTAQAAaooBAABVCS04NS44OTAxNIVScm4GAAB1\nYmh7ankBAABdaHyHUnJvBgAAfXJwBgAAKGqJAQAAaooBAABVBzExLjQ5MzKFUnJxBgAAaowBAABq\nigEAAFUBMIVScnIGAABogWiCKYFycwYAAH1ydAYAAGiFaIZzYmpWAQAAS1BocE1PH2h/WAcAAABQ\nb3Rvc8OtcnUGAABqkQEAAFgGAAAAcG90b3NpcnYGAABqkwEAAGqKAQAAVQktODUuODU3MDmFUnJ3\nBgAAdWJoe2p5AQAAXWh8h1JyeAYAAH1yeQYAAChqiQEAAGqKAQAAVQgxMS40NjkyM4VScnoGAABq\njAEAAGqKAQAAVQEwhVJyewYAAGiBaIIpgXJ8BgAAfXJ9BgAAaIVohnNialYBAABLUGhwTVQfaH9Y\nDAAAAEJ1ZW5vcyBBaXJlc3J+BgAAapEBAABYDAAAAEJ1ZW5vcy1haXJlc3J/BgAAapMBAABqigEA\nAFUJLTg1LjgxNzAxhVJygAYAAHViaHtqeQEAAF1ofIdScoEGAAB9coIGAAAoaokBAABqigEAAFUI\nMTEuNTM5NDeFUnKDBgAAaowBAABqigEAAFUBMIVScoQGAABogWiCKYFyhQYAAH1yhgYAAGiFaIZz\nYmpWAQAAS1BocE1ZH2h/WAkAAABNb3lvZ2FscGFyhwYAAGqRAQAAWAkAAABtb3lvZ2FscGFyiAYA\nAGqTAQAAaooBAABVCS04NS42OTc0NoVScokGAAB1Ymh7ankBAABdaHyHUnKKBgAAfXKLBgAAKGqJ\nAQAAaooBAABVCDExLjU2NTQ3hVJyjAYAAGqMAQAAaooBAABVATCFUnKNBgAAaIFogimBco4GAAB9\nco8GAABohWiGc2JqVgEAAEtQaHBNXh9of1gKAAAAQWx0YWdyYWNpYXKQBgAAapEBAABYCgAAAGFs\ndGFncmFjaWFykQYAAGqTAQAAaooBAABVCS04NS41Nzc5M4VScpIGAAB1Ymh7ankBAABdaHyHUnKT\nBgAAfXKUBgAAKGqJAQAAaooBAABVCDExLjQ1NTMyhVJylQYAAGqMAQAAaooBAABVATCFUnKWBgAA\naIFogimBcpcGAAB9cpgGAABohWiGc2JqVgEAAEtQaHBNYx9of1gJAAAAU2FuIEpvcmdlcpkGAABq\nkQEAAFgJAAAAU2FuLWpvcmdlcpoGAABqkwEAAGqKAQAAVQktODUuODAwNzSFUnKbBgAAdWJoe2p5\nAQAAXWh8h1JynAYAAH1ynQYAAChqiQEAAGqKAQAAVQgxMS40Mzk3NYVScp4GAABqjAEAAGqKAQAA\nVQEwhVJynwYAAGiBaIIpgXKgBgAAfXKhBgAAaIVohnNialYBAABLUGhwTWgfaH9YBQAAAFJpdmFz\ncqIGAABqkQEAAFgFAAAAcml2YXNyowYAAGqTAQAAaooBAABVCC04NS44Mjg4hVJypAYAAHViaHtq\neQEAAF1ofIdScqUGAAB9cqYGAAAoaokBAABqigEAAFUIMTEuMjUzODSFUnKnBgAAaowBAABqigEA\nAFUBMIVScqgGAABogWiCKYFyqQYAAH1yqgYAAGiFaIZzYmpWAQAAS1BocE1tH2h/WBAAAABTYW4g\nSnVhbiBkZWwgU3VycqsGAABqkQEAAFgQAAAAU2FuLWp1YW4tZGVsLXN1cnKsBgAAapMBAABqigEA\nAFUJLTg1Ljg3MTc3hVJyrQYAAHViaHtqeQEAAF1ofIdScq4GAAB9cq8GAAAoaokBAABqigEAAFUI\nMTEuMTk1MjGFUnKwBgAAaowBAABqigEAAFUBMIVScrEGAABogWiCKYFysgYAAH1yswYAAGiFaIZz\nYmpWAQAAS1BocE1yH2h/WAkAAABDw6FyZGVuYXNytAYAAGqRAQAAWAgAAABjYXJkZW5hc3K1BgAA\napMBAABqigEAAFUJLTg1LjUwODg2hVJytgYAAHViaHtqeQEAAF1ofIdScrcGAAB9crgGAAAoaokB\nAABqigEAAFUHMTEuNjIxM4VScrkGAABqjAEAAGqKAQAAVQEwhVJyugYAAGiBaIIpgXK7BgAAfXK8\nBgAAaIVohnNialYBAABLVWhwTTkhaH9YBwAAAE1vcnJpdG9yvQYAAGqRAQAAWAcAAABtb3JyaXRv\ncr4GAABqkwEAAGqKAQAAVQktODUuMDgxNjmFUnK/BgAAdWJoe2p5AQAAXWh8h1JywAYAAH1ywQYA\nAChqiQEAAGqKAQAAVQgxMS42NzY4NIVScsIGAABqjAEAAGqKAQAAVQEwhVJywwYAAGiBaIIpgXLE\nBgAAfXLFBgAAaIVohnNialYBAABLVWhwTT4haH9YCwAAAEVsIEFsbWVuZHJvcsYGAABqkQEAAFgL\nAAAARWwtYWxtZW5kcm9yxwYAAGqTAQAAaooBAABVCS04NC43MDM2MoVScsgGAAB1Ymh7ankBAABd\naHyHUnLJBgAAfXLKBgAAKGqJAQAAaooBAABVCDExLjQwMTU2hVJyywYAAGqMAQAAaooBAABVATCF\nUnLMBgAAaIFogimBcs0GAAB9cs4GAABohWiGc2JqVgEAAEtVaHBNQyFof1gNAAAAU2FuIE1pZ3Vl\nbGl0b3LPBgAAapEBAABYDQAAAFNhbi1taWd1ZWxpdG9y0AYAAGqTAQAAaooBAABVCS04NC45MDAw\nNYVSctEGAAB1Ymh7ankBAABdaHyHUnLSBgAAfXLTBgAAKGqJAQAAaooBAABVCDExLjEyMDg4hVJy\n1AYAAGqMAQAAaooBAABVATCFUnLVBgAAaIFogimBctYGAAB9ctcGAABohWiGc2JqVgEAAEtVaHBN\nSCFof1gKAAAAU2FuIENhcmxvc3LYBgAAapEBAABYCgAAAFNhbi1jYXJsb3Ny2QYAAGqTAQAAaooB\nAABVCS04NC43NzgzN4VSctoGAAB1Ymh7ankBAABdaHyHUnLbBgAAfXLcBgAAKGqJAQAAaooBAABV\nCDExLjAzOTY5hVJy3QYAAGqMAQAAaooBAABVATCFUnLeBgAAaIFogimBct8GAAB9cuAGAABohWiG\nc2JqVgEAAEtVaHBNTSFof1gLAAAARWwgQ2FzdGlsbG9y4QYAAGqRAQAAWAsAAABFbC1jYXN0aWxs\nb3LiBgAAapMBAABqigEAAFUJLTg0LjQ3Mjk1hVJy4wYAAHViaHtqeQEAAF1ofIdScuQGAAB9cuUG\nAAAoaokBAABqigEAAFUIMTAuOTQ2NzGFUnLmBgAAaowBAABqigEAAFUBMIVScucGAABogWiCKYFy\n6AYAAH1y6QYAAGiFaIZzYmpWAQAAS1VocE1SIWh/WBIAAABTYW4gSnVhbiBkZWwgTm9ydGVy6gYA\nAGqRAQAAWBIAAABTYW4tanVhbi1kZWwtbm9ydGVy6wYAAGqTAQAAaooBAABVCS04My43MzQ3OYVS\ncuwGAAB1YmV1YnUuYzlkZGNkZDNjOGU2ODkzOGY1NzRlMmEyMDI2MGI4NDk=\n','2010-10-26 12:08:40'),('698d791759f1dfe81f7ac8c4e69603b2','gAJ9cQEuMGMyNmRlZjE4NDk0MDY1ZDlmZTk5ZTQ1YjI4YWRmYTA=\n','2010-10-26 17:42:45'),('ae972f16ba1638b287e9f089db3f6c30','gAJ9cQEoVQRhbmlvcQJYBAAAADIwMTBxA1UNX2F1dGhfdXNlcl9pZHEESwNVB3BlcmlvZG9xBV1x\nBihYAQAAADBYAQAAADFYAQAAADJYAQAAADNlVRJfYXV0aF91c2VyX2JhY2tlbmRxB1UpZGphbmdv\nLmNvbnRyaWIuYXV0aC5iYWNrZW5kcy5Nb2RlbEJhY2tlbmRxCFUMb3JnYW5pemFjaW9ucQljZGph\nbmdvLmRiLm1vZGVscy5xdWVyeQpRdWVyeVNldApxCimBcQt9cQwoVQVfaXRlcnENTlUKX2Zvcl93\ncml0ZXEOiVUOX3N0aWNreV9maWx0ZXJxD4lVBXF1ZXJ5cRBjZGphbmdvLmRiLm1vZGVscy5zcWwu\ncXVlcnkKUXVlcnkKcREpgXESfXETKFUVYWdncmVnYXRlX3NlbGVjdF9tYXNrcRROVRdfYWdncmVn\nYXRlX3NlbGVjdF9jYWNoZXEVTlUFZXh0cmFxFmNkamFuZ28udXRpbHMuZGF0YXN0cnVjdHVyZXMK\nU29ydGVkRGljdApxFymBcRh9cRlVCGtleU9yZGVycRpdcRtzYlUIam9pbl9tYXBxHH1xHShOVRVl\nbmN1ZXN0YV9vcmdhbml6YWNpb25xHk5OdHEfaB6FcSBzVRVyZWxhdGVkX3NlbGVjdF9maWVsZHNx\nIV1xIlUMZXh0cmFfdGFibGVzcSMpVQZzZWxlY3RxJF1xJVULcXVvdGVfY2FjaGVxJn1xJ1UMcmV2\nX2pvaW5fbWFwcSh9cSloHmgfc1UMdXNlZF9hbGlhc2VzcSpjX19idWlsdGluX18Kc2V0CnErXXEs\naB5hhVJxLVUIb3JkZXJfYnlxLl1xL1UIZGlzdGluY3RxMIlVDmR1cGVfYXZvaWRhbmNlcTF9cTJV\nCGdyb3VwX2J5cTNOVQlhbGlhc19tYXBxNH1xNWgeKGgeaB5OTk5OiXRxNnNVDnNlbGVjdF9yZWxh\ndGVkcTeJVRBkZWZlcnJlZF9sb2FkaW5ncThoK12FUnE5iIZxOlUNc2VsZWN0X2ZpZWxkc3E7XXE8\nVRNfZXh0cmFfc2VsZWN0X2NhY2hlcT1OVQltYXhfZGVwdGhxPksFVRFzdGFuZGFyZF9vcmRlcmlu\nZ3E/iFUOZXh0cmFfb3JkZXJfYnlxQClVEGRlZmF1bHRfb3JkZXJpbmdxQYhVBnRhYmxlc3FCXXFD\naB5hVQphZ2dyZWdhdGVzcURoFymBcUV9cUZoGl1xR3NiVRFleHRyYV9zZWxlY3RfbWFza3FITlUI\nbG93X21hcmtxSUsAVQ5hbGlhc19yZWZjb3VudHFKfXFLaB5LAXNVE3JlbGF0ZWRfc2VsZWN0X2Nv\nbHNxTF1xTVUMZGVmYXVsdF9jb2xzcU6IVRBvcmRlcmluZ19hbGlhc2VzcU9dcVBVBmhhdmluZ3FR\nY2RqYW5nby5kYi5tb2RlbHMuc3FsLndoZXJlCldoZXJlTm9kZQpxUimBcVN9cVQoVQljb25uZWN0\nb3JxVVUDQU5EcVZVB25lZ2F0ZWRxV4lVCGNoaWxkcmVucVhdcVlVD3N1YnRyZWVfcGFyZW50c3Fa\nXXFbdWJVGWluY2x1ZGVkX2luaGVyaXRlZF9tb2RlbHNxXH1xXU5oHnNVCXRhYmxlX21hcHFefXFf\naB5dcWBoHmFzVQt3aGVyZV9jbGFzc3FhaFJVBW1vZGVscWJjZmVkLmVuY3Vlc3RhLm1vZGVscwpP\ncmdhbml6YWNpb24KcWNVBXdoZXJlcWRoUimBcWV9cWYoaFVoVmhXiWhYXXFnaFIpgXFofXFpKGhV\naFZoV4loWF1xaihjZGphbmdvLmRiLm1vZGVscy5zcWwud2hlcmUKQ29uc3RyYWludApxaymBcWx9\ncW0oVQVhbGlhc3FuaB5oYmhjVQpmaWVsZF9uYW1lcW9VAmlkcXBVA2NvbHFxaHB1YlUCaW6IXXFy\nKEsBSwJLA0sESwVldHFzYWhaXXF0dWJhaFpdcXV1YlUJaGlnaF9tYXJrcXZOVRBmaWx0ZXJfaXNf\nc3RpY2t5cXeJdWJVA19kYnF4TmhiaGNVDV9yZXN1bHRfY2FjaGVxeV1xeihjZGphbmdvLmRiLm1v\nZGVscy5iYXNlCm1vZGVsX3VucGlja2xlCnF7aGNdY2RqYW5nby5kYi5tb2RlbHMuYmFzZQpzaW1w\nbGVfY2xhc3NfZmFjdG9yeQpxfIdScX19cX4oVQZub21icmVxf1gOAAAAT3JnYW5pemFjaW9uIDFx\ngFUGX3N0YXRlcYFjZGphbmdvLmRiLm1vZGVscy5iYXNlCk1vZGVsU3RhdGUKcYIpgXGDfXGEVQJk\nYnGFVQdkZWZhdWx0cYZzYmhwSwF1Ymh7aGNdaHyHUnGHfXGIKGh/WA4AAABPcmdhbml6YWNpb24g\nMnGJaIFogimBcYp9cYtohWiGc2JocEsCdWJoe2hjXWh8h1JxjH1xjShof1gOAAAAT3JnYW5pemFj\naW9uIDNxjmiBaIIpgXGPfXGQaIVohnNiaHBLA3ViaHtoY11ofIdScZF9cZIoaH9YDgAAAE9yZ2Fu\naXphY2lvbiA0cZNogWiCKYFxlH1xlWiFaIZzYmhwSwR1Ymh7aGNdaHyHUnGWfXGXKGh/WA4AAABP\ncmdhbml6YWNpb24gNnGYaIFogimBcZl9cZpohWiGc2JocEsFdWJldWJVBmFjdGl2b3GbiFUEdG9k\nb3GcY2RqYW5nby5odHRwClF1ZXJ5RGljdApxnSmBcZ4oWAwAAABvcmdhbml6YWNpb25xn1gBAAAA\nNVgHAAAAcGVyaW9kb3GgWAEAAAAzWBMAAABjc3JmbWlkZGxld2FyZXRva2VucaFYIAAAADU3OGE2\nZWQ5YzJhYjI5Y2NiZTUxNDIzNzNlYTQyMTM1caJYCQAAAG11bmljaXBpb3GjWAQAAAA4NTMwcaRY\nBAAAAGFuaW9xpWgDdX1xpihVCV9lbmNvZGluZ3GnVQV1dGYtOHGoVQVfZGF0YXGpfXGqKGifXXGr\nKFgBAAAAMVgBAAAAMlgBAAAAM1gBAAAANFgBAAAANWVooF1xrChYAQAAADBYAQAAADFYAQAAADJY\nAQAAADNlaKFdca1oomFoo11xrihYBAAAADUwMDVxr1gEAAAANTAxMHGwWAQAAAA1MDE1cbFYBAAA\nADUwMjBxslgEAAAANTAyNXGzWAQAAAA1MDMwcbRYBAAAADc1MDVxtVgEAAAANzUxMHG2WAQAAAA3\nNTE1cbdYBAAAADc1MjBxuFgEAAAANzUyNXG5WAQAAAA3NTMwcbpYBAAAADc1MzVxu1gEAAAANzU0\nMHG8WAQAAAAzMDA1cb1YBAAAADMwMTBxvlgEAAAAMzAxNXG/WAQAAAAzMDIwccBYBAAAADMwMjVx\nwVgEAAAAMzAzMHHCWAQAAAAzMDM1ccNYBAAAADMwNDBxxFgEAAAAMzA0NXHFWAQAAAAzMDUwccZY\nBAAAADMwNTVxx1gEAAAAMzA2MHHIWAQAAAAzMDY1cclYBAAAADY1MDVxylgEAAAANjUwN3HLWAQA\nAAA2NTEwccxYBAAAADY1MTVxzVgEAAAANjUyMHHOWAQAAAA2NTI1cc9YBAAAADY1MzBx0FgEAAAA\nNjUzNXHRWAQAAAA2NTQwcdJYBAAAADY1NDVx01gEAAAAMjUwNXHUWAQAAAAyNTEwcdVYBAAAADI1\nMTVx1lgEAAAAMjUyMHHXWAQAAAAyNTI1cdhYBAAAADI1MzBx2VgEAAAANzAwNXHaWAQAAAA3MDEw\ncdtYBAAAADcwMTVx3FgEAAAANzAyMHHdWAQAAAAxMDA1cd5YBAAAADEwMTBx31gEAAAAMTAxMnHg\nWAQAAAAxMDE1ceFYBAAAADEwMjBx4lgEAAAAMTAyNXHjWAQAAAAxMDMwceRYBAAAADEwMzVx5VgE\nAAAAMzUwNXHmWAQAAAAzNTEwcedYBAAAADM1MTVx6FgEAAAAMzUyMHHpWAQAAAAzNTI1cepYBAAA\nADM1MzBx61gEAAAAMzUzNXHsWAQAAAAzNTQwce1YBAAAADM1NDVx7lgEAAAAMzU1MHHvWAQAAAAy\nMDA1cfBYBAAAADIwMTBx8VgEAAAAMjAxNXHyWAQAAAAyMDIwcfNYBAAAADIwMjVx9FgEAAAAMjAz\nMHH1WAQAAAAyMDM1cfZYBAAAADIwNDBx91gEAAAAMjA0NXH4WAQAAAA1NTA1cflYBAAAADU1MTBx\n+lgEAAAANTUxNXH7WAQAAAA1NTIwcfxYBAAAADU1MjJx/VgEAAAANTUyNXH+WAQAAAA1NTMwcf9Y\nBAAAADU1MzJyAAEAAFgEAAAANTUzNXIBAQAAWAQAAAA2MDA1cgIBAABYBAAAADYwMTByAwEAAFgE\nAAAANjAxNXIEAQAAWAQAAAA2MDIwcgUBAABYBAAAADYwMjVyBgEAAFgEAAAANjAzMHIHAQAAWAQA\nAAA2MDM1cggBAABYBAAAADYwNDByCQEAAFgEAAAANjA0NXIKAQAAWAQAAAA0MDA1cgsBAABYBAAA\nADQwMTByDAEAAFgEAAAANDAxNXINAQAAWAQAAAA0MDIwcg4BAABYBAAAADQwMjVyDwEAAFgEAAAA\nNDAzMHIQAQAAWAQAAAA0MDM1chEBAABYBAAAADQwNDByEgEAAFgEAAAANDA0NXITAQAAWAQAAAA0\nMDUwchQBAABYBAAAADQwNTVyFQEAAFgEAAAANDA2MHIWAQAAWAQAAAA0MDY1chcBAABYAwAAADUw\nNXIYAQAAWAMAAAA1MTByGQEAAFgDAAAANTE1choBAABYAwAAADUyMHIbAQAAWAMAAAA1MjVyHAEA\nAFgDAAAANTMwch0BAABYAwAAADUzNXIeAQAAWAMAAAA1NDByHwEAAFgDAAAANTQ1ciABAABYAwAA\nADU1MHIhAQAAWAMAAAA1NTVyIgEAAFgDAAAANTYwciMBAABYBAAAADkxMDVyJAEAAFgEAAAAOTEx\nMHIlAQAAWAQAAAA5MTE1ciYBAABYBAAAADkxMjByJwEAAFgEAAAAOTEyNXIoAQAAWAQAAAA5MTI3\ncikBAABYBAAAADkxMzByKgEAAFgEAAAAOTEzNXIrAQAAWAQAAAA5MzA1ciwBAABYBAAAADkzMTBy\nLQEAAFgEAAAAOTMxMnIuAQAAWAQAAAA5MzE1ci8BAABYBAAAADkzMTZyMAEAAFgEAAAAOTMyMHIx\nAQAAWAQAAAA5MzIzcjIBAABYBAAAADkzMjVyMwEAAFgEAAAAOTMzMHI0AQAAWAQAAAA5MzM1cjUB\nAABYBAAAADkzNDByNgEAAFgEAAAAOTM0NXI3AQAAWAQAAAA4MDA1cjgBAABYBAAAADgwMTByOQEA\nAFgEAAAAODAxNXI6AQAAWAQAAAA4MDIwcjsBAABYBAAAADgwMjVyPAEAAFgEAAAAODAzMHI9AQAA\nWAQAAAA4MDM1cj4BAABYBAAAADgwNDByPwEAAFgEAAAAODA0NXJAAQAAWAQAAAA4MDUwckEBAABY\nBAAAADg1MDVyQgEAAFgEAAAAODUxMHJDAQAAWAQAAAA4NTE1ckQBAABYBAAAADg1MjByRQEAAFgE\nAAAAODUyNXJGAQAAaKRlaKVdckcBAABoA2F1VQhfbXV0YWJsZXJIAQAAiXViVQltdW5pY2lwaW9y\nSQEAAGgKKYFySgEAAH1ySwEAAChoDU5oDoloD4loEGgRKYFyTAEAAH1yTQEAAChoFE5oFU5oFmgX\nKYFyTgEAAH1yTwEAAGgaXXJQAQAAc2JoHH1yUQEAACgoTlUPbHVnYXJfbXVuaWNpcGlvclIBAABO\nTnRyUwEAAGpSAQAAhXJUAQAAKGpSAQAAVRJsdWdhcl9kZXBhcnRhbWVudG9yVQEAAFUPZGVwYXJ0\nYW1lbnRvX2lkclYBAABocHRyVwEAAGpVAQAAhXJYAQAAdWghXXJZAQAAaCMpaCRdcloBAABoJn1y\nWwEAAGgofXJcAQAAKGpSAQAAalMBAABqVQEAAGpXAQAAdWgqaCtdcl0BAABqUgEAAGGFUnJeAQAA\naC5dcl8BAABoMIloMX1yYAEAAGgzTmg0fXJhAQAAKGpSAQAAKGpSAQAAalIBAABOTk5OiXRyYgEA\nAGpVAQAAKGpVAQAAalUBAABVCklOTkVSIEpPSU5yYwEAAGpSAQAAalYBAABocIl0cmQBAAB1aDeJ\naDhoK12FUnJlAQAAiIZyZgEAAGg7XXJnAQAAaD1OaD5LBWg/iGhAKWhBiGhCXXJoAQAAKGpSAQAA\nalUBAABlaERoFymBcmkBAAB9cmoBAABoGl1yawEAAHNiaEhOaElLAGhKfXJsAQAAKGpSAQAASwJq\nVQEAAEsCdWhMXXJtAQAAaE6IaE9dcm4BAABoUWhSKYFybwEAAH1ycAEAAChoVWhWaFeJaFhdcnEB\nAABoWl1ycgEAAHViaFx9cnMBAABOalIBAABzaF59cnQBAAAoalIBAABdcnUBAABVAlUwcnYBAABh\nalUBAABdcncBAABVAlUxcngBAABhdWhhaFJoYmNmZWQubHVnYXIubW9kZWxzCk11bmljaXBpbwpy\neQEAAGhkaFIpgXJ6AQAAfXJ7AQAAKGhVaFZoV4loWF1yfAEAAGhSKYFyfQEAAH1yfgEAAChoVWhW\naFeJaFhdcn8BAAAoaGspgXKAAQAAfXKBAQAAKGhualIBAABoYmp5AQAAaG9ocGhxaHB1YlUCaW6I\nXXKCAQAAKE2NE02SE02XE02cE02hE02mE01RHU1WHU1bHU1gHU1lHU1qHU1vHU10HU29C03CC03H\nC03MC03RC03WC03bC03gC03lC03qC03vC030C035C01pGU1rGU1uGU1zGU14GU19GU2CGU2HGU2M\nGU2RGU3JCU3OCU3TCU3YCU3dCU3iCU1dG01iG01nG01sG03tA03yA030A033A038A00BBE0GBE0L\nBE2xDU22DU27DU3ADU3FDU3KDU3PDU3UDU3ZDU3eDU3VB03aB03fB03kB03pB03uB03zB034B039\nB02BFU2GFU2LFU2QFU2SFU2VFU2aFU2cFU2fFU11F016F01/F02EF02JF02OF02TF02YF02dF02l\nD02qD02vD020D025D02+D03DD03ID03ND03SD03XD03cD03hD035AU3+AU0DAk0IAk0NAk0SAk0X\nAk0cAk0hAk0mAk0rAk0wAk2RI02WI02bI02gI02lI02nI02qI02vI01ZJE1eJE1gJE1jJE1kJE1o\nJE1rJE1tJE1yJE13JE18JE2BJE1FH01KH01PH01UH01ZH01eH01jH01oH01tH01yH005IU0+IU1D\nIU1IIU1NIU1SIWV0coMBAABhaFpdcoQBAAB1YmFoWl1yhQEAAHViaHZOaHeJdWJoeE5oYmp5AQAA\naHldcoYBAAAoaHtqeQEAAF1ofIdScocBAAB9cogBAAAoVQdsYXRpdHVkcokBAABjZGVjaW1hbApE\nZWNpbWFsCnKKAQAAVQgxMi41OTc0OIVScosBAABVCWV4dGVuc2lvbnKMAQAAaooBAABVATCFUnKN\nAQAAaIFogimBco4BAAB9co8BAABohWiGc2JqVgEAAEsyaHBNjRNof1gYAAAAU2FuIEpvc8OpIGRl\nIGxvcyBSZW1hdGVzcpABAABVBHNsdWdykQEAAFgXAAAAU2FuLWpvc2UtZGUtbG9zLXJlbWF0ZXNy\nkgEAAFUIbG9uZ2l0dWRykwEAAGqKAQAAVQktODUuNzYyNTOFUnKUAQAAdWJoe2p5AQAAXWh8h1Jy\nlQEAAH1ylgEAAChqiQEAAGqKAQAAVQcxMi40NzE2hVJylwEAAGqMAQAAaooBAABVATCFUnKYAQAA\naIFogimBcpkBAAB9cpoBAABohWiGc2JqVgEAAEsyaHBNkhNof1gFAAAAQm9hY29ymwEAAGqRAQAA\nWAUAAABib2Fjb3KcAQAAapMBAABqigEAAFUJLTg1LjY1OTUyhVJynQEAAHViaHtqeQEAAF1ofIdS\ncp4BAAB9cp8BAAAoaokBAABqigEAAFUIMTIuMzgzNzeFUnKgAQAAaowBAABqigEAAFUBMIVScqEB\nAABogWiCKYFyogEAAH1yowEAAGiFaIZzYmpWAQAASzJocE2XE2h/WAcAAABDYW1vYXBhcqQBAABq\nkQEAAFgHAAAAY2Ftb2FwYXKlAQAAapMBAABqigEAAFUJLTg1LjUxNDY1hVJypgEAAHViaHtqeQEA\nAF1ofIdScqcBAAB9cqgBAAAoaokBAABqigEAAFUIMTIuNTMyMjaFUnKpAQAAaowBAABqigEAAFUB\nMIVScqoBAABogWiCKYFyqwEAAH1yrAEAAGiFaIZzYmpWAQAASzJocE2cE2h/WAwAAABTYW50YSBM\ndWPDrWFyrQEAAGqRAQAAWAsAAABTYW50YS1sdWNpYXKuAQAAapMBAABqigEAAFUJLTg1LjcxMTU2\nhVJyrwEAAHViaHtqeQEAAF1ofIdScrABAAB9crEBAAAoaokBAABqigEAAFUIMTIuNDE5NzmFUnKy\nAQAAaowBAABqigEAAFUBMIVScrMBAABogWiCKYFytAEAAH1ytQEAAGiFaIZzYmpWAQAASzJocE2h\nE2h/WAgAAABUZXVzdGVwZXK2AQAAapEBAABYCAAAAHRldXN0ZXBlcrcBAABqkwEAAGqKAQAAVQkt\nODUuNzk5MjKFUnK4AQAAdWJoe2p5AQAAXWh8h1JyuQEAAH1yugEAAChqiQEAAGqKAQAAVQgxMi4z\nNzc4OYVScrsBAABqjAEAAGqKAQAAVQEwhVJyvAEAAGiBaIIpgXK9AQAAfXK+AQAAaIVohnNialYB\nAABLMmhwTaYTaH9YDAAAAFNhbiAgTG9yZW56b3K/AQAAapEBAABYCwAAAFNhbi1sb3JlbnpvcsAB\nAABqkwEAAGqKAQAAVQktODUuNjY3MTiFUnLBAQAAdWJoe2p5AQAAXWh8h1JywgEAAH1ywwEAAChq\niQEAAGqKAQAAVQgxMS45MDY1MYVScsQBAABqjAEAAGqKAQAAVQEwhVJyxQEAAGiBaIIpgXLGAQAA\nfXLHAQAAaIVohnNialYBAABLS2hwTVEdaH9YCgAAAFNhbiBNYXJjb3NyyAEAAGqRAQAAWAoAAABT\nYW4tbWFyY29zcskBAABqkwEAAGqKAQAAVQktODYuMjAzMTSFUnLKAQAAdWJoe2p5AQAAXWh8h1Jy\nywEAAH1yzAEAAChqiQEAAGqKAQAAVQgxMS44NDgzMYVScs0BAABqjAEAAGqKAQAAVQEwhVJyzgEA\nAGiBaIIpgXLPAQAAfXLQAQAAaIVohnNialYBAABLS2hwTVYdaH9YCAAAAEppbm90ZXBlctEBAABq\nkQEAAFgIAAAAamlub3RlcGVy0gEAAGqTAQAAaooBAABVCS04Ni4xOTg0NoVSctMBAAB1Ymh7ankB\nAABdaHyHUnLUAQAAfXLVAQAAKGqJAQAAaooBAABVCDExLjg1NTY1hVJy1gEAAGqMAQAAaooBAABV\nATCFUnLXAQAAaIFogimBctgBAAB9ctkBAABohWiGc2JqVgEAAEtLaHBNWx1of1gHAAAARG9sb3Jl\nc3LaAQAAapEBAABYBwAAAGRvbG9yZXNy2wEAAGqTAQAAaooBAABVCS04Ni4yMTUzNYVSctwBAAB1\nYmh7ankBAABdaHyHUnLdAQAAfXLeAQAAKGqJAQAAaooBAABVCDExLjg1NTcyhVJy3wEAAGqMAQAA\naooBAABVATCFUnLgAQAAaIFogimBcuEBAAB9cuIBAABohWiGc2JqVgEAAEtLaHBNYB1of1gIAAAA\nRGlyaWFtYmFy4wEAAGqRAQAAWAgAAABkaXJpYW1iYXLkAQAAapMBAABqigEAAFUJLTg2LjI0MDc0\nhVJy5QEAAHViaHtqeQEAAF1ofIdScuYBAAB9cucBAAAoaokBAABqigEAAFUIMTEuODMyMjSFUnLo\nAQAAaowBAABqigEAAFUBMIVScukBAABogWiCKYFy6gEAAH1y6wEAAGiFaIZzYmpWAQAAS0tocE1l\nHWh/WAoAAABFbCBSb3NhcmlvcuwBAABqkQEAAFgKAAAARWwtcm9zYXJpb3LtAQAAapMBAABqigEA\nAFUJLTg2LjE2NDg0hVJy7gEAAHViaHtqeQEAAF1ofIdScu8BAAB9cvABAAAoaokBAABqigEAAFUI\nMTEuODIyMDaFUnLxAQAAaowBAABqigEAAFUBMIVScvIBAABogWiCKYFy8wEAAH1y9AEAAGiFaIZz\nYmpWAQAAS0tocE1qHWh/WBAAAABMYSBQYXogZGUgQ2FyYXpvcvUBAABqkQEAAFgQAAAATGEtcGF6\nLWRlLWNhcmF6b3L2AQAAapMBAABqigEAAFUILTg2LjEyNzWFUnL3AQAAdWJoe2p5AQAAXWh8h1Jy\n+AEAAH1y+QEAAChqiQEAAGqKAQAAVQgxMS44MDI3MoVScvoBAABqjAEAAGqKAQAAVQEwhVJy+wEA\nAGiBaIIpgXL8AQAAfXL9AQAAaIVohnNialYBAABLS2hwTW8daH9YDAAAAFNhbnRhIFRlcmVzYXL+\nAQAAapEBAABYDAAAAFNhbnRhLXRlcmV6YXL/AQAAapMBAABqigEAAFUJLTg2LjE2MjgxhVJyAAIA\nAHViaHtqeQEAAF1ofIdScgECAAB9cgICAAAoaokBAABqigEAAFUIMTEuNzMzMzaFUnIDAgAAaowB\nAABqigEAAFUBMIVScgQCAABogWiCKYFyBQIAAH1yBgIAAGiFaIZzYmpWAQAAS0tocE10HWh/WAwA\nAABMYSBDb25xdWlzdGFyBwIAAGqRAQAAWAwAAABMYS1jb25xdWlzdGFyCAIAAGqTAQAAaooBAABV\nCS04Ni4xOTI5N4VScgkCAAB1Ymh7ankBAABdaHyHUnIKAgAAfXILAgAAKGqJAQAAaooBAABVCDEz\nLjI3NTk2hVJyDAIAAGqMAQAAaooBAABVATCFUnINAgAAaIFogimBcg4CAAB9cg8CAABohWiGc2Jq\nVgEAAEseaHBNvQtof1gTAAAAU2FuIFBlZHJvIGRlbCBOb3J0ZXIQAgAAapEBAABYEwAAAFNhbi1w\nZWRyby1kZWwtbm9ydGVyEQIAAGqTAQAAaooBAABVCS04Ni44Nzc3N4VSchICAAB1Ymh7ankBAABd\naHyHUnITAgAAfXIUAgAAKGqJAQAAaooBAABVCDEzLjIwMDE2hVJyFQIAAGqMAQAAaooBAABVATCF\nUnIWAgAAaIFogimBchcCAAB9chgCAABohWiGc2JqVgEAAEseaHBNwgtof1gXAAAAU2FuIEZyYW5j\naXNjbyBkZWwgTm9ydGVyGQIAAGqRAQAAWBcAAABTYW4tZnJhbmNpc2NvLWRlbC1ub3J0ZXIaAgAA\napMBAABqigEAAFUJLTg2Ljc3MTkyhVJyGwIAAHViaHtqeQEAAF1ofIdSchwCAAB9ch0CAAAoaokB\nAABqigEAAFUIMTMuMjMwMzaFUnIeAgAAaowBAABqigEAAFUBMIVSch8CAABogWiCKYFyIAIAAH1y\nIQIAAGiFaIZzYmpWAQAASx5ocE3HC2h/WAsAAABDaW5jbyBQaW5vc3IiAgAAapEBAABYCwAAAENp\nbmNvLXBpbm9zciMCAABqkwEAAGqKAQAAVQktODYuODY3MTmFUnIkAgAAdWJoe2p5AQAAXWh8h1Jy\nJQIAAH1yJgIAAChqiQEAAGqKAQAAVQgxMy4xODcwMYVScicCAABqjAEAAGqKAQAAVQEwhVJyKAIA\nAGiBaIIpgXIpAgAAfXIqAgAAaIVohnNialYBAABLHmhwTcwLaH9YFgAAAFNhbnRvIFRvbcOhcyBk\nZWwgTm9ydGVyKwIAAGqRAQAAWBUAAABTYW50by10b21hcy1kZWwtbm9ydGVyLAIAAGqTAQAAaooB\nAABVCS04Ni45MjM1MoVSci0CAAB1Ymh7ankBAABdaHyHUnIuAgAAfXIvAgAAKGqJAQAAaooBAABV\nCDEyLjY2MjI4hVJyMAIAAGqMAQAAaooBAABVATCFUnIxAgAAaIFogimBcjICAAB9cjMCAABohWiG\nc2JqVgEAAEseaHBN0Qtof1gIAAAARWwgVmllam9yNAIAAGqRAQAAWAgAAABFbC12aWVqb3I1AgAA\napMBAABqigEAAFUJLTg3LjE2NTQxhVJyNgIAAHViaHtqeQEAAF1ofIdScjcCAAB9cjgCAAAoaokB\nAABqigEAAFUIMTIuNzY3MjGFUnI5AgAAaowBAABqigEAAFUBMIVScjoCAABogWiCKYFyOwIAAH1y\nPAIAAGiFaIZzYmpWAQAASx5ocE3WC2h/WA0AAABQdG8uIE1vcmF6w6Fucj0CAABqkQEAAFgOAAAA\nUHVlcnRvLW1vcmF6YW5yPgIAAGqTAQAAaooBAABVCS04Ny4xMzM4OIVScj8CAAB1Ymh7ankBAABd\naHyHUnJAAgAAfXJBAgAAKGqJAQAAaooBAABVCDEzLjA0NDk1hVJyQgIAAGqMAQAAaooBAABVATCF\nUnJDAgAAaIFogimBckQCAAB9ckUCAABohWiGc2JqVgEAAEseaHBN2wtof1gJAAAAU29tb3RpbGxv\nckYCAABqkQEAAFgJAAAAc29tb3RpbGxvckcCAABqkwEAAGqKAQAAVQktODYuOTA0OTmFUnJIAgAA\ndWJoe2p5AQAAXWh8h1JySQIAAH1ySgIAAChqiQEAAGqKAQAAVQgxMi45NjM5MYVScksCAABqjAEA\nAGqKAQAAVQEwhVJyTAIAAGiBaIIpgXJNAgAAfXJOAgAAaIVohnNialYBAABLHmhwTeALaH9YCgAA\nAFZpbGxhbnVldmFyTwIAAGqRAQAAWAoAAAB2aWxsYW51ZXZhclACAABqkwEAAGqKAQAAVQktODYu\nODE0NjiFUnJRAgAAdWJoe2p5AQAAXWh8h1JyUgIAAH1yUwIAAChqiQEAAGqKAQAAVQgxMi42Mjg3\nMoVSclQCAABqjAEAAGqKAQAAVQEwhVJyVQIAAGiBaIIpgXJWAgAAfXJXAgAAaIVohnNialYBAABL\nHmhwTeULaH9YCgAAAENoaW5hbmRlZ2FyWAIAAGqRAQAAWAoAAABjaGluYW5kZWdhclkCAABqkwEA\nAGqKAQAAVQktODcuMTMxNDmFUnJaAgAAdWJoe2p5AQAAXWh8h1JyWwIAAH1yXAIAAChqiQEAAGqK\nAQAAVQgxMi41NDU1MYVScl0CAABqjAEAAGqKAQAAVQEwhVJyXgIAAGiBaIIpgXJfAgAAfXJgAgAA\naIVohnNialYBAABLHmhwTeoLaH9YCgAAAEVsIFJlYWxlam9yYQIAAGqRAQAAWAoAAABFbC1yZWFs\nZWpvcmICAABqkwEAAGqKAQAAVQktODcuMTY3MzaFUnJjAgAAdWJoe2p5AQAAXWh8h1JyZAIAAH1y\nZQIAAChqiQEAAGqKAQAAVQgxMi40ODQ2MYVScmYCAABqjAEAAGqKAQAAVQEwhVJyZwIAAGiBaIIp\ngXJoAgAAfXJpAgAAaIVohnNialYBAABLHmhwTe8LaH9YBwAAAENvcmludG9yagIAAGqRAQAAWAcA\nAABjb3JpbnRvcmsCAABqkwEAAGqKAQAAVQktODcuMTcxMjKFUnJsAgAAdWJoe2p5AQAAXWh8h1Jy\nbQIAAH1ybgIAAChqiQEAAGqKAQAAVQgxMi41NzIyNIVScm8CAABqjAEAAGqKAQAAVQEwhVJycAIA\nAGiBaIIpgXJxAgAAfXJyAgAAaIVohnNialYBAABLHmhwTfQLaH9YCwAAAENoaWNoaWdhbHBhcnMC\nAABqkQEAAFgLAAAAY2hpY2hpZ2FscGFydAIAAGqTAQAAaooBAABVCS04Ny4wMjg0OYVScnUCAAB1\nYmh7ankBAABdaHyHUnJ2AgAAfXJ3AgAAKGqJAQAAaooBAABVBzEyLjU0NDGFUnJ4AgAAaowBAABq\nigEAAFUBMIVScnkCAABogWiCKYFyegIAAH1yewIAAGiFaIZzYmpWAQAASx5ocE35C2h/WAkAAABQ\nb3NvbHRlZ2FyfAIAAGqRAQAAWAkAAABwb3NvdGVsZ2FyfQIAAGqTAQAAaooBAABVCC04Ni45ODAx\nhVJyfgIAAHViaHtqeQEAAF1ofIdScn8CAAB9coACAAAoaokBAABqigEAAFUHMTIuMjgzNIVScoEC\nAABqjAEAAGqKAQAAVQEwhVJyggIAAGiBaIIpgXKDAgAAfXKEAgAAaIVohnNialYBAABLQWhwTWkZ\naH9YCAAAAENvbWFsYXBhcoUCAABqkQEAAFgIAAAAY29tYWxhcGFyhgIAAGqTAQAAaooBAABVCS04\nNS41MTE0MoVScocCAAB1Ymh7ankBAABdaHyHUnKIAgAAfXKJAgAAKGqJAQAAaooBAABVCDEyLjI2\nNjcxhVJyigIAAGqMAQAAaooBAABVATCFUnKLAgAAaIFogimBcowCAAB9co0CAABohWiGc2JqVgEA\nAEtBaHBNaxlof1gTAAAAU2FuIEZyYW5jaXNjbyBDdWFwYXKOAgAAapEBAABYEwAAAFNhbi1mcmFu\nY2lzY28tY3VhcGFyjwIAAGqTAQAAaooBAABVCS04NS4zODMwOIVScpACAAB1Ymh7ankBAABdaHyH\nUnKRAgAAfXKSAgAAKGqJAQAAaooBAABVBzEyLjEwNTiFUnKTAgAAaowBAABqigEAAFUBMIVScpQC\nAABogWiCKYFylQIAAH1ylgIAAGiFaIZzYmpWAQAAS0FocE1uGWh/WAgAAABKdWlnYWxwYXKXAgAA\napEBAABYCAAAAGp1aWdhbHBhcpgCAABqkwEAAGqKAQAAVQktODUuMzY4NDKFUnKZAgAAdWJoe2p5\nAQAAXWh8h1JymgIAAH1ymwIAAChqiQEAAGqKAQAAVQgxMi4yMTUzOYVScpwCAABqjAEAAGqKAQAA\nVQEwhVJynQIAAGiBaIIpgXKeAgAAfXKfAgAAaIVohnNialYBAABLQWhwTXMZaH9YCwAAAExhIExp\nYmVydGFkcqACAABqkQEAAFgLAAAATGEtbGliZXJ0YWRyoQIAAGqTAQAAaooBAABVCS04NS4xNjU0\nOYVScqICAAB1Ymh7ankBAABdaHyHUnKjAgAAfXKkAgAAKGqJAQAAaooBAABVCDEyLjI2MzAxhVJy\npQIAAGqMAQAAaooBAABVATCFUnKmAgAAaIFogimBcqcCAAB9cqgCAABohWiGc2JqVgEAAEtBaHBN\neBlof1gNAAAAU2FudG8gRG9taW5nb3KpAgAAapEBAABYDQAAAFNhbnRvLWRvbWluZ29yqgIAAGqT\nAQAAaooBAABVCS04NS4wODIzMoVScqsCAAB1Ymh7ankBAABdaHyHUnKsAgAAfXKtAgAAKGqJAQAA\naooBAABVCDEyLjA2OTAyhVJyrgIAAGqMAQAAaooBAABVATCFUnKvAgAAaIFogimBcrACAAB9crEC\nAABohWiGc2JqVgEAAEtBaHBNfRlof1gMAAAAU2FudG8gVG9tw6FzcrICAABqkQEAAFgLAAAAU2Fu\ndG8tdG9tYXNyswIAAGqTAQAAaooBAABVCC04NS4wOTM0hVJytAIAAHViaHtqeQEAAF1ofIdScrUC\nAAB9crYCAAAoaokBAABqigEAAFUIMTIuMTI4NTKFUnK3AgAAaowBAABqigEAAFUBMIVScrgCAABo\ngWiCKYFyuQIAAH1yugIAAGiFaIZzYmpWAQAAS0FocE2CGWh/WBQAAABTYW4gUGVkcm8gZGUgTMOz\ndmFnb3K7AgAAapEBAABYEwAAAFNhbi1wZWRyby1kZS1sb3ZhZ29yvAIAAGqTAQAAaooBAABVCS04\nNS4xMTU3MoVScr0CAAB1Ymh7ankBAABdaHyHUnK+AgAAfXK/AgAAKGqJAQAAaooBAABVCDExLjk2\nNzY0hVJywAIAAGqMAQAAaooBAABVATCFUnLBAgAAaIFogimBcsICAAB9csMCAABohWiGc2JqVgEA\nAEtBaHBNhxlof1gHAAAAQWNveWFwYXLEAgAAapEBAABYBwAAAGFjb3lhcGFyxQIAAGqTAQAAaooB\nAABVCS04NS4xNzA0NIVScsYCAAB1Ymh7ankBAABdaHyHUnLHAgAAfXLIAgAAKGqJAQAAaooBAABV\nCDEyLjA0Nzc5hVJyyQIAAGqMAQAAaooBAABVATCFUnLKAgAAaIFogimBcssCAAB9cswCAABohWiG\nc2JqVgEAAEtBaHBNjBlof1gNAAAAVmlsbGEgU2FuZGlub3LNAgAAapEBAABYDQAAAFZpbGxhLXNh\nbmRpbm9yzgIAAGqTAQAAaooBAABVCS04NC45OTMzNIVScs8CAAB1Ymh7ankBAABdaHyHUnLQAgAA\nfXLRAgAAKGqJAQAAaooBAABVCDExLjkxNTc2hVJy0gIAAGqMAQAAaooBAABVATCFUnLTAgAAaIFo\ngimBctQCAAB9ctUCAABohWiGc2JqVgEAAEtBaHBNkRlof1gIAAAARWwgQ29yYWxy1gIAAGqRAQAA\nWAgAAABFbC1jb3JhbHLXAgAAapMBAABqigEAAFUJLTg0LjY1MDQxhVJy2AIAAHViaHtqeQEAAF1o\nfIdSctkCAAB9ctoCAAAoaokBAABqigEAAFUIMTMuMzc5MzeFUnLbAgAAaowBAABqigEAAFUBMIVS\nctwCAABogWiCKYFy3QIAAH1y3gIAAGiFaIZzYmpWAQAASxlocE3JCWh/WAwAAABQdWVibG8gTnVl\ndm9y3wIAAGqRAQAAWAwAAABQdWVibG8tbnVldm9y4AIAAGqTAQAAaooBAABVCS04Ni40ODA3N4VS\ncuECAAB1Ymh7ankBAABdaHyHUnLiAgAAfXLjAgAAKGqJAQAAaooBAABVCDEzLjM2MjEzhVJy5AIA\nAGqMAQAAaooBAABVATCFUnLlAgAAaIFogimBcuYCAAB9cucCAABohWiGc2JqVgEAAEsZaHBNzglo\nf1gHAAAAQ29uZGVnYXLoAgAAapEBAABYBwAAAGNvbmRlZ2Fy6QIAAGqTAQAAaooBAABVCS04Ni4z\nOTc4OYVScuoCAAB1Ymh7ankBAABdaHyHUnLrAgAAfXLsAgAAKGqJAQAAaooBAABVCDEzLjA4OTQ4\nhVJy7QIAAGqMAQAAaooBAABVATCFUnLuAgAAaIFogimBcu8CAAB9cvACAABohWiGc2JqVgEAAEsZ\naHBN0wlof1gHAAAARXN0ZWzDrXLxAgAAapEBAABYBgAAAGVzdGVsaXLyAgAAapMBAABqigEAAFUJ\nLTg2LjM1NTUxhVJy8wIAAHViaHtqeQEAAF1ofIdScvQCAAB9cvUCAAAoaokBAABqigEAAFUIMTMu\nMTc0ODmFUnL2AgAAaowBAABqigEAAFUBMIVScvcCAABogWiCKYFy+AIAAH1y+QIAAGiFaIZzYmpW\nAQAASxlocE3YCWh/WBEAAABTYW4gSnVhbiBkZSBMaW1heXL6AgAAapEBAABYDQAAAFNhbmp1YW4t\nbGltYXly+wIAAGqTAQAAaooBAABVCS04Ni42MTIzNIVScvwCAAB1Ymh7ankBAABdaHyHUnL9AgAA\nfXL+AgAAKGqJAQAAaooBAABVCDEyLjk2ODIzhVJy/wIAAGqMAQAAaooBAABVATCFUnIAAwAAaIFo\ngimBcgEDAAB9cgIDAABohWiGc2JqVgEAAEsZaHBN3Qlof1gLAAAATGEgVHJpbmlkYWRyAwMAAGqR\nAQAAWAgAAAB0cmluaWRhZHIEAwAAapMBAABqigEAAFUJLTg2LjIzNjA0hVJyBQMAAHViaHtqeQEA\nAF1ofIdScgYDAAB9cgcDAAAoaokBAABqigEAAFUIMTIuOTMzMTKFUnIIAwAAaowBAABqigEAAFUB\nMIVScgkDAABogWiCKYFyCgMAAH1yCwMAAGiFaIZzYmpWAQAASxlocE3iCWh/WAwAAABTYW4gTmlj\nb2zDoXNyDAMAAGqRAQAAWAsAAABTYW4tbmljb2xhc3INAwAAapMBAABqigEAAFUHLTg2LjM0N4VS\ncg4DAAB1Ymh7ankBAABdaHyHUnIPAwAAfXIQAwAAKGqJAQAAaooBAABVCDExLjg4NDE2hVJyEQMA\nAGqMAQAAaooBAABVATCFUnISAwAAaIFogimBchMDAAB9chQDAABohWiGc2JqVgEAAEtGaHBNXRto\nf1gGAAAARGlyacOhchUDAABqkQEAAFgFAAAAZGlyaWFyFgMAAGqTAQAAaooBAABVCS04Ni4wNTU2\nNYVSchcDAAB1Ymh7ankBAABdaHyHUnIYAwAAfXIZAwAAKGqJAQAAaooBAABVCDExLjg3NDk0hVJy\nGgMAAGqMAQAAaooBAABVATCFUnIbAwAAaIFogimBchwDAAB9ch0DAABohWiGc2JqVgEAAEtGaHBN\nYhtof1gHAAAARGlyaW9tb3IeAwAAapEBAABYBwAAAGRpcmlvbW9yHwMAAGqTAQAAaooBAABVCC04\nNi4wNTExhVJyIAMAAHViaHtqeQEAAF1ofIdSciEDAAB9ciIDAAAoaokBAABqigEAAFUIMTEuOTMw\nOTWFUnIjAwAAaowBAABqigEAAFUBMIVSciQDAABogWiCKYFyJQMAAH1yJgMAAGiFaIZzYmpWAQAA\nS0ZocE1nG2h/WAcAAABHcmFuYWRhcicDAABqkQEAAFgHAAAAZ3JhbmFkYXIoAwAAapMBAABqigEA\nAFUJLTg1Ljk1Njk2hVJyKQMAAHViaHtqeQEAAF1ofIdScioDAAB9cisDAAAoaokBAABqigEAAFUH\nMTEuNzU2M4VSciwDAABqjAEAAGqKAQAAVQEwhVJyLQMAAGiBaIIpgXIuAwAAfXIvAwAAaIVohnNi\nalYBAABLRmhwTWwbaH9YCAAAAE5hbmRhaW1lcjADAABqkQEAAFgIAAAAbmFuZGFpbWVyMQMAAGqT\nAQAAaooBAABVCS04Ni4wNTM0NYVScjIDAAB1Ymh7ankBAABdaHyHUnIzAwAAfXI0AwAAKGqJAQAA\naooBAABVBzEzLjYyMTOFUnI1AwAAaowBAABqigEAAFUBMIVScjYDAABogWiCKYFyNwMAAH1yOAMA\nAGiFaIZzYmpWAQAASwpocE3tA2h/WAcAAABXaXdpbMOtcjkDAABqkQEAAFgGAAAAV2l3aWxpcjoD\nAABqkwEAAGqKAQAAVQktODUuODE4NjSFUnI7AwAAdWJoe2p5AQAAXWh8h1JyPAMAAH1yPQMAAChq\niQEAAGqKAQAAVQgxMy4zNjc2NIVScj4DAABqjAEAAGqKAQAAVQEwhVJyPwMAAGiBaIIpgXJAAwAA\nfXJBAwAAaIVohnNialYBAABLCmhwTfIDaH9YBwAAAEVsIEPDumFyQgMAAGqRAQAAWAYAAABFbC1j\ndWFyQwMAAGqTAQAAaooBAABVCC04NS42NzMzhVJyRAMAAHViaHtqeQEAAF1ofIdSckUDAAB9ckYD\nAAAoaokBAABqigEAAFUIMTMuNjE5NzaFUnJHAwAAaowBAABqigEAAFUBMIVSckgDAABogWiCKYFy\nSQMAAH1ySgMAAGiFaIZzYmpWAQAASwpocE30A2h/WA8AAABTYW4gSm9zw6kgQm9jYXlySwMAAGqR\nAQAAWA4AAABTYW4tam9zZS1ib2NheXJMAwAAapMBAABqigEAAFUILTg1LjUwMDiFUnJNAwAAdWJo\ne2p5AQAAXWh8h1JyTgMAAH1yTwMAAChqiQEAAGqKAQAAVQgxMy4zNjY2N4VSclADAABqjAEAAGqK\nAQAAVQEwhVJyUQMAAGiBaIIpgXJSAwAAfXJTAwAAaIVohnNialYBAABLCmhwTfcDaH9YFwAAAFN0\nYS4gTWFyw61hIGRlIFBhbnRhc21hclQDAABqkQEAAFgUAAAAU2FudGEtbWFyaWEtcGFudGFzbWFy\nVQMAAGqTAQAAaooBAABVBi04NS45NYVSclYDAAB1Ymh7ankBAABdaHyHUnJXAwAAfXJYAwAAKGqJ\nAQAAaooBAABVCDEzLjIxMzkxhVJyWQMAAGqMAQAAaooBAABVATCFUnJaAwAAaIFogimBclsDAAB9\nclwDAABohWiGc2JqVgEAAEsKaHBN/ANof1gUAAAAU2FuIFJhZmFlbCBkZWwgTm9ydGVyXQMAAGqR\nAQAAWBQAAABTYW4tcmFmYWVsLWRlbC1ub3J0ZXJeAwAAapMBAABqigEAAFUJLTg2LjExMDQzhVJy\nXwMAAHViaHtqeQEAAF1ofIdScmADAAB9cmEDAAAoaokBAABqigEAAFUGMTMuMzA1hVJyYgMAAGqM\nAQAAaooBAABVATCFUnJjAwAAaIFogimBcmQDAAB9cmUDAABohWiGc2JqVgEAAEsKaHBNAQRof1gW\nAAAAU2FuIFNlYmFzdGlhbiBkZSBZYWzDrXJmAwAAapEBAABYBAAAAHlhbGlyZwMAAGqTAQAAaooB\nAABVCS04Ni4xODYzNoVScmgDAAB1Ymh7ankBAABdaHyHUnJpAwAAfXJqAwAAKGqJAQAAaooBAABV\nCDEzLjE5NTM1hVJyawMAAGqMAQAAaooBAABVATCFUnJsAwAAaIFogimBcm0DAAB9cm4DAABohWiG\nc2JqVgEAAEsKaHBNBgRof1gMAAAATGEgQ29uY29yZGlhcm8DAABqkQEAAFgMAAAATGEtY29uY29y\nZGlhcnADAABqkwEAAGqKAQAAVQktODYuMTY2OTOFUnJxAwAAdWJoe2p5AQAAXWh8h1JycgMAAH1y\ncwMAAChqiQEAAGqKAQAAVQgxMy4wOTE2NYVScnQDAABqjAEAAGqKAQAAVQEwhVJydQMAAGiBaIIp\ngXJ2AwAAfXJ3AwAAaIVohnNialYBAABLCmhwTQsEaH9YCAAAAEppbm90ZWdhcngDAABqkQEAAFgI\nAAAAamlub3RlZ2FyeQMAAGqTAQAAaooBAABVCS04Ni4wMDEyMYVScnoDAAB1Ymh7ankBAABdaHyH\nUnJ7AwAAfXJ8AwAAKGqJAQAAaooBAABVCDEzLjA1NDMzhVJyfQMAAGqMAQAAaooBAABVATCFUnJ+\nAwAAaIFogimBcn8DAAB9coADAABohWiGc2JqVgEAAEsjaHBNsQ1of1gHAAAAQWNodWFwYXKBAwAA\napEBAABYBwAAAGFjaHVhcGFyggMAAGqTAQAAaooBAABVCC04Ni41OTA3hVJygwMAAHViaHtqeQEA\nAF1ofIdScoQDAAB9coUDAAAoaokBAABqigEAAFUIMTIuODg2OTSFUnKGAwAAaowBAABqigEAAFUB\nMIVScocDAABogWiCKYFyiAMAAH1yiQMAAGiFaIZzYmpWAQAASyNocE22DWh/WAgAAABFbCBTYXVj\nZXKKAwAAapEBAABYCAAAAEVsLXNhdWNlcosDAABqkwEAAGqKAQAAVQktODYuNTM5NTKFUnKMAwAA\ndWJoe2p5AQAAXWh8h1JyjQMAAH1yjgMAAChqiQEAAGqKAQAAVQgxMi44MDE0MoVSco8DAABqjAEA\nAGqKAQAAVQEwhVJykAMAAGiBaIIpgXKRAwAAfXKSAwAAaIVohnNialYBAABLI2hwTbsNaH9YFQAA\nAFNhbnRhIFJvc2EgZGVsIFBlw7FvbnKTAwAAapEBAABYFAAAAFNhbnRhLXJvc2EtZGVsLXBlbm9u\ncpQDAABqkwEAAGqKAQAAVQktODYuMzcxNDSFUnKVAwAAdWJoe2p5AQAAXWh8h1JylgMAAH1ylwMA\nAChqiQEAAGqKAQAAVQgxMi43MjY3MoVScpgDAABqjAEAAGqKAQAAVQEwhVJymQMAAGiBaIIpgXKa\nAwAAfXKbAwAAaIVohnNialYBAABLI2hwTcANaH9YCgAAAEVsIEppY2FyYWxynAMAAGqRAQAAWAoA\nAABFbC1qaWNhcmFscp0DAABqkwEAAGqKAQAAVQktODYuMzgxMzSFUnKeAwAAdWJoe2p5AQAAXWh8\nh1JynwMAAH1yoAMAAChqiQEAAGqKAQAAVQgxMi41OTMxMYVScqEDAABqjAEAAGqKAQAAVQEwhVJy\nogMAAGiBaIIpgXKjAwAAfXKkAwAAaIVohnNialYBAABLI2hwTcUNaH9YCgAAAExhcnJleW5hZ2Fy\npQMAAGqRAQAAWAoAAABsYXJyZXluYWdhcqYDAABqkwEAAGqKAQAAVQktODYuNjgwMTWFUnKnAwAA\ndWJoe2p5AQAAXWh8h1JyqAMAAH1yqQMAAChqiQEAAGqKAQAAVQgxMi41MjE1MoVScqoDAABqjAEA\nAGqKAQAAVQEwhVJyqwMAAGiBaIIpgXKsAwAAfXKtAwAAaIVohnNialYBAABLI2hwTcoNaH9YBgAA\nAFRlbGljYXKuAwAAapEBAABYBgAAAHRlbGljYXKvAwAAapMBAABqigEAAFUILTg2Ljg2MDOFUnKw\nAwAAdWJoe2p5AQAAXWh8h1JysQMAAH1ysgMAAChqiQEAAGqKAQAAVQgxMi41MDYxNIVScrMDAABq\njAEAAGqKAQAAVQEwhVJytAMAAGiBaIIpgXK1AwAAfXK2AwAAaIVohnNialYBAABLI2hwTc8NaH9Y\nDAAAAFF1ZXphbGd1YXF1ZXK3AwAAapEBAABYDAAAAHF1ZXphbGd1YXF1ZXK4AwAAapMBAABqigEA\nAFUJLTg2LjkwMzY2hVJyuQMAAHViaHtqeQEAAF1ofIdScroDAAB9crsDAAAoaokBAABqigEAAFUI\nMTIuNDM0ODGFUnK8AwAAaowBAABqigEAAFUBMIVScr0DAABogWiCKYFyvgMAAH1yvwMAAGiFaIZz\nYmpWAQAASyNocE3UDWh/WAUAAABMZcOzbnLAAwAAapEBAABYBAAAAGxlb25ywQMAAGqTAQAAaooB\nAABVCS04Ni44ODE3NIVScsIDAAB1Ymh7ankBAABdaHyHUnLDAwAAfXLEAwAAKGqJAQAAaooBAABV\nCDEyLjM0MDExhVJyxQMAAGqMAQAAaooBAABVATCFUnLGAwAAaIFogimBcscDAAB9csgDAABohWiG\nc2JqVgEAAEsjaHBN2Q1of1gNAAAATGEgUGF6IENlbnRyb3LJAwAAapEBAABYDQAAAExhLXBhei1j\nZW50cm9yygMAAGqTAQAAaooBAABVCS04Ni42NzYyNYVScssDAAB1Ymh7ankBAABdaHyHUnLMAwAA\nfXLNAwAAKGqJAQAAaooBAABVCDEyLjI2NTMxhVJyzgMAAGqMAQAAaooBAABVATCFUnLPAwAAaIFo\ngimBctADAAB9ctEDAABohWiGc2JqVgEAAEsjaHBN3g1of1gIAAAATmFnYXJvdGVy0gMAAGqRAQAA\nWAgAAABuYWdhcm90ZXLTAwAAapMBAABqigEAAFUJLTg2LjU2ODEyhVJy1AMAAHViaHtqeQEAAF1o\nfIdSctUDAAB9ctYDAAAoaokBAABqigEAAFUIMTMuNDgxMjmFUnLXAwAAaowBAABqigEAAFUBMIVS\nctgDAABogWiCKYFy2QMAAH1y2gMAAGiFaIZzYmpWAQAASxRocE3VB2h/WAYAAABTb21vdG9y2wMA\nAGqRAQAAWAYAAABzb21vdG9y3AMAAGqTAQAAaooBAABVCS04Ni41ODMzN4VSct0DAAB1Ymh7ankB\nAABdaHyHUnLeAwAAfXLfAwAAKGqJAQAAaooBAABVCDEzLjU2MzM2hVJy4AMAAGqMAQAAaooBAABV\nATCFUnLhAwAAaIFogimBcuIDAAB9cuMDAABohWiGc2JqVgEAAEsUaHBN2gdof1gJAAAAVG90b2dh\nbHBhcuQDAABqkQEAAFgJAAAAdG90b2dhbHBhcuUDAABqkwEAAGqKAQAAVQktODYuNDkyODGFUnLm\nAwAAdWJoe2p5AQAAXWh8h1Jy5wMAAH1y6AMAAChqiQEAAGqKAQAAVQgxMy41MzEzMYVScukDAABq\njAEAAGqKAQAAVQEwhVJy6gMAAGiBaIIpgXLrAwAAfXLsAwAAaIVohnNialYBAABLFGhwTd8HaH9Y\nCQAAAFRlbHBhbmVjYXLtAwAAapEBAABYCQAAAHRlbHBhbmVjYXLuAwAAapMBAABqigEAAFUJLTg2\nLjI4NjkzhVJy7wMAAHViaHtqeQEAAF1ofIdScvADAAB9cvEDAAAoaokBAABqigEAAFUIMTMuNTQ0\nNTiFUnLyAwAAaowBAABqigEAAFUBMIVScvMDAABogWiCKYFy9AMAAH1y9QMAAGiFaIZzYmpWAQAA\nSxRocE3kB2h/WBUAAABTYW4gSnVhbiBkZSBSw61vIENvY29y9gMAAGqRAQAAWBEAAABTYW4tanVh\nbi1yaW8tY29jb3L3AwAAapMBAABqigEAAFUJLTg2LjE2NTM3hVJy+AMAAHViaHtqeQEAAF1ofIdS\ncvkDAAB9cvoDAAAoaokBAABqigEAAFUIMTMuNDU1OTeFUnL7AwAAaowBAABqigEAAFUBMIVScvwD\nAABogWiCKYFy/QMAAH1y/gMAAGiFaIZzYmpWAQAASxRocE3pB2h/WAsAAABQYWxhY2FndWluYXL/\nAwAAapEBAABYCwAAAHBhbGFjYWd1aW5hcgAEAABqkwEAAGqKAQAAVQgtODYuNDA3MYVScgEEAAB1\nYmh7ankBAABdaHyHUnICBAAAfXIDBAAAKGqJAQAAaooBAABVCDEzLjQ4MzUxhVJyBAQAAGqMAQAA\naooBAABVATCFUnIFBAAAaIFogimBcgYEAAB9cgcEAABohWiGc2JqVgEAAEsUaHBN7gdof1gJAAAA\nWWFsYWd1aW5hcggEAABqkQEAAFgJAAAAeWFsYWd1aW5hcgkEAABqkwEAAGqKAQAAVQktODYuNDkz\nNDSFUnIKBAAAdWJoe2p5AQAAXWh8h1JyCwQAAH1yDAQAAChqiQEAAGqKAQAAVQgxMy40MTM1OIVS\ncg0EAABqjAEAAGqKAQAAVQEwhVJyDgQAAGiBaIIpgXIPBAAAfXIQBAAAaIVohnNialYBAABLFGhw\nTfMHaH9YCQAAAFNhbiBMdWNhc3IRBAAAapEBAABYCQAAAFNhbi1sdWNhc3ISBAAAapMBAABqigEA\nAFUJLTg2LjYxMTc2hVJyEwQAAHViaHtqeQEAAF1ofIdSchQEAAB9chUEAAAoaokBAABqigEAAFUI\nMTMuMzQzMjSFUnIWBAAAaowBAABqigEAAFUBMIVSchcEAABogWiCKYFyGAQAAH1yGQQAAGiFaIZz\nYmpWAQAASxRocE34B2h/WAsAAABMYXMgU2FiYW5hc3IaBAAAapEBAABYCwAAAExhcy1zYWJhbmFz\nchsEAABqkwEAAGqKAQAAVQktODYuNjIxOTSFUnIcBAAAdWJoe2p5AQAAXWh8h1JyHQQAAH1yHgQA\nAChqiQEAAGqKAQAAVQgxMy4yODg0N4VSch8EAABqjAEAAGqKAQAAVQEwhVJyIAQAAGiBaIIpgXIh\nBAAAfXIiBAAAaIVohnNialYBAABLFGhwTf0HaH9YFAAAAFNhbiBKb3PDqSBkZSBDdXNtYXBhciME\nAABqkQEAAFgQAAAAU2FuLWpvc2UtY3VzbWFwYXIkBAAAapMBAABqigEAAFUJLTg2LjY1NDg5hVJy\nJQQAAHViaHtqeQEAAF1ofIdSciYEAAB9cicEAAAoaokBAABqigEAAFUIMTIuNTA0NTiFUnIoBAAA\naowBAABqigEAAFUBMIVScikEAABogWiCKYFyKgQAAH1yKwQAAGiFaIZzYmpWAQAASzdocE2BFWh/\nWBMAAABTYW4gRnJhbmNpc2NvIExpYnJlciwEAABqkQEAAFgTAAAAU2FuLWZyYW5jaXNjby1saWJy\nZXItBAAAapMBAABqigEAAFUJLTg2LjMwMTA1hVJyLgQAAHViaHtqeQEAAF1ofIdSci8EAAB9cjAE\nAAAoaokBAABqigEAAFUIMTIuMTk2NjKFUnIxBAAAaowBAABqigEAAFUBMIVScjIEAABogWiCKYFy\nMwQAAH1yNAQAAGiFaIZzYmpWAQAASzdocE2GFWh/WAgAAABUaXBpdGFwYXI1BAAAapEBAABYCAAA\nAHRpcGl0YXBhcjYEAABqkwEAAGqKAQAAVQktODYuMDk2ODKFUnI3BAAAdWJoe2p5AQAAXWh8h1Jy\nOAQAAH1yOQQAAChqiQEAAGqKAQAAVQgxMi4yMzUzNoVScjoEAABqjAEAAGqKAQAAVQEwhVJyOwQA\nAGiBaIIpgXI8BAAAfXI9BAAAaIVohnNialYBAABLN2hwTYsVaH9YBwAAAE1hdGVhcmVyPgQAAGqR\nAQAAWAcAAABtYXRlYXJlcj8EAABqkwEAAGqKAQAAVQktODYuNDMwMTOFUnJABAAAdWJoe2p5AQAA\nXWh8h1JyQQQAAH1yQgQAAChqiQEAAGqKAQAAVQgxMS45NzkyNIVSckMEAABqjAEAAGqKAQAAVQEw\nhVJyRAQAAGiBaIIpgXJFBAAAfXJGBAAAaIVohnNialYBAABLN2hwTZAVaH9YFAAAAFZpbGxhIENh\ncmxvcyBGb25zZWNhckcEAABqkQEAAFgUAAAAVmlsbGEtY2FybG9zLWZvbnNlY2FySAQAAGqTAQAA\naooBAABVCS04Ni41MDgwOYVSckkEAAB1Ymh7ankBAABdaHyHUnJKBAAAfXJLBAAAKGqJAQAAaooB\nAABVCDEyLjE2MDgyhVJyTAQAAGqMAQAAaooBAABVATCFUnJNBAAAaIFogimBck4EAAB9ck8EAABo\nhWiGc2JqVgEAAEs3aHBNkhVof1gOAAAAQ2l1ZGFkIFNhbmRpbm9yUAQAAGqRAQAAWA4AAABDaXVk\nYWQtc2FuZGlub3JRBAAAapMBAABqigEAAFUJLTg2LjM1MDA0hVJyUgQAAHViaHtqeQEAAF1ofIdS\nclMEAAB9clQEAAAoaokBAABqigEAAFUIMTIuMTQ3NDaFUnJVBAAAaowBAABqigEAAFUBMIVSclYE\nAABogWiCKYFyVwQAAH1yWAQAAGiFaIZzYmpWAQAASzdocE2VFWh/WAcAAABNYW5hZ3VhclkEAABq\nkQEAAFgHAAAAbWFuYWd1YXJaBAAAapMBAABqigEAAFUJLTg2LjI3MzM5hVJyWwQAAHViaHtqeQEA\nAF1ofIdSclwEAAB9cl0EAAAoaokBAABqigEAAFUIMTIuMDIxMjWFUnJeBAAAaowBAABqigEAAFUB\nMIVScl8EAABogWiCKYFyYAQAAH1yYQQAAGiFaIZzYmpWAQAASzdocE2aFWh/WAoAAABUaWN1YW50\nZXBlcmIEAABqkQEAAFgKAAAAdGljdWFudGVwZXJjBAAAapMBAABqigEAAFUJLTg2LjIwMjg4hVJy\nZAQAAHViaHtqeQEAAF1ofIdScmUEAAB9cmYEAAAoaokBAABqigEAAFUIMTEuOTc4NjWFUnJnBAAA\naowBAABqigEAAFUBMIVScmgEAABogWiCKYFyaQQAAH1yagQAAGiFaIZzYmpWAQAASzdocE2cFWh/\nWAoAAABFbCBDcnVjZXJvcmsEAABqkQEAAFgKAAAARWwtY3J1Y2Vyb3JsBAAAapMBAABqigEAAFUJ\nLTg2LjMxMDc2hVJybQQAAHViaHtqeQEAAF1ofIdScm4EAAB9cm8EAAAoaokBAABqigEAAFUIMTEu\nODQ2ODGFUnJwBAAAaowBAABqigEAAFUBMIVScnEEAABogWiCKYFycgQAAH1ycwQAAGiFaIZzYmpW\nAQAASzdocE2fFWh/WBIAAABTYW4gUmFmYWVsIGRlbCBTdXJydAQAAGqRAQAAWBIAAABTYW4tcmFm\nYWVsLWRlbC1zdXJydQQAAGqTAQAAaooBAABVCS04Ni40Mzk3N4VScnYEAAB1Ymh7ankBAABdaHyH\nUnJ3BAAAfXJ4BAAAKGqJAQAAaooBAABVCDEyLjAwMjQzhVJyeQQAAGqMAQAAaooBAABVATCFUnJ6\nBAAAaIFogimBcnsEAAB9cnwEAABohWiGc2JqVgEAAEs8aHBNdRdof1gIAAAATmluZGlyw61yfQQA\nAGqRAQAAWAcAAABuaW5kaXJpcn4EAABqkwEAAGqKAQAAVQktODYuMTIwNjeFUnJ/BAAAdWJoe2p5\nAQAAXWh8h1JygAQAAH1ygQQAAChqiQEAAGqKAQAAVQgxMS45NzczNYVScoIEAABqjAEAAGqKAQAA\nVQEwhVJygwQAAGiBaIIpgXKEBAAAfXKFBAAAaIVohnNialYBAABLPGhwTXoXaH9YBgAAAE1hc2F5\nYXKGBAAAapEBAABYBgAAAG1hc2F5YXKHBAAAapMBAABqigEAAFUJLTg2LjA5NjA2hVJyiAQAAHVi\naHtqeQEAAF1ofIdScokEAAB9cooEAAAoaokBAABqigEAAFUIMTIuMDgxMzOFUnKLBAAAaowBAABq\nigEAAFUBMIVScowEAABogWiCKYFyjQQAAH1yjgQAAGiFaIZzYmpWAQAASzxocE1/F2h/WAUAAABU\naXNtYXKPBAAAapEBAABYBQAAAHRpc21hcpAEAABqkwEAAGqKAQAAVQktODYuMDE5MjGFUnKRBAAA\ndWJoe2p5AQAAXWh8h1JykgQAAH1ykwQAAChqiQEAAGqKAQAAVQgxMS45MzYxNYVScpQEAABqjAEA\nAGqKAQAAVQEwhVJylQQAAGiBaIIpgXKWBAAAfXKXBAAAaIVohnNialYBAABLPGhwTYQXaH9YDgAA\nAExhIENvbmNlcGNpw7NucpgEAABqkQEAAFgNAAAATGEtY29uY2VwY2lvbnKZBAAAapMBAABqigEA\nAFUILTg2LjE5MjKFUnKaBAAAdWJoe2p5AQAAXWh8h1JymwQAAH1ynAQAAChqiQEAAGqKAQAAVQgx\nMS45MTM0NIVScp0EAABqjAEAAGqKAQAAVQEwhVJyngQAAGiBaIIpgXKfBAAAfXKgBAAAaIVohnNi\nalYBAABLPGhwTYkXaH9YCAAAAE1hc2F0ZXBlcqEEAABqkQEAAFgIAAAAbWFzYXRlcGVyogQAAGqT\nAQAAaooBAABVCS04Ni4xNDQ3NYVScqMEAAB1Ymh7ankBAABdaHyHUnKkBAAAfXKlBAAAKGqJAQAA\naooBAABVCDExLjkwOTMzhVJypgQAAGqMAQAAaooBAABVATCFUnKnBAAAaIFogimBcqgEAAB9cqkE\nAABohWiGc2JqVgEAAEs8aHBNjhdof1gIAAAATmFuZGFzbW9yqgQAAGqRAQAAWAgAAABuYW5kYXNt\nb3KrBAAAapMBAABqigEAAFUJLTg2LjEzMDU1hVJyrAQAAHViaHtqeQEAAF1ofIdScq0EAAB9cq4E\nAAAoaokBAABqigEAAFUIMTEuOTEwNziFUnKvBAAAaowBAABqigEAAFUBMIVScrAEAABogWiCKYFy\nsQQAAH1ysgQAAGiFaIZzYmpWAQAASzxocE2TF2h/WAgAAABDYXRhcmluYXKzBAAAapEBAABYCAAA\nAGNhdGFyaW5hcrQEAABqkwEAAGqKAQAAVQktODYuMDc0MDeFUnK1BAAAdWJoe2p5AQAAXWh8h1Jy\ntgQAAH1ytwQAAChqiQEAAGqKAQAAVQgxMS45MDQ3OYVScrgEAABqjAEAAGqKAQAAVQEwhVJyuQQA\nAGiBaIIpgXK6BAAAfXK7BAAAaIVohnNialYBAABLPGhwTZgXaH9YEwAAAFNhbiBKdWFuIGRlIE9y\naWVudGVyvAQAAGqRAQAAWBMAAABTYW4tanVhbi1kZS1vcmllbnRlcr0EAABqkwEAAGqKAQAAVQkt\nODYuMDczMTGFUnK+BAAAdWJoe2p5AQAAXWh8h1JyvwQAAH1ywAQAAChqiQEAAGqKAQAAVQgxMS45\nMDQwOIVScsEEAABqjAEAAGqKAQAAVQEwhVJywgQAAGiBaIIpgXLDBAAAfXLEBAAAaIVohnNialYB\nAABLPGhwTZ0XaH9YCwAAAE5pcXVpbm9ob21vcsUEAABqkQEAAFgJAAAAbmlxdWlub21vcsYEAABq\nkwEAAGqKAQAAVQktODYuMDk0NzKFUnLHBAAAdWJoe2p5AQAAXWh8h1JyyAQAAH1yyQQAAChqiQEA\nAGqKAQAAVQgxMy4yNTM1MoVScsoEAABqjAEAAGqKAQAAVQEwhVJyywQAAGiBaIIpgXLMBAAAfXLN\nBAAAaIVohnNialYBAABLKGhwTaUPaH9YDQAAAFJhbmNobyBHcmFuZGVyzgQAAGqRAQAAWA0AAABS\nYW5jaG8tZ3JhbmRlcs8EAABqkwEAAGqKAQAAVQktODUuNTUyNjiFUnLQBAAAdWJoe2p5AQAAXWh8\nh1Jy0QQAAH1y0gQAAChqiQEAAGqKAQAAVQgxMi45MzA0NIVSctMEAABqjAEAAGqKAQAAVQEwhVJy\n1AQAAGiBaIIpgXLVBAAAfXLWBAAAaIVohnNialYBAABLKGhwTaoPaH9YDQAAAFLDrcKtbyBCbGFu\nY29y1wQAAGqRAQAAWAoAAABSaW8tYmxhbmNvctgEAABqkwEAAGqKAQAAVQgtODUuMjI2MYVSctkE\nAAB1Ymh7ankBAABdaHyHUnLaBAAAfXLbBAAAKGqJAQAAaooBAABVCDEzLjEzNzM1hVJy3AQAAGqM\nAQAAaooBAABVATCFUnLdBAAAaIFogimBct4EAAB9ct8EAABohWiGc2JqVgEAAEsoaHBNrw9of1gS\nAAAARWwgVHVtYSAtIExhIERhbGlhcuAEAABqkQEAAFgHAAAARWwtdHVtYXLhBAAAapMBAABqigEA\nAFUJLTg1LjczNzg4hVJy4gQAAHViaHtqeQEAAF1ofIdScuMEAAB9cuQEAAAoaokBAABqigEAAFUI\nMTIuOTI5MzeFUnLlBAAAaowBAABqigEAAFUBMIVScuYEAABogWiCKYFy5wQAAH1y6AQAAGiFaIZz\nYmpWAQAASyhocE20D2h/WAoAAABTYW4gSXNpZHJvcukEAABqkQEAAFgKAAAAU2FuLWlzaWRyb3Lq\nBAAAapMBAABqigEAAFUILTg2LjE5NTWFUnLrBAAAdWJoe2p5AQAAXWh8h1Jy7AQAAH1y7QQAAChq\niQEAAGqKAQAAVQcxMi44NTE5hVJy7gQAAGqMAQAAaooBAABVATCFUnLvBAAAaIFogimBcvAEAAB9\ncvEEAABohWiGc2JqVgEAAEsoaHBNuQ9of1gHAAAAU8OpYmFjb3LyBAAAapEBAABYBgAAAHNlYmFj\nb3LzBAAAapMBAABqigEAAFUJLTg2LjA5Njk2hVJy9AQAAHViaHtqeQEAAF1ofIdScvUEAAB9cvYE\nAAAoaokBAABqigEAAFUIMTIuOTI3MDmFUnL3BAAAaowBAABqigEAAFUBMIVScvgEAABogWiCKYFy\n+QQAAH1y+gQAAGiFaIZzYmpWAQAASyhocE2+D2h/WAkAAABNYXRhZ2FscGFy+wQAAGqRAQAAWAkA\nAABtYXRhZ2FscGFy/AQAAGqTAQAAaooBAABVCS04NS45MTc0N4VScv0EAAB1Ymh7ankBAABdaHyH\nUnL+BAAAfXL/BAAAKGqJAQAAaooBAABVCDEyLjkyMjU0hVJyAAUAAGqMAQAAaooBAABVATCFUnIB\nBQAAaIFogimBcgIFAAB9cgMFAABohWiGc2JqVgEAAEsoaHBNww9of1gKAAAAU2FuIFJhbcOzbnIE\nBQAAapEBAABYCQAAAFNhbi1yYW1vbnIFBQAAapMBAABqigEAAFUJLTg1LjgzOTY4hVJyBgUAAHVi\naHtqeQEAAF1ofIdScgcFAAB9cggFAAAoaokBAABqigEAAFUHMTIuODM3MYVScgkFAABqjAEAAGqK\nAQAAVQEwhVJyCgUAAGiBaIIpgXILBQAAfXIMBQAAaIVohnNialYBAABLKGhwTcgPaH9YCQAAAE1h\ndGlndcOhc3INBQAAapEBAABYCAAAAG1hdGlndWFzcg4FAABqkwEAAGqKAQAAVQktODUuNDYwNzmF\nUnIPBQAAdWJoe2p5AQAAXWh8h1JyEAUAAH1yEQUAAChqiQEAAGqKAQAAVQgxMi43NjEyNYVSchIF\nAABqjAEAAGqKAQAAVQEwhVJyEwUAAGiBaIIpgXIUBQAAfXIVBQAAaIVohnNialYBAABLKGhwTc0P\naH9YBwAAAE11eSBNdXlyFgUAAGqRAQAAWAYAAABtdXltdXlyFwUAAGqTAQAAaooBAABVCS04NS42\nMzEyM4VSchgFAAB1Ymh7ankBAABdaHyHUnIZBQAAfXIaBQAAKGqJAQAAaooBAABVCDEyLjY2NDQ2\nhVJyGwUAAGqMAQAAaooBAABVATCFUnIcBQAAaIFogimBch0FAAB9ch4FAABohWiGc2JqVgEAAEso\naHBN0g9of1gKAAAARXNxdWlwdWxhc3IfBQAAapEBAABYCgAAAGVzcXVpcHVsYXNyIAUAAGqTAQAA\naooBAABVCS04NS43ODkwOYVSciEFAAB1Ymh7ankBAABdaHyHUnIiBQAAfXIjBQAAKGqJAQAAaooB\nAABVBzEyLjc2MTmFUnIkBQAAaowBAABqigEAAFUBMIVSciUFAABogWiCKYFyJgUAAH1yJwUAAGiF\naIZzYmpWAQAASyhocE3XD2h/WAwAAABTYW4gRGlvbmlzaW9yKAUAAGqRAQAAWAwAAABTYW4tZGlv\nbmlzaW9yKQUAAGqTAQAAaooBAABVCS04NS44NTA5MYVScioFAAB1Ymh7ankBAABdaHyHUnIrBQAA\nfXIsBQAAKGqJAQAAaooBAABVCDEyLjczMDA5hVJyLQUAAGqMAQAAaooBAABVATCFUnIuBQAAaIFo\ngimBci8FAAB9cjAFAABohWiGc2JqVgEAAEsoaHBN3A9of1gJAAAAVGVycmFib25hcjEFAABqkQEA\nAFgJAAAAdGVycmFib25hcjIFAABqkwEAAGqKAQAAVQktODUuOTY0ODeFUnIzBQAAdWJoe2p5AQAA\nXWh8h1JyNAUAAH1yNQUAAChqiQEAAGqKAQAAVQUxMi43M4VScjYFAABqjAEAAGqKAQAAVQEwhVJy\nNwUAAGiBaIIpgXI4BQAAfXI5BQAAaIVohnNialYBAABLKGhwTeEPaH9YDwAAAENpdWRhZCBEYXLD\nrcKtb3I6BQAAapEBAABYDAAAAENpdWRhZC1kYXJpb3I7BQAAapMBAABqigEAAFUJLTg2LjEyNDU3\nhVJyPAUAAHViaHtqeQEAAF1ofIdScj0FAAB9cj4FAAAoaokBAABqigEAAFUIMTMuOTIyODaFUnI/\nBQAAaowBAABqigEAAFUBMIVSckAFAABogWiCKYFyQQUAAH1yQgUAAGiFaIZzYmpWAQAASwVocE35\nAWh/WAYAAABKYWxhcGFyQwUAAGqRAQAAWAYAAABqYWxhcGFyRAUAAGqTAQAAaooBAABVCC04Ni4x\nMjUyhVJyRQUAAHViaHtqeQEAAF1ofIdSckYFAAB9ckcFAAAoaokBAABqigEAAFUGMTMuNzU5hVJy\nSAUAAGqMAQAAaooBAABVATCFUnJJBQAAaIFogimBckoFAAB9cksFAABohWiGc2JqVgEAAEsFaHBN\n/gFof1gFAAAATXVycmFyTAUAAGqRAQAAWAUAAABtdXJyYXJNBQAAapMBAABqigEAAFUJLTg2LjAx\nNzk5hVJyTgUAAHViaHtqeQEAAF1ofIdSck8FAAB9clAFAAAoaokBAABqigEAAFUIMTMuNzIzMjaF\nUnJRBQAAaowBAABqigEAAFUBMIVSclIFAABogWiCKYFyUwUAAH1yVAUAAGiFaIZzYmpWAQAASwVo\ncE0DAmh/WAwAAABFbCBKw63CrWNhcm9yVQUAAGqRAQAAWAkAAABFbC1qaWNhcm9yVgUAAGqTAQAA\naooBAABVCS04Ni4xMzcwNYVSclcFAAB1Ymh7ankBAABdaHyHUnJYBQAAfXJZBQAAKGqJAQAAaooB\nAABVCDEzLjY3NzI5hVJyWgUAAGqMAQAAaooBAABVATCFUnJbBQAAaIFogimBclwFAAB9cl0FAABo\nhWiGc2JqVgEAAEsFaHBNCAJof1gMAAAAU2FuIEZlcm5hbmRvcl4FAABqkQEAAFgMAAAAU2FuLWZl\ncm5hbmRvcl8FAABqkwEAAGqKAQAAVQktODYuMzE0ODSFUnJgBQAAdWJoe2p5AQAAXWh8h1JyYQUA\nAH1yYgUAAChqiQEAAGqKAQAAVQgxMy42NjE2OIVScmMFAABqjAEAAGqKAQAAVQEwhVJyZAUAAGiB\naIIpgXJlBQAAfXJmBQAAaIVohnNialYBAABLBWhwTQ0CaH9YBwAAAE1vem9udGVyZwUAAGqRAQAA\nWAcAAABtb3pvbnRlcmgFAABqkwEAAGqKAQAAVQktODYuNDM3MDaFUnJpBQAAdWJoe2p5AQAAXWh8\nh1JyagUAAH1yawUAAChqiQEAAGqKAQAAVQgxMy43MjI0M4VScmwFAABqjAEAAGqKAQAAVQEwhVJy\nbQUAAGiBaIIpgXJuBQAAfXJvBQAAaIVohnNialYBAABLBWhwTRICaH9YBwAAAERpcGlsdG9ycAUA\nAGqRAQAAWAcAAABkaXBpbHRvcnEFAABqkwEAAGqKAQAAVQgtODYuNTA3MoVScnIFAAB1Ymh7ankB\nAABdaHyHUnJzBQAAfXJ0BQAAKGqJAQAAaooBAABVCDEzLjY1MjM5hVJydQUAAGqMAQAAaooBAABV\nATCFUnJ2BQAAaIFogimBcncFAAB9cngFAABohWiGc2JqVgEAAEsFaHBNFwJof1gJAAAATWFjdWVs\naXpvcnkFAABqkQEAAFgJAAAAbWFjdWVsaXpvcnoFAABqkwEAAGqKAQAAVQgtODYuNjEzOIVScnsF\nAAB1Ymh7ankBAABdaHyHUnJ8BQAAfXJ9BQAAKGqJAQAAaooBAABVCDEzLjc0NzUzhVJyfgUAAGqM\nAQAAaooBAABVATCFUnJ/BQAAaIFogimBcoAFAAB9coEFAABohWiGc2JqVgEAAEsFaHBNHAJof1gO\nAAAAU2FudGEgTWFyw63CrWFyggUAAGqRAQAAWAoAAABzYW50YW1hcmlhcoMFAABqkwEAAGqKAQAA\nVQktODYuNzEwNzeFUnKEBQAAdWJoe2p5AQAAXWh8h1JyhQUAAH1yhgUAAChqiQEAAGqKAQAAVQgx\nMy42MzQzMoVScocFAABqjAEAAGqKAQAAVQEwhVJyiAUAAGiBaIIpgXKJBQAAfXKKBQAAaIVohnNi\nalYBAABLBWhwTSECaH9YBgAAAE9jb3RhbHKLBQAAapEBAABYBgAAAG9jb3RhbHKMBQAAapMBAABq\nigEAAFUJLTg2LjQ3NzQ1hVJyjQUAAHViaHtqeQEAAF1ofIdSco4FAAB9co8FAAAoaokBAABqigEA\nAFUIMTMuNjQyMTeFUnKQBQAAaowBAABqigEAAFUBMIVScpEFAABogWiCKYFykgUAAH1ykwUAAGiF\naIZzYmpWAQAASwVocE0mAmh/WA4AAABDaXVkYWQgQW50aWd1YXKUBQAAapEBAABYDgAAAENpdWRh\nZC1hbnRpZ3VhcpUFAABqkwEAAGqKAQAAVQktODYuMzA4OTOFUnKWBQAAdWJoe2p5AQAAXWh8h1Jy\nlwUAAH1ymAUAAChqiQEAAGqKAQAAVQgxMy41NjY3NYVScpkFAABqjAEAAGqKAQAAVQEwhVJymgUA\nAGiBaIIpgXKbBQAAfXKcBQAAaIVohnNialYBAABLBWhwTSsCaH9YCAAAAFF1aWxhbMOtcp0FAABq\nkQEAAFgHAAAAcXVpbGFsaXKeBQAAapMBAABqigEAAFUJLTg2LjAyOTUyhVJynwUAAHViaHtqeQEA\nAF1ofIdScqAFAAB9cqEFAAAoaokBAABqigEAAFUIMTMuNjI2NjeFUnKiBQAAaowBAABqigEAAFUB\nMIVScqMFAABogWiCKYFypAUAAH1ypQUAAGiFaIZzYmpWAQAASwVocE0wAmh/WBcAAABXaXdpbGkg\nZGUgTnVldmEgU2Vnb3ZpYXKmBQAAapEBAABYEwAAAFdpd2lsaS1udWV2YXNlZ292aWFypwUAAGqT\nAQAAaooBAABVCS04NS44MjM2OYVScqgFAAB1Ymh7ankBAABdaHyHUnKpBQAAfXKqBQAAKGqJAQAA\naooBAABVCDE0Ljc0Mzg2hVJyqwUAAGqMAQAAaooBAABVATCFUnKsBQAAaIFogimBcq0FAAB9cq4F\nAABohWiGc2JqVgEAAEtbaHBNkSNof1gHAAAAV2FzcMOhbnKvBQAAapEBAABYBgAAAHdhc3BhbnKw\nBQAAapMBAABqigEAAFUJLTgzLjk2ODg1hVJysQUAAHViaHtqeQEAAF1ofIdScrIFAAB9crMFAAAo\naokBAABqigEAAFUIMTQuMDMzMTOFUnK0BQAAaowBAABqigEAAFUBMIVScrUFAABogWiCKYFytgUA\nAH1ytwUAAGiFaIZzYmpWAQAAS1tocE2WI2h/WA4AAABQdWVydG8gQ2FiZXphc3K4BQAAapEBAABY\nDgAAAFB1ZXJ0by1jYWJlemFzcrkFAABqkwEAAGqKAQAAVQktODMuMzgyMjOFUnK6BQAAdWJoe2p5\nAQAAXWh8h1JyuwUAAH1yvAUAAChqiQEAAGqKAQAAVQcxMy45MTA2hVJyvQUAAGqMAQAAaooBAABV\nATCFUnK+BQAAaIFogimBcr8FAAB9csAFAABohWiGc2JqVgEAAEtbaHBNmyNof1gGAAAAUm9zaXRh\ncsEFAABqkQEAAFgGAAAAcm9zaXRhcsIFAABqkwEAAGqKAQAAVQktODQuMzkxNTOFUnLDBQAAdWJo\ne2p5AQAAXWh8h1JyxAUAAH1yxQUAAChqiQEAAGqKAQAAVQgxNC4wMjU4NIVScsYFAABqjAEAAGqK\nAQAAVQEwhVJyxwUAAGiBaIIpgXLIBQAAfXLJBQAAaIVohnNialYBAABLW2hwTaAjaH9YBwAAAEJv\nbmFuemFyygUAAGqRAQAAWAcAAABib25hbnphcssFAABqkwEAAGqKAQAAVQktODQuNjIwODiFUnLM\nBQAAdWJoe2p5AQAAXWh8h1JyzQUAAH1yzgUAAChqiQEAAGqKAQAAVQgxMy4zMzQ2NYVScs8FAABq\njAEAAGqKAQAAVQEwhVJy0AUAAGiBaIIpgXLRBQAAfXLSBQAAaIVohnNialYBAABLW2hwTaUjaH9Y\nBwAAAFdhc2xhbGFy0wUAAGqRAQAAWAcAAAB3YXNsYWxhctQFAABqkwEAAGqKAQAAVQktODUuMzcw\nOTmFUnLVBQAAdWJoe2p5AQAAXWh8h1Jy1gUAAH1y1wUAAChqiQEAAGqKAQAAVQUxMy4xNYVSctgF\nAABqjAEAAGqKAQAAVQEwhVJy2QUAAGiBaIIpgXLaBQAAfXLbBQAAaIVohnNialYBAABLW2hwTacj\naH9YCAAAAE11bHVrdWt1ctwFAABqkQEAAFgIAAAAbXVsdWt1a3Vy3QUAAGqTAQAAaooBAABVCS04\nNC45NjY2N4VSct4FAAB1Ymh7ankBAABdaHyHUnLfBQAAfXLgBQAAKGqJAQAAaooBAABVCDEzLjcz\nODU3hVJy4QUAAGqMAQAAaooBAABVATCFUnLiBQAAaIFogimBcuMFAAB9cuQFAABohWiGc2JqVgEA\nAEtbaHBNqiNof1gFAAAAU2l1bmFy5QUAAGqRAQAAWAUAAABzaXVuYXLmBQAAapMBAABqigEAAFUJ\nLTg0Ljc4NDkxhVJy5wUAAHViaHtqeQEAAF1ofIdScugFAAB9cukFAAAoaokBAABqigEAAFUIMTMu\nNDA2MTGFUnLqBQAAaowBAABqigEAAFUBMIVScusFAABogWiCKYFy7AUAAH1y7QUAAGiFaIZzYmpW\nAQAAS1tocE2vI2h/WAsAAABQcmluemFwb2xrYXLuBQAAapEBAABYCwAAAHByaW56YXBvbGthcu8F\nAABqkwEAAGqKAQAAVQktODMuNTYyMjmFUnLwBQAAdWJoe2p5AQAAXWh8h1Jy8QUAAH1y8gUAAChq\niQEAAGqKAQAAVQgxMi43ODU0OIVScvMFAABqjAEAAGqKAQAAVQEwhVJy9AUAAGiBaIIpgXL1BQAA\nfXL2BQAAaIVohnNialYBAABLXWhwTVkkaH9YBgAAAFBhaXdhc3L3BQAAapEBAABYBgAAAHBhaXdh\nc3L4BQAAapMBAABqigEAAFUJLTg1LjEyNDAyhVJy+QUAAHViaHtqeQEAAF1ofIdScvoFAAB9cvsF\nAAAoaokBAABqigEAAFUIMTMuMTExNDWFUnL8BQAAaowBAABqigEAAFUBMIVScv0FAABogWiCKYFy\n/gUAAH1y/wUAAGiFaIZzYmpWAQAAS11ocE1eJGh/WBYAAABMYSBDcnV6IGRlIFLDrW8gR3JhbmRl\ncgAGAABqkQEAAFgSAAAATGEtY3J1ei1yaW8tZ3JhbmRlcgEGAABqkwEAAGqKAQAAVQktODQuMTg4\nMzWFUnICBgAAdWJoe2p5AQAAXWh8h1JyAwYAAH1yBAYAAChqiQEAAGqKAQAAVQgxMi45MzIwOIVS\ncgUGAABqjAEAAGqKAQAAVQEwhVJyBgYAAGiBaIIpgXIHBgAAfXIIBgAAaIVohnNialYBAABLXWhw\nTWAkaH9YHAAAAERlc2VtYm9jYWR1cmEgZGUgUsOtbyBHcmFuZGVyCQYAAGqRAQAAWBgAAABEZXNl\nbWJvY2FkdXJhLXJpby1ncmFuZGVyCgYAAGqTAQAAaooBAABVCS04My41NzY5N4VScgsGAAB1Ymh7\nankBAABdaHyHUnIMBgAAfXINBgAAKGqJAQAAaooBAABVCDEyLjM0MDk2hVJyDgYAAGqMAQAAaooB\nAABVATCFUnIPBgAAaIFogimBchAGAAB9chEGAABohWiGc2JqVgEAAEtdaHBNYyRof1gQAAAATGFn\ndW5hIGRlIFBlcmxhc3ISBgAAapEBAABYEAAAAExhZ3VuYS1kZS1wZXJsYXNyEwYAAGqTAQAAaooB\nAABVCS04My42NzA1MoVSchQGAAB1Ymh7ankBAABdaHyHUnIVBgAAfXIWBgAAKGqJAQAAaooBAABV\nCDEyLjgyMDg1hVJyFwYAAGqMAQAAaooBAABVATCFUnIYBgAAaIFogimBchkGAAB9choGAABohWiG\nc2JqVgEAAEtdaHBNZCRof1gNAAAARWwgVG9ydHVndWVyb3IbBgAAapEBAABYDQAAAEVsLXRvcnR1\nZ3Vlcm9yHAYAAGqTAQAAaooBAABVCS04NC4xOTkwNoVSch0GAAB1Ymh7ankBAABdaHyHUnIeBgAA\nfXIfBgAAKGqJAQAAaooBAABVCDEyLjE2MDA0hVJyIAYAAGqMAQAAaooBAABVATCFUnIhBgAAaIFo\ngimBciIGAAB9ciMGAABohWiGc2JqVgEAAEtdaHBNaCRof1gEAAAAUmFtYXIkBgAAapEBAABYBAAA\nAHJhbWFyJQYAAGqTAQAAaooBAABVCS04NC4yMTkxM4VSciYGAAB1Ymh7ankBAABdaHyHUnInBgAA\nfXIoBgAAKGqJAQAAaooBAABVCDEyLjQ5NDg2hVJyKQYAAGqMAQAAaooBAABVATCFUnIqBgAAaIFo\ngimBcisGAAB9ciwGAABohWiGc2JqVgEAAEtdaHBNayRof1gIAAAARWwgQXlvdGVyLQYAAGqRAQAA\nWAgAAABFbC1heW90ZXIuBgAAapMBAABqigEAAFUJLTg0LjgxOTQzhVJyLwYAAHViaHtqeQEAAF1o\nfIdScjAGAAB9cjEGAAAoaokBAABqigEAAFUIMTIuMDY3NjSFUnIyBgAAaowBAABqigEAAFUBMIVS\ncjMGAABogWiCKYFyNAYAAH1yNQYAAGiFaIZzYmpWAQAAS11ocE1tJGh/WBQAAABNdWVsbGUgZGUg\nbG9zIEJ1ZXllc3I2BgAAapEBAABYFAAAAE11ZWxsZS1kZS1sb3MtYnVleWVzcjcGAABqkwEAAGqK\nAQAAVQktODQuNTM3NDmFUnI4BgAAdWJoe2p5AQAAXWh8h1JyOQYAAH1yOgYAAChqiQEAAGqKAQAA\nVQgxMi4yNDE2M4VScjsGAABqjAEAAGqKAQAAVQEwhVJyPAYAAGiBaIIpgXI9BgAAfXI+BgAAaIVo\nhnNialYBAABLXWhwTXIkaH9YDAAAAEt1a3JhIC0gSGlsbHI/BgAAapEBAABYCgAAAEt1a3JhLWhp\nbGxyQAYAAGqTAQAAaooBAABVCS04My43NDUzMoVSckEGAAB1Ymh7ankBAABdaHyHUnJCBgAAfXJD\nBgAAKGqJAQAAaooBAABVCDEyLjE4MDE3hVJyRAYAAGqMAQAAaooBAABVATCFUnJFBgAAaIFogimB\nckYGAAB9ckcGAABohWiGc2JqVgEAAEtdaHBNdyRof1gLAAAAQ29ybiBJc2xhbmRySAYAAGqRAQAA\nWAsAAABDb3JuLWlzbGFuZHJJBgAAapMBAABqigEAAFUJLTgzLjA1OTc1hVJySgYAAHViaHtqeQEA\nAF1ofIdScksGAAB9ckwGAAAoaokBAABqigEAAFUIMTIuMDExNDSFUnJNBgAAaowBAABqigEAAFUB\nMIVSck4GAABogWiCKYFyTwYAAH1yUAYAAGiFaIZzYmpWAQAAS11ocE18JGh/WAoAAABCbHVlZmll\nbGRzclEGAABqkQEAAFgKAAAAYmx1ZWZpZWxkc3JSBgAAapMBAABqigEAAFUJLTgzLjc2Mzg4hVJy\nUwYAAHViaHtqeQEAAF1ofIdSclQGAAB9clUGAAAoaokBAABqigEAAFUIMTEuNjg4MjeFUnJWBgAA\naowBAABqigEAAFUBMIVSclcGAABogWiCKYFyWAYAAH1yWQYAAGiFaIZzYmpWAQAAS11ocE2BJGh/\nWAwAAABOdWV2YSBHdWluZWFyWgYAAGqRAQAAWAwAAABOdWV2YS1ndWluZWFyWwYAAGqTAQAAaooB\nAABVCS04NC40NTc5NIVSclwGAAB1Ymh7ankBAABdaHyHUnJdBgAAfXJeBgAAKGqJAQAAaooBAABV\nCDExLjQzODY4hVJyXwYAAGqMAQAAaooBAABVATCFUnJgBgAAaIFogimBcmEGAAB9cmIGAABohWiG\nc2JqVgEAAEtQaHBNRR9of1gEAAAAVG9sYXJjBgAAapEBAABYBAAAAHRvbGFyZAYAAGqTAQAAaooB\nAABVCS04NS45MzkwN4VScmUGAAB1Ymh7ankBAABdaHyHUnJmBgAAfXJnBgAAKGqJAQAAaooBAABV\nCDExLjUwMDgxhVJyaAYAAGqMAQAAaooBAABVATCFUnJpBgAAaIFogimBcmoGAAB9cmsGAABohWiG\nc2JqVgEAAEtQaHBNSh9of1gGAAAAQmVsw6lucmwGAABqkQEAAFgFAAAAYmVsZW5ybQYAAGqTAQAA\naooBAABVCS04NS44OTAxNIVScm4GAAB1Ymh7ankBAABdaHyHUnJvBgAAfXJwBgAAKGqJAQAAaooB\nAABVBzExLjQ5MzKFUnJxBgAAaowBAABqigEAAFUBMIVScnIGAABogWiCKYFycwYAAH1ydAYAAGiF\naIZzYmpWAQAAS1BocE1PH2h/WAcAAABQb3Rvc8OtcnUGAABqkQEAAFgGAAAAcG90b3NpcnYGAABq\nkwEAAGqKAQAAVQktODUuODU3MDmFUnJ3BgAAdWJoe2p5AQAAXWh8h1JyeAYAAH1yeQYAAChqiQEA\nAGqKAQAAVQgxMS40NjkyM4VScnoGAABqjAEAAGqKAQAAVQEwhVJyewYAAGiBaIIpgXJ8BgAAfXJ9\nBgAAaIVohnNialYBAABLUGhwTVQfaH9YDAAAAEJ1ZW5vcyBBaXJlc3J+BgAAapEBAABYDAAAAEJ1\nZW5vcy1haXJlc3J/BgAAapMBAABqigEAAFUJLTg1LjgxNzAxhVJygAYAAHViaHtqeQEAAF1ofIdS\ncoEGAAB9coIGAAAoaokBAABqigEAAFUIMTEuNTM5NDeFUnKDBgAAaowBAABqigEAAFUBMIVScoQG\nAABogWiCKYFyhQYAAH1yhgYAAGiFaIZzYmpWAQAAS1BocE1ZH2h/WAkAAABNb3lvZ2FscGFyhwYA\nAGqRAQAAWAkAAABtb3lvZ2FscGFyiAYAAGqTAQAAaooBAABVCS04NS42OTc0NoVScokGAAB1Ymh7\nankBAABdaHyHUnKKBgAAfXKLBgAAKGqJAQAAaooBAABVCDExLjU2NTQ3hVJyjAYAAGqMAQAAaooB\nAABVATCFUnKNBgAAaIFogimBco4GAAB9co8GAABohWiGc2JqVgEAAEtQaHBNXh9of1gKAAAAQWx0\nYWdyYWNpYXKQBgAAapEBAABYCgAAAGFsdGFncmFjaWFykQYAAGqTAQAAaooBAABVCS04NS41Nzc5\nM4VScpIGAAB1Ymh7ankBAABdaHyHUnKTBgAAfXKUBgAAKGqJAQAAaooBAABVCDExLjQ1NTMyhVJy\nlQYAAGqMAQAAaooBAABVATCFUnKWBgAAaIFogimBcpcGAAB9cpgGAABohWiGc2JqVgEAAEtQaHBN\nYx9of1gJAAAAU2FuIEpvcmdlcpkGAABqkQEAAFgJAAAAU2FuLWpvcmdlcpoGAABqkwEAAGqKAQAA\nVQktODUuODAwNzSFUnKbBgAAdWJoe2p5AQAAXWh8h1JynAYAAH1ynQYAAChqiQEAAGqKAQAAVQgx\nMS40Mzk3NYVScp4GAABqjAEAAGqKAQAAVQEwhVJynwYAAGiBaIIpgXKgBgAAfXKhBgAAaIVohnNi\nalYBAABLUGhwTWgfaH9YBQAAAFJpdmFzcqIGAABqkQEAAFgFAAAAcml2YXNyowYAAGqTAQAAaooB\nAABVCC04NS44Mjg4hVJypAYAAHViaHtqeQEAAF1ofIdScqUGAAB9cqYGAAAoaokBAABqigEAAFUI\nMTEuMjUzODSFUnKnBgAAaowBAABqigEAAFUBMIVScqgGAABogWiCKYFyqQYAAH1yqgYAAGiFaIZz\nYmpWAQAAS1BocE1tH2h/WBAAAABTYW4gSnVhbiBkZWwgU3VycqsGAABqkQEAAFgQAAAAU2FuLWp1\nYW4tZGVsLXN1cnKsBgAAapMBAABqigEAAFUJLTg1Ljg3MTc3hVJyrQYAAHViaHtqeQEAAF1ofIdS\ncq4GAAB9cq8GAAAoaokBAABqigEAAFUIMTEuMTk1MjGFUnKwBgAAaowBAABqigEAAFUBMIVScrEG\nAABogWiCKYFysgYAAH1yswYAAGiFaIZzYmpWAQAAS1BocE1yH2h/WAkAAABDw6FyZGVuYXNytAYA\nAGqRAQAAWAgAAABjYXJkZW5hc3K1BgAAapMBAABqigEAAFUJLTg1LjUwODg2hVJytgYAAHViaHtq\neQEAAF1ofIdScrcGAAB9crgGAAAoaokBAABqigEAAFUHMTEuNjIxM4VScrkGAABqjAEAAGqKAQAA\nVQEwhVJyugYAAGiBaIIpgXK7BgAAfXK8BgAAaIVohnNialYBAABLVWhwTTkhaH9YBwAAAE1vcnJp\ndG9yvQYAAGqRAQAAWAcAAABtb3JyaXRvcr4GAABqkwEAAGqKAQAAVQktODUuMDgxNjmFUnK/BgAA\ndWJoe2p5AQAAXWh8h1JywAYAAH1ywQYAAChqiQEAAGqKAQAAVQgxMS42NzY4NIVScsIGAABqjAEA\nAGqKAQAAVQEwhVJywwYAAGiBaIIpgXLEBgAAfXLFBgAAaIVohnNialYBAABLVWhwTT4haH9YCwAA\nAEVsIEFsbWVuZHJvcsYGAABqkQEAAFgLAAAARWwtYWxtZW5kcm9yxwYAAGqTAQAAaooBAABVCS04\nNC43MDM2MoVScsgGAAB1Ymh7ankBAABdaHyHUnLJBgAAfXLKBgAAKGqJAQAAaooBAABVCDExLjQw\nMTU2hVJyywYAAGqMAQAAaooBAABVATCFUnLMBgAAaIFogimBcs0GAAB9cs4GAABohWiGc2JqVgEA\nAEtVaHBNQyFof1gNAAAAU2FuIE1pZ3VlbGl0b3LPBgAAapEBAABYDQAAAFNhbi1taWd1ZWxpdG9y\n0AYAAGqTAQAAaooBAABVCS04NC45MDAwNYVSctEGAAB1Ymh7ankBAABdaHyHUnLSBgAAfXLTBgAA\nKGqJAQAAaooBAABVCDExLjEyMDg4hVJy1AYAAGqMAQAAaooBAABVATCFUnLVBgAAaIFogimBctYG\nAAB9ctcGAABohWiGc2JqVgEAAEtVaHBNSCFof1gKAAAAU2FuIENhcmxvc3LYBgAAapEBAABYCgAA\nAFNhbi1jYXJsb3Ny2QYAAGqTAQAAaooBAABVCS04NC43NzgzN4VSctoGAAB1Ymh7ankBAABdaHyH\nUnLbBgAAfXLcBgAAKGqJAQAAaooBAABVCDExLjAzOTY5hVJy3QYAAGqMAQAAaooBAABVATCFUnLe\nBgAAaIFogimBct8GAAB9cuAGAABohWiGc2JqVgEAAEtVaHBNTSFof1gLAAAARWwgQ2FzdGlsbG9y\n4QYAAGqRAQAAWAsAAABFbC1jYXN0aWxsb3LiBgAAapMBAABqigEAAFUJLTg0LjQ3Mjk1hVJy4wYA\nAHViaHtqeQEAAF1ofIdScuQGAAB9cuUGAAAoaokBAABqigEAAFUIMTAuOTQ2NzGFUnLmBgAAaowB\nAABqigEAAFUBMIVScucGAABogWiCKYFy6AYAAH1y6QYAAGiFaIZzYmpWAQAAS1VocE1SIWh/WBIA\nAABTYW4gSnVhbiBkZWwgTm9ydGVy6gYAAGqRAQAAWBIAAABTYW4tanVhbi1kZWwtbm9ydGVy6wYA\nAGqTAQAAaooBAABVCS04My43MzQ3OYVScuwGAAB1YmV1YnUuNTI1NzVmMDlhZDkxOTA1MmZkNTk5\nMTZiZTA5OTZlMzA=\n','2010-10-26 19:41:57'),('b66cb04e75cd9967f0939789a6dc85f2','gAJ9cQEoVQRhbmlvcQJYBAAAADIwMTBxA1UNX2F1dGhfdXNlcl9pZHEESwNVB3BlcmlvZG9xBV1x\nBihYAQAAADBYAQAAADFYAQAAADJYAQAAADNlVRJfYXV0aF91c2VyX2JhY2tlbmRxB1UpZGphbmdv\nLmNvbnRyaWIuYXV0aC5iYWNrZW5kcy5Nb2RlbEJhY2tlbmRxCFUMb3JnYW5pemFjaW9ucQljZGph\nbmdvLmRiLm1vZGVscy5xdWVyeQpRdWVyeVNldApxCimBcQt9cQwoVQVfaXRlcnENTlUKX2Zvcl93\ncml0ZXEOiVUOX3N0aWNreV9maWx0ZXJxD4lVBXF1ZXJ5cRBjZGphbmdvLmRiLm1vZGVscy5zcWwu\ncXVlcnkKUXVlcnkKcREpgXESfXETKFUVYWdncmVnYXRlX3NlbGVjdF9tYXNrcRROVRdfYWdncmVn\nYXRlX3NlbGVjdF9jYWNoZXEVTlUFZXh0cmFxFmNkamFuZ28udXRpbHMuZGF0YXN0cnVjdHVyZXMK\nU29ydGVkRGljdApxFymBcRh9cRlVCGtleU9yZGVycRpdcRtzYlUIam9pbl9tYXBxHH1xHShOVRVl\nbmN1ZXN0YV9vcmdhbml6YWNpb25xHk5OdHEfaB6FcSBzVRVyZWxhdGVkX3NlbGVjdF9maWVsZHNx\nIV1xIlUMZXh0cmFfdGFibGVzcSMpVQZzZWxlY3RxJF1xJVULcXVvdGVfY2FjaGVxJn1xJ1UMcmV2\nX2pvaW5fbWFwcSh9cSloHmgfc1UMdXNlZF9hbGlhc2VzcSpjX19idWlsdGluX18Kc2V0CnErXXEs\naB5hhVJxLVUIb3JkZXJfYnlxLl1xL1UIZGlzdGluY3RxMIlVDmR1cGVfYXZvaWRhbmNlcTF9cTJV\nCGdyb3VwX2J5cTNOVQlhbGlhc19tYXBxNH1xNWgeKGgeaB5OTk5OiXRxNnNVDnNlbGVjdF9yZWxh\ndGVkcTeJVRBkZWZlcnJlZF9sb2FkaW5ncThoK12FUnE5iIZxOlUNc2VsZWN0X2ZpZWxkc3E7XXE8\nVRNfZXh0cmFfc2VsZWN0X2NhY2hlcT1OVQltYXhfZGVwdGhxPksFVRFzdGFuZGFyZF9vcmRlcmlu\nZ3E/iFUOZXh0cmFfb3JkZXJfYnlxQClVEGRlZmF1bHRfb3JkZXJpbmdxQYhVBnRhYmxlc3FCXXFD\naB5hVQphZ2dyZWdhdGVzcURoFymBcUV9cUZoGl1xR3NiVRFleHRyYV9zZWxlY3RfbWFza3FITlUI\nbG93X21hcmtxSUsAVQ5hbGlhc19yZWZjb3VudHFKfXFLaB5LAXNVE3JlbGF0ZWRfc2VsZWN0X2Nv\nbHNxTF1xTVUMZGVmYXVsdF9jb2xzcU6IVRBvcmRlcmluZ19hbGlhc2VzcU9dcVBVBmhhdmluZ3FR\nY2RqYW5nby5kYi5tb2RlbHMuc3FsLndoZXJlCldoZXJlTm9kZQpxUimBcVN9cVQoVQljb25uZWN0\nb3JxVVUDQU5EcVZVB25lZ2F0ZWRxV4lVCGNoaWxkcmVucVhdcVlVD3N1YnRyZWVfcGFyZW50c3Fa\nXXFbdWJVGWluY2x1ZGVkX2luaGVyaXRlZF9tb2RlbHNxXH1xXU5oHnNVCXRhYmxlX21hcHFefXFf\naB5dcWBoHmFzVQt3aGVyZV9jbGFzc3FhaFJVBW1vZGVscWJjZmVkLmVuY3Vlc3RhLm1vZGVscwpP\ncmdhbml6YWNpb24KcWNVBXdoZXJlcWRoUimBcWV9cWYoaFVoVmhXiWhYXXFnaFIpgXFofXFpKGhV\naFZoV4loWF1xaihjZGphbmdvLmRiLm1vZGVscy5zcWwud2hlcmUKQ29uc3RyYWludApxaymBcWx9\ncW0oVQVhbGlhc3FuaB5oYmhjVQpmaWVsZF9uYW1lcW9VAmlkcXBVA2NvbHFxaHB1YlUCaW6IXXFy\nKEsBSwJLA0sESwVldHFzYWhaXXF0dWJhaFpdcXV1YlUJaGlnaF9tYXJrcXZOVRBmaWx0ZXJfaXNf\nc3RpY2t5cXeJdWJVA19kYnF4TmhiaGNVDV9yZXN1bHRfY2FjaGVxeV1xeihjZGphbmdvLmRiLm1v\nZGVscy5iYXNlCm1vZGVsX3VucGlja2xlCnF7aGNdY2RqYW5nby5kYi5tb2RlbHMuYmFzZQpzaW1w\nbGVfY2xhc3NfZmFjdG9yeQpxfIdScX19cX4oVQZub21icmVxf1gOAAAAT3JnYW5pemFjaW9uIDFx\ngFUGX3N0YXRlcYFjZGphbmdvLmRiLm1vZGVscy5iYXNlCk1vZGVsU3RhdGUKcYIpgXGDfXGEVQJk\nYnGFVQdkZWZhdWx0cYZzYmhwSwF1Ymh7aGNdaHyHUnGHfXGIKGh/WA4AAABPcmdhbml6YWNpb24g\nMnGJaIFogimBcYp9cYtohWiGc2JocEsCdWJoe2hjXWh8h1JxjH1xjShof1gOAAAAT3JnYW5pemFj\naW9uIDNxjmiBaIIpgXGPfXGQaIVohnNiaHBLA3ViaHtoY11ofIdScZF9cZIoaH9YDgAAAE9yZ2Fu\naXphY2lvbiA0cZNogWiCKYFxlH1xlWiFaIZzYmhwSwR1Ymh7aGNdaHyHUnGWfXGXKGh/WA4AAABP\ncmdhbml6YWNpb24gNnGYaIFogimBcZl9cZpohWiGc2JocEsFdWJldWJVBmFjdGl2b3GbiFUEdG9k\nb3GcY2RqYW5nby5odHRwClF1ZXJ5RGljdApxnSmBcZ4oWAwAAABvcmdhbml6YWNpb25xn1gBAAAA\nNVgHAAAAcGVyaW9kb3GgWAEAAAAzWBMAAABjc3JmbWlkZGxld2FyZXRva2VucaFYIAAAADI5NmE1\nYTAxZGMzOWViY2NhNjYzZGQ2ZGM5MjAyMDk1caJYCQAAAG11bmljaXBpb3GjWAQAAAA4NTMwcaRY\nBAAAAGFuaW9xpWgDdX1xpihVCV9lbmNvZGluZ3GnVQV1dGYtOHGoVQVfZGF0YXGpfXGqKGifXXGr\nKFgBAAAAMVgBAAAAMlgBAAAAM1gBAAAANFgBAAAANWVooF1xrChYAQAAADBYAQAAADFYAQAAADJY\nAQAAADNlaKFdca1oomFoo11xrihYBAAAADUwMDVxr1gEAAAANTAxMHGwWAQAAAA1MDE1cbFYBAAA\nADUwMjBxslgEAAAANTAyNXGzWAQAAAA1MDMwcbRYBAAAADc1MDVxtVgEAAAANzUxMHG2WAQAAAA3\nNTE1cbdYBAAAADc1MjBxuFgEAAAANzUyNXG5WAQAAAA3NTMwcbpYBAAAADc1MzVxu1gEAAAANzU0\nMHG8WAQAAAAzMDA1cb1YBAAAADMwMTBxvlgEAAAAMzAxNXG/WAQAAAAzMDIwccBYBAAAADMwMjVx\nwVgEAAAAMzAzMHHCWAQAAAAzMDM1ccNYBAAAADMwNDBxxFgEAAAAMzA0NXHFWAQAAAAzMDUwccZY\nBAAAADMwNTVxx1gEAAAAMzA2MHHIWAQAAAAzMDY1cclYBAAAADY1MDVxylgEAAAANjUwN3HLWAQA\nAAA2NTEwccxYBAAAADY1MTVxzVgEAAAANjUyMHHOWAQAAAA2NTI1cc9YBAAAADY1MzBx0FgEAAAA\nNjUzNXHRWAQAAAA2NTQwcdJYBAAAADY1NDVx01gEAAAAMjUwNXHUWAQAAAAyNTEwcdVYBAAAADI1\nMTVx1lgEAAAAMjUyMHHXWAQAAAAyNTI1cdhYBAAAADI1MzBx2VgEAAAANzAwNXHaWAQAAAA3MDEw\ncdtYBAAAADcwMTVx3FgEAAAANzAyMHHdWAQAAAAxMDA1cd5YBAAAADEwMTBx31gEAAAAMTAxMnHg\nWAQAAAAxMDE1ceFYBAAAADEwMjBx4lgEAAAAMTAyNXHjWAQAAAAxMDMwceRYBAAAADEwMzVx5VgE\nAAAAMzUwNXHmWAQAAAAzNTEwcedYBAAAADM1MTVx6FgEAAAAMzUyMHHpWAQAAAAzNTI1cepYBAAA\nADM1MzBx61gEAAAAMzUzNXHsWAQAAAAzNTQwce1YBAAAADM1NDVx7lgEAAAAMzU1MHHvWAQAAAAy\nMDA1cfBYBAAAADIwMTBx8VgEAAAAMjAxNXHyWAQAAAAyMDIwcfNYBAAAADIwMjVx9FgEAAAAMjAz\nMHH1WAQAAAAyMDM1cfZYBAAAADIwNDBx91gEAAAAMjA0NXH4WAQAAAA1NTA1cflYBAAAADU1MTBx\n+lgEAAAANTUxNXH7WAQAAAA1NTIwcfxYBAAAADU1MjJx/VgEAAAANTUyNXH+WAQAAAA1NTMwcf9Y\nBAAAADU1MzJyAAEAAFgEAAAANTUzNXIBAQAAWAQAAAA2MDA1cgIBAABYBAAAADYwMTByAwEAAFgE\nAAAANjAxNXIEAQAAWAQAAAA2MDIwcgUBAABYBAAAADYwMjVyBgEAAFgEAAAANjAzMHIHAQAAWAQA\nAAA2MDM1cggBAABYBAAAADYwNDByCQEAAFgEAAAANjA0NXIKAQAAWAQAAAA0MDA1cgsBAABYBAAA\nADQwMTByDAEAAFgEAAAANDAxNXINAQAAWAQAAAA0MDIwcg4BAABYBAAAADQwMjVyDwEAAFgEAAAA\nNDAzMHIQAQAAWAQAAAA0MDM1chEBAABYBAAAADQwNDByEgEAAFgEAAAANDA0NXITAQAAWAQAAAA0\nMDUwchQBAABYBAAAADQwNTVyFQEAAFgEAAAANDA2MHIWAQAAWAQAAAA0MDY1chcBAABYAwAAADUw\nNXIYAQAAWAMAAAA1MTByGQEAAFgDAAAANTE1choBAABYAwAAADUyMHIbAQAAWAMAAAA1MjVyHAEA\nAFgDAAAANTMwch0BAABYAwAAADUzNXIeAQAAWAMAAAA1NDByHwEAAFgDAAAANTQ1ciABAABYAwAA\nADU1MHIhAQAAWAMAAAA1NTVyIgEAAFgDAAAANTYwciMBAABYBAAAADkxMDVyJAEAAFgEAAAAOTEx\nMHIlAQAAWAQAAAA5MTE1ciYBAABYBAAAADkxMjByJwEAAFgEAAAAOTEyNXIoAQAAWAQAAAA5MTI3\ncikBAABYBAAAADkxMzByKgEAAFgEAAAAOTEzNXIrAQAAWAQAAAA5MzA1ciwBAABYBAAAADkzMTBy\nLQEAAFgEAAAAOTMxMnIuAQAAWAQAAAA5MzE1ci8BAABYBAAAADkzMTZyMAEAAFgEAAAAOTMyMHIx\nAQAAWAQAAAA5MzIzcjIBAABYBAAAADkzMjVyMwEAAFgEAAAAOTMzMHI0AQAAWAQAAAA5MzM1cjUB\nAABYBAAAADkzNDByNgEAAFgEAAAAOTM0NXI3AQAAWAQAAAA4MDA1cjgBAABYBAAAADgwMTByOQEA\nAFgEAAAAODAxNXI6AQAAWAQAAAA4MDIwcjsBAABYBAAAADgwMjVyPAEAAFgEAAAAODAzMHI9AQAA\nWAQAAAA4MDM1cj4BAABYBAAAADgwNDByPwEAAFgEAAAAODA0NXJAAQAAWAQAAAA4MDUwckEBAABY\nBAAAADg1MDVyQgEAAFgEAAAAODUxMHJDAQAAWAQAAAA4NTE1ckQBAABYBAAAADg1MjByRQEAAFgE\nAAAAODUyNXJGAQAAaKRlaKVdckcBAABoA2F1VQhfbXV0YWJsZXJIAQAAiXViVQltdW5pY2lwaW9y\nSQEAAGgKKYFySgEAAH1ySwEAAChoDU5oDoloD4loEGgRKYFyTAEAAH1yTQEAAChoFE5oFU5oFmgX\nKYFyTgEAAH1yTwEAAGgaXXJQAQAAc2JoHH1yUQEAACgoTlUPbHVnYXJfbXVuaWNpcGlvclIBAABO\nTnRyUwEAAGpSAQAAhXJUAQAAKGpSAQAAVRJsdWdhcl9kZXBhcnRhbWVudG9yVQEAAFUPZGVwYXJ0\nYW1lbnRvX2lkclYBAABocHRyVwEAAGpVAQAAhXJYAQAAdWghXXJZAQAAaCMpaCRdcloBAABoJn1y\nWwEAAGgofXJcAQAAKGpSAQAAalMBAABqVQEAAGpXAQAAdWgqaCtdcl0BAABqUgEAAGGFUnJeAQAA\naC5dcl8BAABoMIloMX1yYAEAAGgzTmg0fXJhAQAAKGpSAQAAKGpSAQAAalIBAABOTk5OiXRyYgEA\nAGpVAQAAKGpVAQAAalUBAABVCklOTkVSIEpPSU5yYwEAAGpSAQAAalYBAABocIl0cmQBAAB1aDeJ\naDhoK12FUnJlAQAAiIZyZgEAAGg7XXJnAQAAaD1OaD5LBWg/iGhAKWhBiGhCXXJoAQAAKGpSAQAA\nalUBAABlaERoFymBcmkBAAB9cmoBAABoGl1yawEAAHNiaEhOaElLAGhKfXJsAQAAKGpSAQAASwJq\nVQEAAEsCdWhMXXJtAQAAaE6IaE9dcm4BAABoUWhSKYFybwEAAH1ycAEAAChoVWhWaFeJaFhdcnEB\nAABoWl1ycgEAAHViaFx9cnMBAABOalIBAABzaF59cnQBAAAoalIBAABdcnUBAABVAlUwcnYBAABh\nalUBAABdcncBAABVAlUxcngBAABhdWhhaFJoYmNmZWQubHVnYXIubW9kZWxzCk11bmljaXBpbwpy\neQEAAGhkaFIpgXJ6AQAAfXJ7AQAAKGhVaFZoV4loWF1yfAEAAGhSKYFyfQEAAH1yfgEAAChoVWhW\naFeJaFhdcn8BAAAoaGspgXKAAQAAfXKBAQAAKGhualIBAABoYmp5AQAAaG9ocGhxaHB1YlUCaW6I\nXXKCAQAAKE2NE02SE02XE02cE02hE02mE01RHU1WHU1bHU1gHU1lHU1qHU1vHU10HU29C03CC03H\nC03MC03RC03WC03bC03gC03lC03qC03vC030C035C01pGU1rGU1uGU1zGU14GU19GU2CGU2HGU2M\nGU2RGU3JCU3OCU3TCU3YCU3dCU3iCU1dG01iG01nG01sG03tA03yA030A033A038A00BBE0GBE0L\nBE2xDU22DU27DU3ADU3FDU3KDU3PDU3UDU3ZDU3eDU3VB03aB03fB03kB03pB03uB03zB034B039\nB02BFU2GFU2LFU2QFU2SFU2VFU2aFU2cFU2fFU11F016F01/F02EF02JF02OF02TF02YF02dF02l\nD02qD02vD020D025D02+D03DD03ID03ND03SD03XD03cD03hD035AU3+AU0DAk0IAk0NAk0SAk0X\nAk0cAk0hAk0mAk0rAk0wAk2RI02WI02bI02gI02lI02nI02qI02vI01ZJE1eJE1gJE1jJE1kJE1o\nJE1rJE1tJE1yJE13JE18JE2BJE1FH01KH01PH01UH01ZH01eH01jH01oH01tH01yH005IU0+IU1D\nIU1IIU1NIU1SIWV0coMBAABhaFpdcoQBAAB1YmFoWl1yhQEAAHViaHZOaHeJdWJoeE5oYmp5AQAA\naHldcoYBAAAoaHtqeQEAAF1ofIdScocBAAB9cogBAAAoVQdsYXRpdHVkcokBAABjZGVjaW1hbApE\nZWNpbWFsCnKKAQAAVQgxMi41OTc0OIVScosBAABVCWV4dGVuc2lvbnKMAQAAaooBAABVATCFUnKN\nAQAAaIFogimBco4BAAB9co8BAABohWiGc2JqVgEAAEsyaHBNjRNof1gYAAAAU2FuIEpvc8OpIGRl\nIGxvcyBSZW1hdGVzcpABAABVBHNsdWdykQEAAFgXAAAAU2FuLWpvc2UtZGUtbG9zLXJlbWF0ZXNy\nkgEAAFUIbG9uZ2l0dWRykwEAAGqKAQAAVQktODUuNzYyNTOFUnKUAQAAdWJoe2p5AQAAXWh8h1Jy\nlQEAAH1ylgEAAChqiQEAAGqKAQAAVQcxMi40NzE2hVJylwEAAGqMAQAAaooBAABVATCFUnKYAQAA\naIFogimBcpkBAAB9cpoBAABohWiGc2JqVgEAAEsyaHBNkhNof1gFAAAAQm9hY29ymwEAAGqRAQAA\nWAUAAABib2Fjb3KcAQAAapMBAABqigEAAFUJLTg1LjY1OTUyhVJynQEAAHViaHtqeQEAAF1ofIdS\ncp4BAAB9cp8BAAAoaokBAABqigEAAFUIMTIuMzgzNzeFUnKgAQAAaowBAABqigEAAFUBMIVScqEB\nAABogWiCKYFyogEAAH1yowEAAGiFaIZzYmpWAQAASzJocE2XE2h/WAcAAABDYW1vYXBhcqQBAABq\nkQEAAFgHAAAAY2Ftb2FwYXKlAQAAapMBAABqigEAAFUJLTg1LjUxNDY1hVJypgEAAHViaHtqeQEA\nAF1ofIdScqcBAAB9cqgBAAAoaokBAABqigEAAFUIMTIuNTMyMjaFUnKpAQAAaowBAABqigEAAFUB\nMIVScqoBAABogWiCKYFyqwEAAH1yrAEAAGiFaIZzYmpWAQAASzJocE2cE2h/WAwAAABTYW50YSBM\ndWPDrWFyrQEAAGqRAQAAWAsAAABTYW50YS1sdWNpYXKuAQAAapMBAABqigEAAFUJLTg1LjcxMTU2\nhVJyrwEAAHViaHtqeQEAAF1ofIdScrABAAB9crEBAAAoaokBAABqigEAAFUIMTIuNDE5NzmFUnKy\nAQAAaowBAABqigEAAFUBMIVScrMBAABogWiCKYFytAEAAH1ytQEAAGiFaIZzYmpWAQAASzJocE2h\nE2h/WAgAAABUZXVzdGVwZXK2AQAAapEBAABYCAAAAHRldXN0ZXBlcrcBAABqkwEAAGqKAQAAVQkt\nODUuNzk5MjKFUnK4AQAAdWJoe2p5AQAAXWh8h1JyuQEAAH1yugEAAChqiQEAAGqKAQAAVQgxMi4z\nNzc4OYVScrsBAABqjAEAAGqKAQAAVQEwhVJyvAEAAGiBaIIpgXK9AQAAfXK+AQAAaIVohnNialYB\nAABLMmhwTaYTaH9YDAAAAFNhbiAgTG9yZW56b3K/AQAAapEBAABYCwAAAFNhbi1sb3JlbnpvcsAB\nAABqkwEAAGqKAQAAVQktODUuNjY3MTiFUnLBAQAAdWJoe2p5AQAAXWh8h1JywgEAAH1ywwEAAChq\niQEAAGqKAQAAVQgxMS45MDY1MYVScsQBAABqjAEAAGqKAQAAVQEwhVJyxQEAAGiBaIIpgXLGAQAA\nfXLHAQAAaIVohnNialYBAABLS2hwTVEdaH9YCgAAAFNhbiBNYXJjb3NyyAEAAGqRAQAAWAoAAABT\nYW4tbWFyY29zcskBAABqkwEAAGqKAQAAVQktODYuMjAzMTSFUnLKAQAAdWJoe2p5AQAAXWh8h1Jy\nywEAAH1yzAEAAChqiQEAAGqKAQAAVQgxMS44NDgzMYVScs0BAABqjAEAAGqKAQAAVQEwhVJyzgEA\nAGiBaIIpgXLPAQAAfXLQAQAAaIVohnNialYBAABLS2hwTVYdaH9YCAAAAEppbm90ZXBlctEBAABq\nkQEAAFgIAAAAamlub3RlcGVy0gEAAGqTAQAAaooBAABVCS04Ni4xOTg0NoVSctMBAAB1Ymh7ankB\nAABdaHyHUnLUAQAAfXLVAQAAKGqJAQAAaooBAABVCDExLjg1NTY1hVJy1gEAAGqMAQAAaooBAABV\nATCFUnLXAQAAaIFogimBctgBAAB9ctkBAABohWiGc2JqVgEAAEtLaHBNWx1of1gHAAAARG9sb3Jl\nc3LaAQAAapEBAABYBwAAAGRvbG9yZXNy2wEAAGqTAQAAaooBAABVCS04Ni4yMTUzNYVSctwBAAB1\nYmh7ankBAABdaHyHUnLdAQAAfXLeAQAAKGqJAQAAaooBAABVCDExLjg1NTcyhVJy3wEAAGqMAQAA\naooBAABVATCFUnLgAQAAaIFogimBcuEBAAB9cuIBAABohWiGc2JqVgEAAEtLaHBNYB1of1gIAAAA\nRGlyaWFtYmFy4wEAAGqRAQAAWAgAAABkaXJpYW1iYXLkAQAAapMBAABqigEAAFUJLTg2LjI0MDc0\nhVJy5QEAAHViaHtqeQEAAF1ofIdScuYBAAB9cucBAAAoaokBAABqigEAAFUIMTEuODMyMjSFUnLo\nAQAAaowBAABqigEAAFUBMIVScukBAABogWiCKYFy6gEAAH1y6wEAAGiFaIZzYmpWAQAAS0tocE1l\nHWh/WAoAAABFbCBSb3NhcmlvcuwBAABqkQEAAFgKAAAARWwtcm9zYXJpb3LtAQAAapMBAABqigEA\nAFUJLTg2LjE2NDg0hVJy7gEAAHViaHtqeQEAAF1ofIdScu8BAAB9cvABAAAoaokBAABqigEAAFUI\nMTEuODIyMDaFUnLxAQAAaowBAABqigEAAFUBMIVScvIBAABogWiCKYFy8wEAAH1y9AEAAGiFaIZz\nYmpWAQAAS0tocE1qHWh/WBAAAABMYSBQYXogZGUgQ2FyYXpvcvUBAABqkQEAAFgQAAAATGEtcGF6\nLWRlLWNhcmF6b3L2AQAAapMBAABqigEAAFUILTg2LjEyNzWFUnL3AQAAdWJoe2p5AQAAXWh8h1Jy\n+AEAAH1y+QEAAChqiQEAAGqKAQAAVQgxMS44MDI3MoVScvoBAABqjAEAAGqKAQAAVQEwhVJy+wEA\nAGiBaIIpgXL8AQAAfXL9AQAAaIVohnNialYBAABLS2hwTW8daH9YDAAAAFNhbnRhIFRlcmVzYXL+\nAQAAapEBAABYDAAAAFNhbnRhLXRlcmV6YXL/AQAAapMBAABqigEAAFUJLTg2LjE2MjgxhVJyAAIA\nAHViaHtqeQEAAF1ofIdScgECAAB9cgICAAAoaokBAABqigEAAFUIMTEuNzMzMzaFUnIDAgAAaowB\nAABqigEAAFUBMIVScgQCAABogWiCKYFyBQIAAH1yBgIAAGiFaIZzYmpWAQAAS0tocE10HWh/WAwA\nAABMYSBDb25xdWlzdGFyBwIAAGqRAQAAWAwAAABMYS1jb25xdWlzdGFyCAIAAGqTAQAAaooBAABV\nCS04Ni4xOTI5N4VScgkCAAB1Ymh7ankBAABdaHyHUnIKAgAAfXILAgAAKGqJAQAAaooBAABVCDEz\nLjI3NTk2hVJyDAIAAGqMAQAAaooBAABVATCFUnINAgAAaIFogimBcg4CAAB9cg8CAABohWiGc2Jq\nVgEAAEseaHBNvQtof1gTAAAAU2FuIFBlZHJvIGRlbCBOb3J0ZXIQAgAAapEBAABYEwAAAFNhbi1w\nZWRyby1kZWwtbm9ydGVyEQIAAGqTAQAAaooBAABVCS04Ni44Nzc3N4VSchICAAB1Ymh7ankBAABd\naHyHUnITAgAAfXIUAgAAKGqJAQAAaooBAABVCDEzLjIwMDE2hVJyFQIAAGqMAQAAaooBAABVATCF\nUnIWAgAAaIFogimBchcCAAB9chgCAABohWiGc2JqVgEAAEseaHBNwgtof1gXAAAAU2FuIEZyYW5j\naXNjbyBkZWwgTm9ydGVyGQIAAGqRAQAAWBcAAABTYW4tZnJhbmNpc2NvLWRlbC1ub3J0ZXIaAgAA\napMBAABqigEAAFUJLTg2Ljc3MTkyhVJyGwIAAHViaHtqeQEAAF1ofIdSchwCAAB9ch0CAAAoaokB\nAABqigEAAFUIMTMuMjMwMzaFUnIeAgAAaowBAABqigEAAFUBMIVSch8CAABogWiCKYFyIAIAAH1y\nIQIAAGiFaIZzYmpWAQAASx5ocE3HC2h/WAsAAABDaW5jbyBQaW5vc3IiAgAAapEBAABYCwAAAENp\nbmNvLXBpbm9zciMCAABqkwEAAGqKAQAAVQktODYuODY3MTmFUnIkAgAAdWJoe2p5AQAAXWh8h1Jy\nJQIAAH1yJgIAAChqiQEAAGqKAQAAVQgxMy4xODcwMYVScicCAABqjAEAAGqKAQAAVQEwhVJyKAIA\nAGiBaIIpgXIpAgAAfXIqAgAAaIVohnNialYBAABLHmhwTcwLaH9YFgAAAFNhbnRvIFRvbcOhcyBk\nZWwgTm9ydGVyKwIAAGqRAQAAWBUAAABTYW50by10b21hcy1kZWwtbm9ydGVyLAIAAGqTAQAAaooB\nAABVCS04Ni45MjM1MoVSci0CAAB1Ymh7ankBAABdaHyHUnIuAgAAfXIvAgAAKGqJAQAAaooBAABV\nCDEyLjY2MjI4hVJyMAIAAGqMAQAAaooBAABVATCFUnIxAgAAaIFogimBcjICAAB9cjMCAABohWiG\nc2JqVgEAAEseaHBN0Qtof1gIAAAARWwgVmllam9yNAIAAGqRAQAAWAgAAABFbC12aWVqb3I1AgAA\napMBAABqigEAAFUJLTg3LjE2NTQxhVJyNgIAAHViaHtqeQEAAF1ofIdScjcCAAB9cjgCAAAoaokB\nAABqigEAAFUIMTIuNzY3MjGFUnI5AgAAaowBAABqigEAAFUBMIVScjoCAABogWiCKYFyOwIAAH1y\nPAIAAGiFaIZzYmpWAQAASx5ocE3WC2h/WA0AAABQdG8uIE1vcmF6w6Fucj0CAABqkQEAAFgOAAAA\nUHVlcnRvLW1vcmF6YW5yPgIAAGqTAQAAaooBAABVCS04Ny4xMzM4OIVScj8CAAB1Ymh7ankBAABd\naHyHUnJAAgAAfXJBAgAAKGqJAQAAaooBAABVCDEzLjA0NDk1hVJyQgIAAGqMAQAAaooBAABVATCF\nUnJDAgAAaIFogimBckQCAAB9ckUCAABohWiGc2JqVgEAAEseaHBN2wtof1gJAAAAU29tb3RpbGxv\nckYCAABqkQEAAFgJAAAAc29tb3RpbGxvckcCAABqkwEAAGqKAQAAVQktODYuOTA0OTmFUnJIAgAA\ndWJoe2p5AQAAXWh8h1JySQIAAH1ySgIAAChqiQEAAGqKAQAAVQgxMi45NjM5MYVScksCAABqjAEA\nAGqKAQAAVQEwhVJyTAIAAGiBaIIpgXJNAgAAfXJOAgAAaIVohnNialYBAABLHmhwTeALaH9YCgAA\nAFZpbGxhbnVldmFyTwIAAGqRAQAAWAoAAAB2aWxsYW51ZXZhclACAABqkwEAAGqKAQAAVQktODYu\nODE0NjiFUnJRAgAAdWJoe2p5AQAAXWh8h1JyUgIAAH1yUwIAAChqiQEAAGqKAQAAVQgxMi42Mjg3\nMoVSclQCAABqjAEAAGqKAQAAVQEwhVJyVQIAAGiBaIIpgXJWAgAAfXJXAgAAaIVohnNialYBAABL\nHmhwTeULaH9YCgAAAENoaW5hbmRlZ2FyWAIAAGqRAQAAWAoAAABjaGluYW5kZWdhclkCAABqkwEA\nAGqKAQAAVQktODcuMTMxNDmFUnJaAgAAdWJoe2p5AQAAXWh8h1JyWwIAAH1yXAIAAChqiQEAAGqK\nAQAAVQgxMi41NDU1MYVScl0CAABqjAEAAGqKAQAAVQEwhVJyXgIAAGiBaIIpgXJfAgAAfXJgAgAA\naIVohnNialYBAABLHmhwTeoLaH9YCgAAAEVsIFJlYWxlam9yYQIAAGqRAQAAWAoAAABFbC1yZWFs\nZWpvcmICAABqkwEAAGqKAQAAVQktODcuMTY3MzaFUnJjAgAAdWJoe2p5AQAAXWh8h1JyZAIAAH1y\nZQIAAChqiQEAAGqKAQAAVQgxMi40ODQ2MYVScmYCAABqjAEAAGqKAQAAVQEwhVJyZwIAAGiBaIIp\ngXJoAgAAfXJpAgAAaIVohnNialYBAABLHmhwTe8LaH9YBwAAAENvcmludG9yagIAAGqRAQAAWAcA\nAABjb3JpbnRvcmsCAABqkwEAAGqKAQAAVQktODcuMTcxMjKFUnJsAgAAdWJoe2p5AQAAXWh8h1Jy\nbQIAAH1ybgIAAChqiQEAAGqKAQAAVQgxMi41NzIyNIVScm8CAABqjAEAAGqKAQAAVQEwhVJycAIA\nAGiBaIIpgXJxAgAAfXJyAgAAaIVohnNialYBAABLHmhwTfQLaH9YCwAAAENoaWNoaWdhbHBhcnMC\nAABqkQEAAFgLAAAAY2hpY2hpZ2FscGFydAIAAGqTAQAAaooBAABVCS04Ny4wMjg0OYVScnUCAAB1\nYmh7ankBAABdaHyHUnJ2AgAAfXJ3AgAAKGqJAQAAaooBAABVBzEyLjU0NDGFUnJ4AgAAaowBAABq\nigEAAFUBMIVScnkCAABogWiCKYFyegIAAH1yewIAAGiFaIZzYmpWAQAASx5ocE35C2h/WAkAAABQ\nb3NvbHRlZ2FyfAIAAGqRAQAAWAkAAABwb3NvdGVsZ2FyfQIAAGqTAQAAaooBAABVCC04Ni45ODAx\nhVJyfgIAAHViaHtqeQEAAF1ofIdScn8CAAB9coACAAAoaokBAABqigEAAFUHMTIuMjgzNIVScoEC\nAABqjAEAAGqKAQAAVQEwhVJyggIAAGiBaIIpgXKDAgAAfXKEAgAAaIVohnNialYBAABLQWhwTWkZ\naH9YCAAAAENvbWFsYXBhcoUCAABqkQEAAFgIAAAAY29tYWxhcGFyhgIAAGqTAQAAaooBAABVCS04\nNS41MTE0MoVScocCAAB1Ymh7ankBAABdaHyHUnKIAgAAfXKJAgAAKGqJAQAAaooBAABVCDEyLjI2\nNjcxhVJyigIAAGqMAQAAaooBAABVATCFUnKLAgAAaIFogimBcowCAAB9co0CAABohWiGc2JqVgEA\nAEtBaHBNaxlof1gTAAAAU2FuIEZyYW5jaXNjbyBDdWFwYXKOAgAAapEBAABYEwAAAFNhbi1mcmFu\nY2lzY28tY3VhcGFyjwIAAGqTAQAAaooBAABVCS04NS4zODMwOIVScpACAAB1Ymh7ankBAABdaHyH\nUnKRAgAAfXKSAgAAKGqJAQAAaooBAABVBzEyLjEwNTiFUnKTAgAAaowBAABqigEAAFUBMIVScpQC\nAABogWiCKYFylQIAAH1ylgIAAGiFaIZzYmpWAQAAS0FocE1uGWh/WAgAAABKdWlnYWxwYXKXAgAA\napEBAABYCAAAAGp1aWdhbHBhcpgCAABqkwEAAGqKAQAAVQktODUuMzY4NDKFUnKZAgAAdWJoe2p5\nAQAAXWh8h1JymgIAAH1ymwIAAChqiQEAAGqKAQAAVQgxMi4yMTUzOYVScpwCAABqjAEAAGqKAQAA\nVQEwhVJynQIAAGiBaIIpgXKeAgAAfXKfAgAAaIVohnNialYBAABLQWhwTXMZaH9YCwAAAExhIExp\nYmVydGFkcqACAABqkQEAAFgLAAAATGEtbGliZXJ0YWRyoQIAAGqTAQAAaooBAABVCS04NS4xNjU0\nOYVScqICAAB1Ymh7ankBAABdaHyHUnKjAgAAfXKkAgAAKGqJAQAAaooBAABVCDEyLjI2MzAxhVJy\npQIAAGqMAQAAaooBAABVATCFUnKmAgAAaIFogimBcqcCAAB9cqgCAABohWiGc2JqVgEAAEtBaHBN\neBlof1gNAAAAU2FudG8gRG9taW5nb3KpAgAAapEBAABYDQAAAFNhbnRvLWRvbWluZ29yqgIAAGqT\nAQAAaooBAABVCS04NS4wODIzMoVScqsCAAB1Ymh7ankBAABdaHyHUnKsAgAAfXKtAgAAKGqJAQAA\naooBAABVCDEyLjA2OTAyhVJyrgIAAGqMAQAAaooBAABVATCFUnKvAgAAaIFogimBcrACAAB9crEC\nAABohWiGc2JqVgEAAEtBaHBNfRlof1gMAAAAU2FudG8gVG9tw6FzcrICAABqkQEAAFgLAAAAU2Fu\ndG8tdG9tYXNyswIAAGqTAQAAaooBAABVCC04NS4wOTM0hVJytAIAAHViaHtqeQEAAF1ofIdScrUC\nAAB9crYCAAAoaokBAABqigEAAFUIMTIuMTI4NTKFUnK3AgAAaowBAABqigEAAFUBMIVScrgCAABo\ngWiCKYFyuQIAAH1yugIAAGiFaIZzYmpWAQAAS0FocE2CGWh/WBQAAABTYW4gUGVkcm8gZGUgTMOz\ndmFnb3K7AgAAapEBAABYEwAAAFNhbi1wZWRyby1kZS1sb3ZhZ29yvAIAAGqTAQAAaooBAABVCS04\nNS4xMTU3MoVScr0CAAB1Ymh7ankBAABdaHyHUnK+AgAAfXK/AgAAKGqJAQAAaooBAABVCDExLjk2\nNzY0hVJywAIAAGqMAQAAaooBAABVATCFUnLBAgAAaIFogimBcsICAAB9csMCAABohWiGc2JqVgEA\nAEtBaHBNhxlof1gHAAAAQWNveWFwYXLEAgAAapEBAABYBwAAAGFjb3lhcGFyxQIAAGqTAQAAaooB\nAABVCS04NS4xNzA0NIVScsYCAAB1Ymh7ankBAABdaHyHUnLHAgAAfXLIAgAAKGqJAQAAaooBAABV\nCDEyLjA0Nzc5hVJyyQIAAGqMAQAAaooBAABVATCFUnLKAgAAaIFogimBcssCAAB9cswCAABohWiG\nc2JqVgEAAEtBaHBNjBlof1gNAAAAVmlsbGEgU2FuZGlub3LNAgAAapEBAABYDQAAAFZpbGxhLXNh\nbmRpbm9yzgIAAGqTAQAAaooBAABVCS04NC45OTMzNIVScs8CAAB1Ymh7ankBAABdaHyHUnLQAgAA\nfXLRAgAAKGqJAQAAaooBAABVCDExLjkxNTc2hVJy0gIAAGqMAQAAaooBAABVATCFUnLTAgAAaIFo\ngimBctQCAAB9ctUCAABohWiGc2JqVgEAAEtBaHBNkRlof1gIAAAARWwgQ29yYWxy1gIAAGqRAQAA\nWAgAAABFbC1jb3JhbHLXAgAAapMBAABqigEAAFUJLTg0LjY1MDQxhVJy2AIAAHViaHtqeQEAAF1o\nfIdSctkCAAB9ctoCAAAoaokBAABqigEAAFUIMTMuMzc5MzeFUnLbAgAAaowBAABqigEAAFUBMIVS\nctwCAABogWiCKYFy3QIAAH1y3gIAAGiFaIZzYmpWAQAASxlocE3JCWh/WAwAAABQdWVibG8gTnVl\ndm9y3wIAAGqRAQAAWAwAAABQdWVibG8tbnVldm9y4AIAAGqTAQAAaooBAABVCS04Ni40ODA3N4VS\ncuECAAB1Ymh7ankBAABdaHyHUnLiAgAAfXLjAgAAKGqJAQAAaooBAABVCDEzLjM2MjEzhVJy5AIA\nAGqMAQAAaooBAABVATCFUnLlAgAAaIFogimBcuYCAAB9cucCAABohWiGc2JqVgEAAEsZaHBNzglo\nf1gHAAAAQ29uZGVnYXLoAgAAapEBAABYBwAAAGNvbmRlZ2Fy6QIAAGqTAQAAaooBAABVCS04Ni4z\nOTc4OYVScuoCAAB1Ymh7ankBAABdaHyHUnLrAgAAfXLsAgAAKGqJAQAAaooBAABVCDEzLjA4OTQ4\nhVJy7QIAAGqMAQAAaooBAABVATCFUnLuAgAAaIFogimBcu8CAAB9cvACAABohWiGc2JqVgEAAEsZ\naHBN0wlof1gHAAAARXN0ZWzDrXLxAgAAapEBAABYBgAAAGVzdGVsaXLyAgAAapMBAABqigEAAFUJ\nLTg2LjM1NTUxhVJy8wIAAHViaHtqeQEAAF1ofIdScvQCAAB9cvUCAAAoaokBAABqigEAAFUIMTMu\nMTc0ODmFUnL2AgAAaowBAABqigEAAFUBMIVScvcCAABogWiCKYFy+AIAAH1y+QIAAGiFaIZzYmpW\nAQAASxlocE3YCWh/WBEAAABTYW4gSnVhbiBkZSBMaW1heXL6AgAAapEBAABYDQAAAFNhbmp1YW4t\nbGltYXly+wIAAGqTAQAAaooBAABVCS04Ni42MTIzNIVScvwCAAB1Ymh7ankBAABdaHyHUnL9AgAA\nfXL+AgAAKGqJAQAAaooBAABVCDEyLjk2ODIzhVJy/wIAAGqMAQAAaooBAABVATCFUnIAAwAAaIFo\ngimBcgEDAAB9cgIDAABohWiGc2JqVgEAAEsZaHBN3Qlof1gLAAAATGEgVHJpbmlkYWRyAwMAAGqR\nAQAAWAgAAAB0cmluaWRhZHIEAwAAapMBAABqigEAAFUJLTg2LjIzNjA0hVJyBQMAAHViaHtqeQEA\nAF1ofIdScgYDAAB9cgcDAAAoaokBAABqigEAAFUIMTIuOTMzMTKFUnIIAwAAaowBAABqigEAAFUB\nMIVScgkDAABogWiCKYFyCgMAAH1yCwMAAGiFaIZzYmpWAQAASxlocE3iCWh/WAwAAABTYW4gTmlj\nb2zDoXNyDAMAAGqRAQAAWAsAAABTYW4tbmljb2xhc3INAwAAapMBAABqigEAAFUHLTg2LjM0N4VS\ncg4DAAB1Ymh7ankBAABdaHyHUnIPAwAAfXIQAwAAKGqJAQAAaooBAABVCDExLjg4NDE2hVJyEQMA\nAGqMAQAAaooBAABVATCFUnISAwAAaIFogimBchMDAAB9chQDAABohWiGc2JqVgEAAEtGaHBNXRto\nf1gGAAAARGlyacOhchUDAABqkQEAAFgFAAAAZGlyaWFyFgMAAGqTAQAAaooBAABVCS04Ni4wNTU2\nNYVSchcDAAB1Ymh7ankBAABdaHyHUnIYAwAAfXIZAwAAKGqJAQAAaooBAABVCDExLjg3NDk0hVJy\nGgMAAGqMAQAAaooBAABVATCFUnIbAwAAaIFogimBchwDAAB9ch0DAABohWiGc2JqVgEAAEtGaHBN\nYhtof1gHAAAARGlyaW9tb3IeAwAAapEBAABYBwAAAGRpcmlvbW9yHwMAAGqTAQAAaooBAABVCC04\nNi4wNTExhVJyIAMAAHViaHtqeQEAAF1ofIdSciEDAAB9ciIDAAAoaokBAABqigEAAFUIMTEuOTMw\nOTWFUnIjAwAAaowBAABqigEAAFUBMIVSciQDAABogWiCKYFyJQMAAH1yJgMAAGiFaIZzYmpWAQAA\nS0ZocE1nG2h/WAcAAABHcmFuYWRhcicDAABqkQEAAFgHAAAAZ3JhbmFkYXIoAwAAapMBAABqigEA\nAFUJLTg1Ljk1Njk2hVJyKQMAAHViaHtqeQEAAF1ofIdScioDAAB9cisDAAAoaokBAABqigEAAFUH\nMTEuNzU2M4VSciwDAABqjAEAAGqKAQAAVQEwhVJyLQMAAGiBaIIpgXIuAwAAfXIvAwAAaIVohnNi\nalYBAABLRmhwTWwbaH9YCAAAAE5hbmRhaW1lcjADAABqkQEAAFgIAAAAbmFuZGFpbWVyMQMAAGqT\nAQAAaooBAABVCS04Ni4wNTM0NYVScjIDAAB1Ymh7ankBAABdaHyHUnIzAwAAfXI0AwAAKGqJAQAA\naooBAABVBzEzLjYyMTOFUnI1AwAAaowBAABqigEAAFUBMIVScjYDAABogWiCKYFyNwMAAH1yOAMA\nAGiFaIZzYmpWAQAASwpocE3tA2h/WAcAAABXaXdpbMOtcjkDAABqkQEAAFgGAAAAV2l3aWxpcjoD\nAABqkwEAAGqKAQAAVQktODUuODE4NjSFUnI7AwAAdWJoe2p5AQAAXWh8h1JyPAMAAH1yPQMAAChq\niQEAAGqKAQAAVQgxMy4zNjc2NIVScj4DAABqjAEAAGqKAQAAVQEwhVJyPwMAAGiBaIIpgXJAAwAA\nfXJBAwAAaIVohnNialYBAABLCmhwTfIDaH9YBwAAAEVsIEPDumFyQgMAAGqRAQAAWAYAAABFbC1j\ndWFyQwMAAGqTAQAAaooBAABVCC04NS42NzMzhVJyRAMAAHViaHtqeQEAAF1ofIdSckUDAAB9ckYD\nAAAoaokBAABqigEAAFUIMTMuNjE5NzaFUnJHAwAAaowBAABqigEAAFUBMIVSckgDAABogWiCKYFy\nSQMAAH1ySgMAAGiFaIZzYmpWAQAASwpocE30A2h/WA8AAABTYW4gSm9zw6kgQm9jYXlySwMAAGqR\nAQAAWA4AAABTYW4tam9zZS1ib2NheXJMAwAAapMBAABqigEAAFUILTg1LjUwMDiFUnJNAwAAdWJo\ne2p5AQAAXWh8h1JyTgMAAH1yTwMAAChqiQEAAGqKAQAAVQgxMy4zNjY2N4VSclADAABqjAEAAGqK\nAQAAVQEwhVJyUQMAAGiBaIIpgXJSAwAAfXJTAwAAaIVohnNialYBAABLCmhwTfcDaH9YFwAAAFN0\nYS4gTWFyw61hIGRlIFBhbnRhc21hclQDAABqkQEAAFgUAAAAU2FudGEtbWFyaWEtcGFudGFzbWFy\nVQMAAGqTAQAAaooBAABVBi04NS45NYVSclYDAAB1Ymh7ankBAABdaHyHUnJXAwAAfXJYAwAAKGqJ\nAQAAaooBAABVCDEzLjIxMzkxhVJyWQMAAGqMAQAAaooBAABVATCFUnJaAwAAaIFogimBclsDAAB9\nclwDAABohWiGc2JqVgEAAEsKaHBN/ANof1gUAAAAU2FuIFJhZmFlbCBkZWwgTm9ydGVyXQMAAGqR\nAQAAWBQAAABTYW4tcmFmYWVsLWRlbC1ub3J0ZXJeAwAAapMBAABqigEAAFUJLTg2LjExMDQzhVJy\nXwMAAHViaHtqeQEAAF1ofIdScmADAAB9cmEDAAAoaokBAABqigEAAFUGMTMuMzA1hVJyYgMAAGqM\nAQAAaooBAABVATCFUnJjAwAAaIFogimBcmQDAAB9cmUDAABohWiGc2JqVgEAAEsKaHBNAQRof1gW\nAAAAU2FuIFNlYmFzdGlhbiBkZSBZYWzDrXJmAwAAapEBAABYBAAAAHlhbGlyZwMAAGqTAQAAaooB\nAABVCS04Ni4xODYzNoVScmgDAAB1Ymh7ankBAABdaHyHUnJpAwAAfXJqAwAAKGqJAQAAaooBAABV\nCDEzLjE5NTM1hVJyawMAAGqMAQAAaooBAABVATCFUnJsAwAAaIFogimBcm0DAAB9cm4DAABohWiG\nc2JqVgEAAEsKaHBNBgRof1gMAAAATGEgQ29uY29yZGlhcm8DAABqkQEAAFgMAAAATGEtY29uY29y\nZGlhcnADAABqkwEAAGqKAQAAVQktODYuMTY2OTOFUnJxAwAAdWJoe2p5AQAAXWh8h1JycgMAAH1y\ncwMAAChqiQEAAGqKAQAAVQgxMy4wOTE2NYVScnQDAABqjAEAAGqKAQAAVQEwhVJydQMAAGiBaIIp\ngXJ2AwAAfXJ3AwAAaIVohnNialYBAABLCmhwTQsEaH9YCAAAAEppbm90ZWdhcngDAABqkQEAAFgI\nAAAAamlub3RlZ2FyeQMAAGqTAQAAaooBAABVCS04Ni4wMDEyMYVScnoDAAB1Ymh7ankBAABdaHyH\nUnJ7AwAAfXJ8AwAAKGqJAQAAaooBAABVCDEzLjA1NDMzhVJyfQMAAGqMAQAAaooBAABVATCFUnJ+\nAwAAaIFogimBcn8DAAB9coADAABohWiGc2JqVgEAAEsjaHBNsQ1of1gHAAAAQWNodWFwYXKBAwAA\napEBAABYBwAAAGFjaHVhcGFyggMAAGqTAQAAaooBAABVCC04Ni41OTA3hVJygwMAAHViaHtqeQEA\nAF1ofIdScoQDAAB9coUDAAAoaokBAABqigEAAFUIMTIuODg2OTSFUnKGAwAAaowBAABqigEAAFUB\nMIVScocDAABogWiCKYFyiAMAAH1yiQMAAGiFaIZzYmpWAQAASyNocE22DWh/WAgAAABFbCBTYXVj\nZXKKAwAAapEBAABYCAAAAEVsLXNhdWNlcosDAABqkwEAAGqKAQAAVQktODYuNTM5NTKFUnKMAwAA\ndWJoe2p5AQAAXWh8h1JyjQMAAH1yjgMAAChqiQEAAGqKAQAAVQgxMi44MDE0MoVSco8DAABqjAEA\nAGqKAQAAVQEwhVJykAMAAGiBaIIpgXKRAwAAfXKSAwAAaIVohnNialYBAABLI2hwTbsNaH9YFQAA\nAFNhbnRhIFJvc2EgZGVsIFBlw7FvbnKTAwAAapEBAABYFAAAAFNhbnRhLXJvc2EtZGVsLXBlbm9u\ncpQDAABqkwEAAGqKAQAAVQktODYuMzcxNDSFUnKVAwAAdWJoe2p5AQAAXWh8h1JylgMAAH1ylwMA\nAChqiQEAAGqKAQAAVQgxMi43MjY3MoVScpgDAABqjAEAAGqKAQAAVQEwhVJymQMAAGiBaIIpgXKa\nAwAAfXKbAwAAaIVohnNialYBAABLI2hwTcANaH9YCgAAAEVsIEppY2FyYWxynAMAAGqRAQAAWAoA\nAABFbC1qaWNhcmFscp0DAABqkwEAAGqKAQAAVQktODYuMzgxMzSFUnKeAwAAdWJoe2p5AQAAXWh8\nh1JynwMAAH1yoAMAAChqiQEAAGqKAQAAVQgxMi41OTMxMYVScqEDAABqjAEAAGqKAQAAVQEwhVJy\nogMAAGiBaIIpgXKjAwAAfXKkAwAAaIVohnNialYBAABLI2hwTcUNaH9YCgAAAExhcnJleW5hZ2Fy\npQMAAGqRAQAAWAoAAABsYXJyZXluYWdhcqYDAABqkwEAAGqKAQAAVQktODYuNjgwMTWFUnKnAwAA\ndWJoe2p5AQAAXWh8h1JyqAMAAH1yqQMAAChqiQEAAGqKAQAAVQgxMi41MjE1MoVScqoDAABqjAEA\nAGqKAQAAVQEwhVJyqwMAAGiBaIIpgXKsAwAAfXKtAwAAaIVohnNialYBAABLI2hwTcoNaH9YBgAA\nAFRlbGljYXKuAwAAapEBAABYBgAAAHRlbGljYXKvAwAAapMBAABqigEAAFUILTg2Ljg2MDOFUnKw\nAwAAdWJoe2p5AQAAXWh8h1JysQMAAH1ysgMAAChqiQEAAGqKAQAAVQgxMi41MDYxNIVScrMDAABq\njAEAAGqKAQAAVQEwhVJytAMAAGiBaIIpgXK1AwAAfXK2AwAAaIVohnNialYBAABLI2hwTc8NaH9Y\nDAAAAFF1ZXphbGd1YXF1ZXK3AwAAapEBAABYDAAAAHF1ZXphbGd1YXF1ZXK4AwAAapMBAABqigEA\nAFUJLTg2LjkwMzY2hVJyuQMAAHViaHtqeQEAAF1ofIdScroDAAB9crsDAAAoaokBAABqigEAAFUI\nMTIuNDM0ODGFUnK8AwAAaowBAABqigEAAFUBMIVScr0DAABogWiCKYFyvgMAAH1yvwMAAGiFaIZz\nYmpWAQAASyNocE3UDWh/WAUAAABMZcOzbnLAAwAAapEBAABYBAAAAGxlb25ywQMAAGqTAQAAaooB\nAABVCS04Ni44ODE3NIVScsIDAAB1Ymh7ankBAABdaHyHUnLDAwAAfXLEAwAAKGqJAQAAaooBAABV\nCDEyLjM0MDExhVJyxQMAAGqMAQAAaooBAABVATCFUnLGAwAAaIFogimBcscDAAB9csgDAABohWiG\nc2JqVgEAAEsjaHBN2Q1of1gNAAAATGEgUGF6IENlbnRyb3LJAwAAapEBAABYDQAAAExhLXBhei1j\nZW50cm9yygMAAGqTAQAAaooBAABVCS04Ni42NzYyNYVScssDAAB1Ymh7ankBAABdaHyHUnLMAwAA\nfXLNAwAAKGqJAQAAaooBAABVCDEyLjI2NTMxhVJyzgMAAGqMAQAAaooBAABVATCFUnLPAwAAaIFo\ngimBctADAAB9ctEDAABohWiGc2JqVgEAAEsjaHBN3g1of1gIAAAATmFnYXJvdGVy0gMAAGqRAQAA\nWAgAAABuYWdhcm90ZXLTAwAAapMBAABqigEAAFUJLTg2LjU2ODEyhVJy1AMAAHViaHtqeQEAAF1o\nfIdSctUDAAB9ctYDAAAoaokBAABqigEAAFUIMTMuNDgxMjmFUnLXAwAAaowBAABqigEAAFUBMIVS\nctgDAABogWiCKYFy2QMAAH1y2gMAAGiFaIZzYmpWAQAASxRocE3VB2h/WAYAAABTb21vdG9y2wMA\nAGqRAQAAWAYAAABzb21vdG9y3AMAAGqTAQAAaooBAABVCS04Ni41ODMzN4VSct0DAAB1Ymh7ankB\nAABdaHyHUnLeAwAAfXLfAwAAKGqJAQAAaooBAABVCDEzLjU2MzM2hVJy4AMAAGqMAQAAaooBAABV\nATCFUnLhAwAAaIFogimBcuIDAAB9cuMDAABohWiGc2JqVgEAAEsUaHBN2gdof1gJAAAAVG90b2dh\nbHBhcuQDAABqkQEAAFgJAAAAdG90b2dhbHBhcuUDAABqkwEAAGqKAQAAVQktODYuNDkyODGFUnLm\nAwAAdWJoe2p5AQAAXWh8h1Jy5wMAAH1y6AMAAChqiQEAAGqKAQAAVQgxMy41MzEzMYVScukDAABq\njAEAAGqKAQAAVQEwhVJy6gMAAGiBaIIpgXLrAwAAfXLsAwAAaIVohnNialYBAABLFGhwTd8HaH9Y\nCQAAAFRlbHBhbmVjYXLtAwAAapEBAABYCQAAAHRlbHBhbmVjYXLuAwAAapMBAABqigEAAFUJLTg2\nLjI4NjkzhVJy7wMAAHViaHtqeQEAAF1ofIdScvADAAB9cvEDAAAoaokBAABqigEAAFUIMTMuNTQ0\nNTiFUnLyAwAAaowBAABqigEAAFUBMIVScvMDAABogWiCKYFy9AMAAH1y9QMAAGiFaIZzYmpWAQAA\nSxRocE3kB2h/WBUAAABTYW4gSnVhbiBkZSBSw61vIENvY29y9gMAAGqRAQAAWBEAAABTYW4tanVh\nbi1yaW8tY29jb3L3AwAAapMBAABqigEAAFUJLTg2LjE2NTM3hVJy+AMAAHViaHtqeQEAAF1ofIdS\ncvkDAAB9cvoDAAAoaokBAABqigEAAFUIMTMuNDU1OTeFUnL7AwAAaowBAABqigEAAFUBMIVScvwD\nAABogWiCKYFy/QMAAH1y/gMAAGiFaIZzYmpWAQAASxRocE3pB2h/WAsAAABQYWxhY2FndWluYXL/\nAwAAapEBAABYCwAAAHBhbGFjYWd1aW5hcgAEAABqkwEAAGqKAQAAVQgtODYuNDA3MYVScgEEAAB1\nYmh7ankBAABdaHyHUnICBAAAfXIDBAAAKGqJAQAAaooBAABVCDEzLjQ4MzUxhVJyBAQAAGqMAQAA\naooBAABVATCFUnIFBAAAaIFogimBcgYEAAB9cgcEAABohWiGc2JqVgEAAEsUaHBN7gdof1gJAAAA\nWWFsYWd1aW5hcggEAABqkQEAAFgJAAAAeWFsYWd1aW5hcgkEAABqkwEAAGqKAQAAVQktODYuNDkz\nNDSFUnIKBAAAdWJoe2p5AQAAXWh8h1JyCwQAAH1yDAQAAChqiQEAAGqKAQAAVQgxMy40MTM1OIVS\ncg0EAABqjAEAAGqKAQAAVQEwhVJyDgQAAGiBaIIpgXIPBAAAfXIQBAAAaIVohnNialYBAABLFGhw\nTfMHaH9YCQAAAFNhbiBMdWNhc3IRBAAAapEBAABYCQAAAFNhbi1sdWNhc3ISBAAAapMBAABqigEA\nAFUJLTg2LjYxMTc2hVJyEwQAAHViaHtqeQEAAF1ofIdSchQEAAB9chUEAAAoaokBAABqigEAAFUI\nMTMuMzQzMjSFUnIWBAAAaowBAABqigEAAFUBMIVSchcEAABogWiCKYFyGAQAAH1yGQQAAGiFaIZz\nYmpWAQAASxRocE34B2h/WAsAAABMYXMgU2FiYW5hc3IaBAAAapEBAABYCwAAAExhcy1zYWJhbmFz\nchsEAABqkwEAAGqKAQAAVQktODYuNjIxOTSFUnIcBAAAdWJoe2p5AQAAXWh8h1JyHQQAAH1yHgQA\nAChqiQEAAGqKAQAAVQgxMy4yODg0N4VSch8EAABqjAEAAGqKAQAAVQEwhVJyIAQAAGiBaIIpgXIh\nBAAAfXIiBAAAaIVohnNialYBAABLFGhwTf0HaH9YFAAAAFNhbiBKb3PDqSBkZSBDdXNtYXBhciME\nAABqkQEAAFgQAAAAU2FuLWpvc2UtY3VzbWFwYXIkBAAAapMBAABqigEAAFUJLTg2LjY1NDg5hVJy\nJQQAAHViaHtqeQEAAF1ofIdSciYEAAB9cicEAAAoaokBAABqigEAAFUIMTIuNTA0NTiFUnIoBAAA\naowBAABqigEAAFUBMIVScikEAABogWiCKYFyKgQAAH1yKwQAAGiFaIZzYmpWAQAASzdocE2BFWh/\nWBMAAABTYW4gRnJhbmNpc2NvIExpYnJlciwEAABqkQEAAFgTAAAAU2FuLWZyYW5jaXNjby1saWJy\nZXItBAAAapMBAABqigEAAFUJLTg2LjMwMTA1hVJyLgQAAHViaHtqeQEAAF1ofIdSci8EAAB9cjAE\nAAAoaokBAABqigEAAFUIMTIuMTk2NjKFUnIxBAAAaowBAABqigEAAFUBMIVScjIEAABogWiCKYFy\nMwQAAH1yNAQAAGiFaIZzYmpWAQAASzdocE2GFWh/WAgAAABUaXBpdGFwYXI1BAAAapEBAABYCAAA\nAHRpcGl0YXBhcjYEAABqkwEAAGqKAQAAVQktODYuMDk2ODKFUnI3BAAAdWJoe2p5AQAAXWh8h1Jy\nOAQAAH1yOQQAAChqiQEAAGqKAQAAVQgxMi4yMzUzNoVScjoEAABqjAEAAGqKAQAAVQEwhVJyOwQA\nAGiBaIIpgXI8BAAAfXI9BAAAaIVohnNialYBAABLN2hwTYsVaH9YBwAAAE1hdGVhcmVyPgQAAGqR\nAQAAWAcAAABtYXRlYXJlcj8EAABqkwEAAGqKAQAAVQktODYuNDMwMTOFUnJABAAAdWJoe2p5AQAA\nXWh8h1JyQQQAAH1yQgQAAChqiQEAAGqKAQAAVQgxMS45NzkyNIVSckMEAABqjAEAAGqKAQAAVQEw\nhVJyRAQAAGiBaIIpgXJFBAAAfXJGBAAAaIVohnNialYBAABLN2hwTZAVaH9YFAAAAFZpbGxhIENh\ncmxvcyBGb25zZWNhckcEAABqkQEAAFgUAAAAVmlsbGEtY2FybG9zLWZvbnNlY2FySAQAAGqTAQAA\naooBAABVCS04Ni41MDgwOYVSckkEAAB1Ymh7ankBAABdaHyHUnJKBAAAfXJLBAAAKGqJAQAAaooB\nAABVCDEyLjE2MDgyhVJyTAQAAGqMAQAAaooBAABVATCFUnJNBAAAaIFogimBck4EAAB9ck8EAABo\nhWiGc2JqVgEAAEs3aHBNkhVof1gOAAAAQ2l1ZGFkIFNhbmRpbm9yUAQAAGqRAQAAWA4AAABDaXVk\nYWQtc2FuZGlub3JRBAAAapMBAABqigEAAFUJLTg2LjM1MDA0hVJyUgQAAHViaHtqeQEAAF1ofIdS\nclMEAAB9clQEAAAoaokBAABqigEAAFUIMTIuMTQ3NDaFUnJVBAAAaowBAABqigEAAFUBMIVSclYE\nAABogWiCKYFyVwQAAH1yWAQAAGiFaIZzYmpWAQAASzdocE2VFWh/WAcAAABNYW5hZ3VhclkEAABq\nkQEAAFgHAAAAbWFuYWd1YXJaBAAAapMBAABqigEAAFUJLTg2LjI3MzM5hVJyWwQAAHViaHtqeQEA\nAF1ofIdSclwEAAB9cl0EAAAoaokBAABqigEAAFUIMTIuMDIxMjWFUnJeBAAAaowBAABqigEAAFUB\nMIVScl8EAABogWiCKYFyYAQAAH1yYQQAAGiFaIZzYmpWAQAASzdocE2aFWh/WAoAAABUaWN1YW50\nZXBlcmIEAABqkQEAAFgKAAAAdGljdWFudGVwZXJjBAAAapMBAABqigEAAFUJLTg2LjIwMjg4hVJy\nZAQAAHViaHtqeQEAAF1ofIdScmUEAAB9cmYEAAAoaokBAABqigEAAFUIMTEuOTc4NjWFUnJnBAAA\naowBAABqigEAAFUBMIVScmgEAABogWiCKYFyaQQAAH1yagQAAGiFaIZzYmpWAQAASzdocE2cFWh/\nWAoAAABFbCBDcnVjZXJvcmsEAABqkQEAAFgKAAAARWwtY3J1Y2Vyb3JsBAAAapMBAABqigEAAFUJ\nLTg2LjMxMDc2hVJybQQAAHViaHtqeQEAAF1ofIdScm4EAAB9cm8EAAAoaokBAABqigEAAFUIMTEu\nODQ2ODGFUnJwBAAAaowBAABqigEAAFUBMIVScnEEAABogWiCKYFycgQAAH1ycwQAAGiFaIZzYmpW\nAQAASzdocE2fFWh/WBIAAABTYW4gUmFmYWVsIGRlbCBTdXJydAQAAGqRAQAAWBIAAABTYW4tcmFm\nYWVsLWRlbC1zdXJydQQAAGqTAQAAaooBAABVCS04Ni40Mzk3N4VScnYEAAB1Ymh7ankBAABdaHyH\nUnJ3BAAAfXJ4BAAAKGqJAQAAaooBAABVCDEyLjAwMjQzhVJyeQQAAGqMAQAAaooBAABVATCFUnJ6\nBAAAaIFogimBcnsEAAB9cnwEAABohWiGc2JqVgEAAEs8aHBNdRdof1gIAAAATmluZGlyw61yfQQA\nAGqRAQAAWAcAAABuaW5kaXJpcn4EAABqkwEAAGqKAQAAVQktODYuMTIwNjeFUnJ/BAAAdWJoe2p5\nAQAAXWh8h1JygAQAAH1ygQQAAChqiQEAAGqKAQAAVQgxMS45NzczNYVScoIEAABqjAEAAGqKAQAA\nVQEwhVJygwQAAGiBaIIpgXKEBAAAfXKFBAAAaIVohnNialYBAABLPGhwTXoXaH9YBgAAAE1hc2F5\nYXKGBAAAapEBAABYBgAAAG1hc2F5YXKHBAAAapMBAABqigEAAFUJLTg2LjA5NjA2hVJyiAQAAHVi\naHtqeQEAAF1ofIdScokEAAB9cooEAAAoaokBAABqigEAAFUIMTIuMDgxMzOFUnKLBAAAaowBAABq\nigEAAFUBMIVScowEAABogWiCKYFyjQQAAH1yjgQAAGiFaIZzYmpWAQAASzxocE1/F2h/WAUAAABU\naXNtYXKPBAAAapEBAABYBQAAAHRpc21hcpAEAABqkwEAAGqKAQAAVQktODYuMDE5MjGFUnKRBAAA\ndWJoe2p5AQAAXWh8h1JykgQAAH1ykwQAAChqiQEAAGqKAQAAVQgxMS45MzYxNYVScpQEAABqjAEA\nAGqKAQAAVQEwhVJylQQAAGiBaIIpgXKWBAAAfXKXBAAAaIVohnNialYBAABLPGhwTYQXaH9YDgAA\nAExhIENvbmNlcGNpw7NucpgEAABqkQEAAFgNAAAATGEtY29uY2VwY2lvbnKZBAAAapMBAABqigEA\nAFUILTg2LjE5MjKFUnKaBAAAdWJoe2p5AQAAXWh8h1JymwQAAH1ynAQAAChqiQEAAGqKAQAAVQgx\nMS45MTM0NIVScp0EAABqjAEAAGqKAQAAVQEwhVJyngQAAGiBaIIpgXKfBAAAfXKgBAAAaIVohnNi\nalYBAABLPGhwTYkXaH9YCAAAAE1hc2F0ZXBlcqEEAABqkQEAAFgIAAAAbWFzYXRlcGVyogQAAGqT\nAQAAaooBAABVCS04Ni4xNDQ3NYVScqMEAAB1Ymh7ankBAABdaHyHUnKkBAAAfXKlBAAAKGqJAQAA\naooBAABVCDExLjkwOTMzhVJypgQAAGqMAQAAaooBAABVATCFUnKnBAAAaIFogimBcqgEAAB9cqkE\nAABohWiGc2JqVgEAAEs8aHBNjhdof1gIAAAATmFuZGFzbW9yqgQAAGqRAQAAWAgAAABuYW5kYXNt\nb3KrBAAAapMBAABqigEAAFUJLTg2LjEzMDU1hVJyrAQAAHViaHtqeQEAAF1ofIdScq0EAAB9cq4E\nAAAoaokBAABqigEAAFUIMTEuOTEwNziFUnKvBAAAaowBAABqigEAAFUBMIVScrAEAABogWiCKYFy\nsQQAAH1ysgQAAGiFaIZzYmpWAQAASzxocE2TF2h/WAgAAABDYXRhcmluYXKzBAAAapEBAABYCAAA\nAGNhdGFyaW5hcrQEAABqkwEAAGqKAQAAVQktODYuMDc0MDeFUnK1BAAAdWJoe2p5AQAAXWh8h1Jy\ntgQAAH1ytwQAAChqiQEAAGqKAQAAVQgxMS45MDQ3OYVScrgEAABqjAEAAGqKAQAAVQEwhVJyuQQA\nAGiBaIIpgXK6BAAAfXK7BAAAaIVohnNialYBAABLPGhwTZgXaH9YEwAAAFNhbiBKdWFuIGRlIE9y\naWVudGVyvAQAAGqRAQAAWBMAAABTYW4tanVhbi1kZS1vcmllbnRlcr0EAABqkwEAAGqKAQAAVQkt\nODYuMDczMTGFUnK+BAAAdWJoe2p5AQAAXWh8h1JyvwQAAH1ywAQAAChqiQEAAGqKAQAAVQgxMS45\nMDQwOIVScsEEAABqjAEAAGqKAQAAVQEwhVJywgQAAGiBaIIpgXLDBAAAfXLEBAAAaIVohnNialYB\nAABLPGhwTZ0XaH9YCwAAAE5pcXVpbm9ob21vcsUEAABqkQEAAFgJAAAAbmlxdWlub21vcsYEAABq\nkwEAAGqKAQAAVQktODYuMDk0NzKFUnLHBAAAdWJoe2p5AQAAXWh8h1JyyAQAAH1yyQQAAChqiQEA\nAGqKAQAAVQgxMy4yNTM1MoVScsoEAABqjAEAAGqKAQAAVQEwhVJyywQAAGiBaIIpgXLMBAAAfXLN\nBAAAaIVohnNialYBAABLKGhwTaUPaH9YDQAAAFJhbmNobyBHcmFuZGVyzgQAAGqRAQAAWA0AAABS\nYW5jaG8tZ3JhbmRlcs8EAABqkwEAAGqKAQAAVQktODUuNTUyNjiFUnLQBAAAdWJoe2p5AQAAXWh8\nh1Jy0QQAAH1y0gQAAChqiQEAAGqKAQAAVQgxMi45MzA0NIVSctMEAABqjAEAAGqKAQAAVQEwhVJy\n1AQAAGiBaIIpgXLVBAAAfXLWBAAAaIVohnNialYBAABLKGhwTaoPaH9YDQAAAFLDrcKtbyBCbGFu\nY29y1wQAAGqRAQAAWAoAAABSaW8tYmxhbmNvctgEAABqkwEAAGqKAQAAVQgtODUuMjI2MYVSctkE\nAAB1Ymh7ankBAABdaHyHUnLaBAAAfXLbBAAAKGqJAQAAaooBAABVCDEzLjEzNzM1hVJy3AQAAGqM\nAQAAaooBAABVATCFUnLdBAAAaIFogimBct4EAAB9ct8EAABohWiGc2JqVgEAAEsoaHBNrw9of1gS\nAAAARWwgVHVtYSAtIExhIERhbGlhcuAEAABqkQEAAFgHAAAARWwtdHVtYXLhBAAAapMBAABqigEA\nAFUJLTg1LjczNzg4hVJy4gQAAHViaHtqeQEAAF1ofIdScuMEAAB9cuQEAAAoaokBAABqigEAAFUI\nMTIuOTI5MzeFUnLlBAAAaowBAABqigEAAFUBMIVScuYEAABogWiCKYFy5wQAAH1y6AQAAGiFaIZz\nYmpWAQAASyhocE20D2h/WAoAAABTYW4gSXNpZHJvcukEAABqkQEAAFgKAAAAU2FuLWlzaWRyb3Lq\nBAAAapMBAABqigEAAFUILTg2LjE5NTWFUnLrBAAAdWJoe2p5AQAAXWh8h1Jy7AQAAH1y7QQAAChq\niQEAAGqKAQAAVQcxMi44NTE5hVJy7gQAAGqMAQAAaooBAABVATCFUnLvBAAAaIFogimBcvAEAAB9\ncvEEAABohWiGc2JqVgEAAEsoaHBNuQ9of1gHAAAAU8OpYmFjb3LyBAAAapEBAABYBgAAAHNlYmFj\nb3LzBAAAapMBAABqigEAAFUJLTg2LjA5Njk2hVJy9AQAAHViaHtqeQEAAF1ofIdScvUEAAB9cvYE\nAAAoaokBAABqigEAAFUIMTIuOTI3MDmFUnL3BAAAaowBAABqigEAAFUBMIVScvgEAABogWiCKYFy\n+QQAAH1y+gQAAGiFaIZzYmpWAQAASyhocE2+D2h/WAkAAABNYXRhZ2FscGFy+wQAAGqRAQAAWAkA\nAABtYXRhZ2FscGFy/AQAAGqTAQAAaooBAABVCS04NS45MTc0N4VScv0EAAB1Ymh7ankBAABdaHyH\nUnL+BAAAfXL/BAAAKGqJAQAAaooBAABVCDEyLjkyMjU0hVJyAAUAAGqMAQAAaooBAABVATCFUnIB\nBQAAaIFogimBcgIFAAB9cgMFAABohWiGc2JqVgEAAEsoaHBNww9of1gKAAAAU2FuIFJhbcOzbnIE\nBQAAapEBAABYCQAAAFNhbi1yYW1vbnIFBQAAapMBAABqigEAAFUJLTg1LjgzOTY4hVJyBgUAAHVi\naHtqeQEAAF1ofIdScgcFAAB9cggFAAAoaokBAABqigEAAFUHMTIuODM3MYVScgkFAABqjAEAAGqK\nAQAAVQEwhVJyCgUAAGiBaIIpgXILBQAAfXIMBQAAaIVohnNialYBAABLKGhwTcgPaH9YCQAAAE1h\ndGlndcOhc3INBQAAapEBAABYCAAAAG1hdGlndWFzcg4FAABqkwEAAGqKAQAAVQktODUuNDYwNzmF\nUnIPBQAAdWJoe2p5AQAAXWh8h1JyEAUAAH1yEQUAAChqiQEAAGqKAQAAVQgxMi43NjEyNYVSchIF\nAABqjAEAAGqKAQAAVQEwhVJyEwUAAGiBaIIpgXIUBQAAfXIVBQAAaIVohnNialYBAABLKGhwTc0P\naH9YBwAAAE11eSBNdXlyFgUAAGqRAQAAWAYAAABtdXltdXlyFwUAAGqTAQAAaooBAABVCS04NS42\nMzEyM4VSchgFAAB1Ymh7ankBAABdaHyHUnIZBQAAfXIaBQAAKGqJAQAAaooBAABVCDEyLjY2NDQ2\nhVJyGwUAAGqMAQAAaooBAABVATCFUnIcBQAAaIFogimBch0FAAB9ch4FAABohWiGc2JqVgEAAEso\naHBN0g9of1gKAAAARXNxdWlwdWxhc3IfBQAAapEBAABYCgAAAGVzcXVpcHVsYXNyIAUAAGqTAQAA\naooBAABVCS04NS43ODkwOYVSciEFAAB1Ymh7ankBAABdaHyHUnIiBQAAfXIjBQAAKGqJAQAAaooB\nAABVBzEyLjc2MTmFUnIkBQAAaowBAABqigEAAFUBMIVSciUFAABogWiCKYFyJgUAAH1yJwUAAGiF\naIZzYmpWAQAASyhocE3XD2h/WAwAAABTYW4gRGlvbmlzaW9yKAUAAGqRAQAAWAwAAABTYW4tZGlv\nbmlzaW9yKQUAAGqTAQAAaooBAABVCS04NS44NTA5MYVScioFAAB1Ymh7ankBAABdaHyHUnIrBQAA\nfXIsBQAAKGqJAQAAaooBAABVCDEyLjczMDA5hVJyLQUAAGqMAQAAaooBAABVATCFUnIuBQAAaIFo\ngimBci8FAAB9cjAFAABohWiGc2JqVgEAAEsoaHBN3A9of1gJAAAAVGVycmFib25hcjEFAABqkQEA\nAFgJAAAAdGVycmFib25hcjIFAABqkwEAAGqKAQAAVQktODUuOTY0ODeFUnIzBQAAdWJoe2p5AQAA\nXWh8h1JyNAUAAH1yNQUAAChqiQEAAGqKAQAAVQUxMi43M4VScjYFAABqjAEAAGqKAQAAVQEwhVJy\nNwUAAGiBaIIpgXI4BQAAfXI5BQAAaIVohnNialYBAABLKGhwTeEPaH9YDwAAAENpdWRhZCBEYXLD\nrcKtb3I6BQAAapEBAABYDAAAAENpdWRhZC1kYXJpb3I7BQAAapMBAABqigEAAFUJLTg2LjEyNDU3\nhVJyPAUAAHViaHtqeQEAAF1ofIdScj0FAAB9cj4FAAAoaokBAABqigEAAFUIMTMuOTIyODaFUnI/\nBQAAaowBAABqigEAAFUBMIVSckAFAABogWiCKYFyQQUAAH1yQgUAAGiFaIZzYmpWAQAASwVocE35\nAWh/WAYAAABKYWxhcGFyQwUAAGqRAQAAWAYAAABqYWxhcGFyRAUAAGqTAQAAaooBAABVCC04Ni4x\nMjUyhVJyRQUAAHViaHtqeQEAAF1ofIdSckYFAAB9ckcFAAAoaokBAABqigEAAFUGMTMuNzU5hVJy\nSAUAAGqMAQAAaooBAABVATCFUnJJBQAAaIFogimBckoFAAB9cksFAABohWiGc2JqVgEAAEsFaHBN\n/gFof1gFAAAATXVycmFyTAUAAGqRAQAAWAUAAABtdXJyYXJNBQAAapMBAABqigEAAFUJLTg2LjAx\nNzk5hVJyTgUAAHViaHtqeQEAAF1ofIdSck8FAAB9clAFAAAoaokBAABqigEAAFUIMTMuNzIzMjaF\nUnJRBQAAaowBAABqigEAAFUBMIVSclIFAABogWiCKYFyUwUAAH1yVAUAAGiFaIZzYmpWAQAASwVo\ncE0DAmh/WAwAAABFbCBKw63CrWNhcm9yVQUAAGqRAQAAWAkAAABFbC1qaWNhcm9yVgUAAGqTAQAA\naooBAABVCS04Ni4xMzcwNYVSclcFAAB1Ymh7ankBAABdaHyHUnJYBQAAfXJZBQAAKGqJAQAAaooB\nAABVCDEzLjY3NzI5hVJyWgUAAGqMAQAAaooBAABVATCFUnJbBQAAaIFogimBclwFAAB9cl0FAABo\nhWiGc2JqVgEAAEsFaHBNCAJof1gMAAAAU2FuIEZlcm5hbmRvcl4FAABqkQEAAFgMAAAAU2FuLWZl\ncm5hbmRvcl8FAABqkwEAAGqKAQAAVQktODYuMzE0ODSFUnJgBQAAdWJoe2p5AQAAXWh8h1JyYQUA\nAH1yYgUAAChqiQEAAGqKAQAAVQgxMy42NjE2OIVScmMFAABqjAEAAGqKAQAAVQEwhVJyZAUAAGiB\naIIpgXJlBQAAfXJmBQAAaIVohnNialYBAABLBWhwTQ0CaH9YBwAAAE1vem9udGVyZwUAAGqRAQAA\nWAcAAABtb3pvbnRlcmgFAABqkwEAAGqKAQAAVQktODYuNDM3MDaFUnJpBQAAdWJoe2p5AQAAXWh8\nh1JyagUAAH1yawUAAChqiQEAAGqKAQAAVQgxMy43MjI0M4VScmwFAABqjAEAAGqKAQAAVQEwhVJy\nbQUAAGiBaIIpgXJuBQAAfXJvBQAAaIVohnNialYBAABLBWhwTRICaH9YBwAAAERpcGlsdG9ycAUA\nAGqRAQAAWAcAAABkaXBpbHRvcnEFAABqkwEAAGqKAQAAVQgtODYuNTA3MoVScnIFAAB1Ymh7ankB\nAABdaHyHUnJzBQAAfXJ0BQAAKGqJAQAAaooBAABVCDEzLjY1MjM5hVJydQUAAGqMAQAAaooBAABV\nATCFUnJ2BQAAaIFogimBcncFAAB9cngFAABohWiGc2JqVgEAAEsFaHBNFwJof1gJAAAATWFjdWVs\naXpvcnkFAABqkQEAAFgJAAAAbWFjdWVsaXpvcnoFAABqkwEAAGqKAQAAVQgtODYuNjEzOIVScnsF\nAAB1Ymh7ankBAABdaHyHUnJ8BQAAfXJ9BQAAKGqJAQAAaooBAABVCDEzLjc0NzUzhVJyfgUAAGqM\nAQAAaooBAABVATCFUnJ/BQAAaIFogimBcoAFAAB9coEFAABohWiGc2JqVgEAAEsFaHBNHAJof1gO\nAAAAU2FudGEgTWFyw63CrWFyggUAAGqRAQAAWAoAAABzYW50YW1hcmlhcoMFAABqkwEAAGqKAQAA\nVQktODYuNzEwNzeFUnKEBQAAdWJoe2p5AQAAXWh8h1JyhQUAAH1yhgUAAChqiQEAAGqKAQAAVQgx\nMy42MzQzMoVScocFAABqjAEAAGqKAQAAVQEwhVJyiAUAAGiBaIIpgXKJBQAAfXKKBQAAaIVohnNi\nalYBAABLBWhwTSECaH9YBgAAAE9jb3RhbHKLBQAAapEBAABYBgAAAG9jb3RhbHKMBQAAapMBAABq\nigEAAFUJLTg2LjQ3NzQ1hVJyjQUAAHViaHtqeQEAAF1ofIdSco4FAAB9co8FAAAoaokBAABqigEA\nAFUIMTMuNjQyMTeFUnKQBQAAaowBAABqigEAAFUBMIVScpEFAABogWiCKYFykgUAAH1ykwUAAGiF\naIZzYmpWAQAASwVocE0mAmh/WA4AAABDaXVkYWQgQW50aWd1YXKUBQAAapEBAABYDgAAAENpdWRh\nZC1hbnRpZ3VhcpUFAABqkwEAAGqKAQAAVQktODYuMzA4OTOFUnKWBQAAdWJoe2p5AQAAXWh8h1Jy\nlwUAAH1ymAUAAChqiQEAAGqKAQAAVQgxMy41NjY3NYVScpkFAABqjAEAAGqKAQAAVQEwhVJymgUA\nAGiBaIIpgXKbBQAAfXKcBQAAaIVohnNialYBAABLBWhwTSsCaH9YCAAAAFF1aWxhbMOtcp0FAABq\nkQEAAFgHAAAAcXVpbGFsaXKeBQAAapMBAABqigEAAFUJLTg2LjAyOTUyhVJynwUAAHViaHtqeQEA\nAF1ofIdScqAFAAB9cqEFAAAoaokBAABqigEAAFUIMTMuNjI2NjeFUnKiBQAAaowBAABqigEAAFUB\nMIVScqMFAABogWiCKYFypAUAAH1ypQUAAGiFaIZzYmpWAQAASwVocE0wAmh/WBcAAABXaXdpbGkg\nZGUgTnVldmEgU2Vnb3ZpYXKmBQAAapEBAABYEwAAAFdpd2lsaS1udWV2YXNlZ292aWFypwUAAGqT\nAQAAaooBAABVCS04NS44MjM2OYVScqgFAAB1Ymh7ankBAABdaHyHUnKpBQAAfXKqBQAAKGqJAQAA\naooBAABVCDE0Ljc0Mzg2hVJyqwUAAGqMAQAAaooBAABVATCFUnKsBQAAaIFogimBcq0FAAB9cq4F\nAABohWiGc2JqVgEAAEtbaHBNkSNof1gHAAAAV2FzcMOhbnKvBQAAapEBAABYBgAAAHdhc3BhbnKw\nBQAAapMBAABqigEAAFUJLTgzLjk2ODg1hVJysQUAAHViaHtqeQEAAF1ofIdScrIFAAB9crMFAAAo\naokBAABqigEAAFUIMTQuMDMzMTOFUnK0BQAAaowBAABqigEAAFUBMIVScrUFAABogWiCKYFytgUA\nAH1ytwUAAGiFaIZzYmpWAQAAS1tocE2WI2h/WA4AAABQdWVydG8gQ2FiZXphc3K4BQAAapEBAABY\nDgAAAFB1ZXJ0by1jYWJlemFzcrkFAABqkwEAAGqKAQAAVQktODMuMzgyMjOFUnK6BQAAdWJoe2p5\nAQAAXWh8h1JyuwUAAH1yvAUAAChqiQEAAGqKAQAAVQcxMy45MTA2hVJyvQUAAGqMAQAAaooBAABV\nATCFUnK+BQAAaIFogimBcr8FAAB9csAFAABohWiGc2JqVgEAAEtbaHBNmyNof1gGAAAAUm9zaXRh\ncsEFAABqkQEAAFgGAAAAcm9zaXRhcsIFAABqkwEAAGqKAQAAVQktODQuMzkxNTOFUnLDBQAAdWJo\ne2p5AQAAXWh8h1JyxAUAAH1yxQUAAChqiQEAAGqKAQAAVQgxNC4wMjU4NIVScsYFAABqjAEAAGqK\nAQAAVQEwhVJyxwUAAGiBaIIpgXLIBQAAfXLJBQAAaIVohnNialYBAABLW2hwTaAjaH9YBwAAAEJv\nbmFuemFyygUAAGqRAQAAWAcAAABib25hbnphcssFAABqkwEAAGqKAQAAVQktODQuNjIwODiFUnLM\nBQAAdWJoe2p5AQAAXWh8h1JyzQUAAH1yzgUAAChqiQEAAGqKAQAAVQgxMy4zMzQ2NYVScs8FAABq\njAEAAGqKAQAAVQEwhVJy0AUAAGiBaIIpgXLRBQAAfXLSBQAAaIVohnNialYBAABLW2hwTaUjaH9Y\nBwAAAFdhc2xhbGFy0wUAAGqRAQAAWAcAAAB3YXNsYWxhctQFAABqkwEAAGqKAQAAVQktODUuMzcw\nOTmFUnLVBQAAdWJoe2p5AQAAXWh8h1Jy1gUAAH1y1wUAAChqiQEAAGqKAQAAVQUxMy4xNYVSctgF\nAABqjAEAAGqKAQAAVQEwhVJy2QUAAGiBaIIpgXLaBQAAfXLbBQAAaIVohnNialYBAABLW2hwTacj\naH9YCAAAAE11bHVrdWt1ctwFAABqkQEAAFgIAAAAbXVsdWt1a3Vy3QUAAGqTAQAAaooBAABVCS04\nNC45NjY2N4VSct4FAAB1Ymh7ankBAABdaHyHUnLfBQAAfXLgBQAAKGqJAQAAaooBAABVCDEzLjcz\nODU3hVJy4QUAAGqMAQAAaooBAABVATCFUnLiBQAAaIFogimBcuMFAAB9cuQFAABohWiGc2JqVgEA\nAEtbaHBNqiNof1gFAAAAU2l1bmFy5QUAAGqRAQAAWAUAAABzaXVuYXLmBQAAapMBAABqigEAAFUJ\nLTg0Ljc4NDkxhVJy5wUAAHViaHtqeQEAAF1ofIdScugFAAB9cukFAAAoaokBAABqigEAAFUIMTMu\nNDA2MTGFUnLqBQAAaowBAABqigEAAFUBMIVScusFAABogWiCKYFy7AUAAH1y7QUAAGiFaIZzYmpW\nAQAAS1tocE2vI2h/WAsAAABQcmluemFwb2xrYXLuBQAAapEBAABYCwAAAHByaW56YXBvbGthcu8F\nAABqkwEAAGqKAQAAVQktODMuNTYyMjmFUnLwBQAAdWJoe2p5AQAAXWh8h1Jy8QUAAH1y8gUAAChq\niQEAAGqKAQAAVQgxMi43ODU0OIVScvMFAABqjAEAAGqKAQAAVQEwhVJy9AUAAGiBaIIpgXL1BQAA\nfXL2BQAAaIVohnNialYBAABLXWhwTVkkaH9YBgAAAFBhaXdhc3L3BQAAapEBAABYBgAAAHBhaXdh\nc3L4BQAAapMBAABqigEAAFUJLTg1LjEyNDAyhVJy+QUAAHViaHtqeQEAAF1ofIdScvoFAAB9cvsF\nAAAoaokBAABqigEAAFUIMTMuMTExNDWFUnL8BQAAaowBAABqigEAAFUBMIVScv0FAABogWiCKYFy\n/gUAAH1y/wUAAGiFaIZzYmpWAQAAS11ocE1eJGh/WBYAAABMYSBDcnV6IGRlIFLDrW8gR3JhbmRl\ncgAGAABqkQEAAFgSAAAATGEtY3J1ei1yaW8tZ3JhbmRlcgEGAABqkwEAAGqKAQAAVQktODQuMTg4\nMzWFUnICBgAAdWJoe2p5AQAAXWh8h1JyAwYAAH1yBAYAAChqiQEAAGqKAQAAVQgxMi45MzIwOIVS\ncgUGAABqjAEAAGqKAQAAVQEwhVJyBgYAAGiBaIIpgXIHBgAAfXIIBgAAaIVohnNialYBAABLXWhw\nTWAkaH9YHAAAAERlc2VtYm9jYWR1cmEgZGUgUsOtbyBHcmFuZGVyCQYAAGqRAQAAWBgAAABEZXNl\nbWJvY2FkdXJhLXJpby1ncmFuZGVyCgYAAGqTAQAAaooBAABVCS04My41NzY5N4VScgsGAAB1Ymh7\nankBAABdaHyHUnIMBgAAfXINBgAAKGqJAQAAaooBAABVCDEyLjM0MDk2hVJyDgYAAGqMAQAAaooB\nAABVATCFUnIPBgAAaIFogimBchAGAAB9chEGAABohWiGc2JqVgEAAEtdaHBNYyRof1gQAAAATGFn\ndW5hIGRlIFBlcmxhc3ISBgAAapEBAABYEAAAAExhZ3VuYS1kZS1wZXJsYXNyEwYAAGqTAQAAaooB\nAABVCS04My42NzA1MoVSchQGAAB1Ymh7ankBAABdaHyHUnIVBgAAfXIWBgAAKGqJAQAAaooBAABV\nCDEyLjgyMDg1hVJyFwYAAGqMAQAAaooBAABVATCFUnIYBgAAaIFogimBchkGAAB9choGAABohWiG\nc2JqVgEAAEtdaHBNZCRof1gNAAAARWwgVG9ydHVndWVyb3IbBgAAapEBAABYDQAAAEVsLXRvcnR1\nZ3Vlcm9yHAYAAGqTAQAAaooBAABVCS04NC4xOTkwNoVSch0GAAB1Ymh7ankBAABdaHyHUnIeBgAA\nfXIfBgAAKGqJAQAAaooBAABVCDEyLjE2MDA0hVJyIAYAAGqMAQAAaooBAABVATCFUnIhBgAAaIFo\ngimBciIGAAB9ciMGAABohWiGc2JqVgEAAEtdaHBNaCRof1gEAAAAUmFtYXIkBgAAapEBAABYBAAA\nAHJhbWFyJQYAAGqTAQAAaooBAABVCS04NC4yMTkxM4VSciYGAAB1Ymh7ankBAABdaHyHUnInBgAA\nfXIoBgAAKGqJAQAAaooBAABVCDEyLjQ5NDg2hVJyKQYAAGqMAQAAaooBAABVATCFUnIqBgAAaIFo\ngimBcisGAAB9ciwGAABohWiGc2JqVgEAAEtdaHBNayRof1gIAAAARWwgQXlvdGVyLQYAAGqRAQAA\nWAgAAABFbC1heW90ZXIuBgAAapMBAABqigEAAFUJLTg0LjgxOTQzhVJyLwYAAHViaHtqeQEAAF1o\nfIdScjAGAAB9cjEGAAAoaokBAABqigEAAFUIMTIuMDY3NjSFUnIyBgAAaowBAABqigEAAFUBMIVS\ncjMGAABogWiCKYFyNAYAAH1yNQYAAGiFaIZzYmpWAQAAS11ocE1tJGh/WBQAAABNdWVsbGUgZGUg\nbG9zIEJ1ZXllc3I2BgAAapEBAABYFAAAAE11ZWxsZS1kZS1sb3MtYnVleWVzcjcGAABqkwEAAGqK\nAQAAVQktODQuNTM3NDmFUnI4BgAAdWJoe2p5AQAAXWh8h1JyOQYAAH1yOgYAAChqiQEAAGqKAQAA\nVQgxMi4yNDE2M4VScjsGAABqjAEAAGqKAQAAVQEwhVJyPAYAAGiBaIIpgXI9BgAAfXI+BgAAaIVo\nhnNialYBAABLXWhwTXIkaH9YDAAAAEt1a3JhIC0gSGlsbHI/BgAAapEBAABYCgAAAEt1a3JhLWhp\nbGxyQAYAAGqTAQAAaooBAABVCS04My43NDUzMoVSckEGAAB1Ymh7ankBAABdaHyHUnJCBgAAfXJD\nBgAAKGqJAQAAaooBAABVCDEyLjE4MDE3hVJyRAYAAGqMAQAAaooBAABVATCFUnJFBgAAaIFogimB\nckYGAAB9ckcGAABohWiGc2JqVgEAAEtdaHBNdyRof1gLAAAAQ29ybiBJc2xhbmRySAYAAGqRAQAA\nWAsAAABDb3JuLWlzbGFuZHJJBgAAapMBAABqigEAAFUJLTgzLjA1OTc1hVJySgYAAHViaHtqeQEA\nAF1ofIdScksGAAB9ckwGAAAoaokBAABqigEAAFUIMTIuMDExNDSFUnJNBgAAaowBAABqigEAAFUB\nMIVSck4GAABogWiCKYFyTwYAAH1yUAYAAGiFaIZzYmpWAQAAS11ocE18JGh/WAoAAABCbHVlZmll\nbGRzclEGAABqkQEAAFgKAAAAYmx1ZWZpZWxkc3JSBgAAapMBAABqigEAAFUJLTgzLjc2Mzg4hVJy\nUwYAAHViaHtqeQEAAF1ofIdSclQGAAB9clUGAAAoaokBAABqigEAAFUIMTEuNjg4MjeFUnJWBgAA\naowBAABqigEAAFUBMIVSclcGAABogWiCKYFyWAYAAH1yWQYAAGiFaIZzYmpWAQAAS11ocE2BJGh/\nWAwAAABOdWV2YSBHdWluZWFyWgYAAGqRAQAAWAwAAABOdWV2YS1ndWluZWFyWwYAAGqTAQAAaooB\nAABVCS04NC40NTc5NIVSclwGAAB1Ymh7ankBAABdaHyHUnJdBgAAfXJeBgAAKGqJAQAAaooBAABV\nCDExLjQzODY4hVJyXwYAAGqMAQAAaooBAABVATCFUnJgBgAAaIFogimBcmEGAAB9cmIGAABohWiG\nc2JqVgEAAEtQaHBNRR9of1gEAAAAVG9sYXJjBgAAapEBAABYBAAAAHRvbGFyZAYAAGqTAQAAaooB\nAABVCS04NS45MzkwN4VScmUGAAB1Ymh7ankBAABdaHyHUnJmBgAAfXJnBgAAKGqJAQAAaooBAABV\nCDExLjUwMDgxhVJyaAYAAGqMAQAAaooBAABVATCFUnJpBgAAaIFogimBcmoGAAB9cmsGAABohWiG\nc2JqVgEAAEtQaHBNSh9of1gGAAAAQmVsw6lucmwGAABqkQEAAFgFAAAAYmVsZW5ybQYAAGqTAQAA\naooBAABVCS04NS44OTAxNIVScm4GAAB1Ymh7ankBAABdaHyHUnJvBgAAfXJwBgAAKGqJAQAAaooB\nAABVBzExLjQ5MzKFUnJxBgAAaowBAABqigEAAFUBMIVScnIGAABogWiCKYFycwYAAH1ydAYAAGiF\naIZzYmpWAQAAS1BocE1PH2h/WAcAAABQb3Rvc8OtcnUGAABqkQEAAFgGAAAAcG90b3NpcnYGAABq\nkwEAAGqKAQAAVQktODUuODU3MDmFUnJ3BgAAdWJoe2p5AQAAXWh8h1JyeAYAAH1yeQYAAChqiQEA\nAGqKAQAAVQgxMS40NjkyM4VScnoGAABqjAEAAGqKAQAAVQEwhVJyewYAAGiBaIIpgXJ8BgAAfXJ9\nBgAAaIVohnNialYBAABLUGhwTVQfaH9YDAAAAEJ1ZW5vcyBBaXJlc3J+BgAAapEBAABYDAAAAEJ1\nZW5vcy1haXJlc3J/BgAAapMBAABqigEAAFUJLTg1LjgxNzAxhVJygAYAAHViaHtqeQEAAF1ofIdS\ncoEGAAB9coIGAAAoaokBAABqigEAAFUIMTEuNTM5NDeFUnKDBgAAaowBAABqigEAAFUBMIVScoQG\nAABogWiCKYFyhQYAAH1yhgYAAGiFaIZzYmpWAQAAS1BocE1ZH2h/WAkAAABNb3lvZ2FscGFyhwYA\nAGqRAQAAWAkAAABtb3lvZ2FscGFyiAYAAGqTAQAAaooBAABVCS04NS42OTc0NoVScokGAAB1Ymh7\nankBAABdaHyHUnKKBgAAfXKLBgAAKGqJAQAAaooBAABVCDExLjU2NTQ3hVJyjAYAAGqMAQAAaooB\nAABVATCFUnKNBgAAaIFogimBco4GAAB9co8GAABohWiGc2JqVgEAAEtQaHBNXh9of1gKAAAAQWx0\nYWdyYWNpYXKQBgAAapEBAABYCgAAAGFsdGFncmFjaWFykQYAAGqTAQAAaooBAABVCS04NS41Nzc5\nM4VScpIGAAB1Ymh7ankBAABdaHyHUnKTBgAAfXKUBgAAKGqJAQAAaooBAABVCDExLjQ1NTMyhVJy\nlQYAAGqMAQAAaooBAABVATCFUnKWBgAAaIFogimBcpcGAAB9cpgGAABohWiGc2JqVgEAAEtQaHBN\nYx9of1gJAAAAU2FuIEpvcmdlcpkGAABqkQEAAFgJAAAAU2FuLWpvcmdlcpoGAABqkwEAAGqKAQAA\nVQktODUuODAwNzSFUnKbBgAAdWJoe2p5AQAAXWh8h1JynAYAAH1ynQYAAChqiQEAAGqKAQAAVQgx\nMS40Mzk3NYVScp4GAABqjAEAAGqKAQAAVQEwhVJynwYAAGiBaIIpgXKgBgAAfXKhBgAAaIVohnNi\nalYBAABLUGhwTWgfaH9YBQAAAFJpdmFzcqIGAABqkQEAAFgFAAAAcml2YXNyowYAAGqTAQAAaooB\nAABVCC04NS44Mjg4hVJypAYAAHViaHtqeQEAAF1ofIdScqUGAAB9cqYGAAAoaokBAABqigEAAFUI\nMTEuMjUzODSFUnKnBgAAaowBAABqigEAAFUBMIVScqgGAABogWiCKYFyqQYAAH1yqgYAAGiFaIZz\nYmpWAQAAS1BocE1tH2h/WBAAAABTYW4gSnVhbiBkZWwgU3VycqsGAABqkQEAAFgQAAAAU2FuLWp1\nYW4tZGVsLXN1cnKsBgAAapMBAABqigEAAFUJLTg1Ljg3MTc3hVJyrQYAAHViaHtqeQEAAF1ofIdS\ncq4GAAB9cq8GAAAoaokBAABqigEAAFUIMTEuMTk1MjGFUnKwBgAAaowBAABqigEAAFUBMIVScrEG\nAABogWiCKYFysgYAAH1yswYAAGiFaIZzYmpWAQAAS1BocE1yH2h/WAkAAABDw6FyZGVuYXNytAYA\nAGqRAQAAWAgAAABjYXJkZW5hc3K1BgAAapMBAABqigEAAFUJLTg1LjUwODg2hVJytgYAAHViaHtq\neQEAAF1ofIdScrcGAAB9crgGAAAoaokBAABqigEAAFUHMTEuNjIxM4VScrkGAABqjAEAAGqKAQAA\nVQEwhVJyugYAAGiBaIIpgXK7BgAAfXK8BgAAaIVohnNialYBAABLVWhwTTkhaH9YBwAAAE1vcnJp\ndG9yvQYAAGqRAQAAWAcAAABtb3JyaXRvcr4GAABqkwEAAGqKAQAAVQktODUuMDgxNjmFUnK/BgAA\ndWJoe2p5AQAAXWh8h1JywAYAAH1ywQYAAChqiQEAAGqKAQAAVQgxMS42NzY4NIVScsIGAABqjAEA\nAGqKAQAAVQEwhVJywwYAAGiBaIIpgXLEBgAAfXLFBgAAaIVohnNialYBAABLVWhwTT4haH9YCwAA\nAEVsIEFsbWVuZHJvcsYGAABqkQEAAFgLAAAARWwtYWxtZW5kcm9yxwYAAGqTAQAAaooBAABVCS04\nNC43MDM2MoVScsgGAAB1Ymh7ankBAABdaHyHUnLJBgAAfXLKBgAAKGqJAQAAaooBAABVCDExLjQw\nMTU2hVJyywYAAGqMAQAAaooBAABVATCFUnLMBgAAaIFogimBcs0GAAB9cs4GAABohWiGc2JqVgEA\nAEtVaHBNQyFof1gNAAAAU2FuIE1pZ3VlbGl0b3LPBgAAapEBAABYDQAAAFNhbi1taWd1ZWxpdG9y\n0AYAAGqTAQAAaooBAABVCS04NC45MDAwNYVSctEGAAB1Ymh7ankBAABdaHyHUnLSBgAAfXLTBgAA\nKGqJAQAAaooBAABVCDExLjEyMDg4hVJy1AYAAGqMAQAAaooBAABVATCFUnLVBgAAaIFogimBctYG\nAAB9ctcGAABohWiGc2JqVgEAAEtVaHBNSCFof1gKAAAAU2FuIENhcmxvc3LYBgAAapEBAABYCgAA\nAFNhbi1jYXJsb3Ny2QYAAGqTAQAAaooBAABVCS04NC43NzgzN4VSctoGAAB1Ymh7ankBAABdaHyH\nUnLbBgAAfXLcBgAAKGqJAQAAaooBAABVCDExLjAzOTY5hVJy3QYAAGqMAQAAaooBAABVATCFUnLe\nBgAAaIFogimBct8GAAB9cuAGAABohWiGc2JqVgEAAEtVaHBNTSFof1gLAAAARWwgQ2FzdGlsbG9y\n4QYAAGqRAQAAWAsAAABFbC1jYXN0aWxsb3LiBgAAapMBAABqigEAAFUJLTg0LjQ3Mjk1hVJy4wYA\nAHViaHtqeQEAAF1ofIdScuQGAAB9cuUGAAAoaokBAABqigEAAFUIMTAuOTQ2NzGFUnLmBgAAaowB\nAABqigEAAFUBMIVScucGAABogWiCKYFy6AYAAH1y6QYAAGiFaIZzYmpWAQAAS1VocE1SIWh/WBIA\nAABTYW4gSnVhbiBkZWwgTm9ydGVy6gYAAGqRAQAAWBIAAABTYW4tanVhbi1kZWwtbm9ydGVy6wYA\nAGqTAQAAaooBAABVCS04My43MzQ3OYVScuwGAAB1YmV1YnUuZDVkNDI0NmMwYTg0ZjMwMjIwNDBh\nMTNjN2YxMjc0MmE=\n','2010-10-27 11:52:34'),('8fc317712d9d02910f43e7f752f727d7','gAJ9cQFVCnRlc3Rjb29raWVxAlUGd29ya2VkcQNzLmI3MDcwMWY1ZWE1MDEwNjQzODM2YjE3Nzc1\nZDIyOWJi\n','2010-10-27 11:43:29'),('edefd185719065f586ac2724b72432ef','gAJ9cQEoVRJfYXV0aF91c2VyX2JhY2tlbmRxAlUpZGphbmdvLmNvbnRyaWIuYXV0aC5iYWNrZW5k\ncy5Nb2RlbEJhY2tlbmRxA1UNX2F1dGhfdXNlcl9pZHEESwN1LmQ3OGQ3Y2I4MzY5OTA3ZTUxMDk4\nNzI4ZTgyZjMwN2Ri\n','2010-10-27 15:12:42'),('21528bb3561e1139f68b91c2d767bc47','gAJ9cQEoVQRhbmlvcQJYBAAAADIwMTBxA1UNX2F1dGhfdXNlcl9pZHEESwFVB3BlcmlvZG9xBV1x\nBihYAQAAADBYAQAAADFYAQAAADJYAQAAADNlVRJfYXV0aF91c2VyX2JhY2tlbmRxB1UpZGphbmdv\nLmNvbnRyaWIuYXV0aC5iYWNrZW5kcy5Nb2RlbEJhY2tlbmRxCFUMb3JnYW5pemFjaW9ucQljZGph\nbmdvLmRiLm1vZGVscy5xdWVyeQpRdWVyeVNldApxCimBcQt9cQwoVQVfaXRlcnENTlUKX2Zvcl93\ncml0ZXEOiVUOX3N0aWNreV9maWx0ZXJxD4lVBXF1ZXJ5cRBjZGphbmdvLmRiLm1vZGVscy5zcWwu\ncXVlcnkKUXVlcnkKcREpgXESfXETKFUVYWdncmVnYXRlX3NlbGVjdF9tYXNrcRROVRdfYWdncmVn\nYXRlX3NlbGVjdF9jYWNoZXEVTlUFZXh0cmFxFmNkamFuZ28udXRpbHMuZGF0YXN0cnVjdHVyZXMK\nU29ydGVkRGljdApxFymBcRh9cRlVCGtleU9yZGVycRpdcRtzYlUIam9pbl9tYXBxHH1xHShOVRVl\nbmN1ZXN0YV9vcmdhbml6YWNpb25xHk5OdHEfaB6FcSBzVRVyZWxhdGVkX3NlbGVjdF9maWVsZHNx\nIV1xIlUMZXh0cmFfdGFibGVzcSMpVQZzZWxlY3RxJF1xJVULcXVvdGVfY2FjaGVxJn1xJ1UMcmV2\nX2pvaW5fbWFwcSh9cSloHmgfc1UMdXNlZF9hbGlhc2VzcSpjX19idWlsdGluX18Kc2V0CnErXXEs\naB5hhVJxLVUIb3JkZXJfYnlxLl1xL1UIZGlzdGluY3RxMIlVDmR1cGVfYXZvaWRhbmNlcTF9cTJV\nCGdyb3VwX2J5cTNOVQlhbGlhc19tYXBxNH1xNWgeKGgeaB5OTk5OiXRxNnNVDnNlbGVjdF9yZWxh\ndGVkcTeJVRBkZWZlcnJlZF9sb2FkaW5ncThoK12FUnE5iIZxOlUNc2VsZWN0X2ZpZWxkc3E7XXE8\nVRNfZXh0cmFfc2VsZWN0X2NhY2hlcT1OVQltYXhfZGVwdGhxPksFVRFzdGFuZGFyZF9vcmRlcmlu\nZ3E/iFUOZXh0cmFfb3JkZXJfYnlxQClVEGRlZmF1bHRfb3JkZXJpbmdxQYhVBnRhYmxlc3FCXXFD\naB5hVQphZ2dyZWdhdGVzcURoFymBcUV9cUZoGl1xR3NiVRFleHRyYV9zZWxlY3RfbWFza3FITlUI\nbG93X21hcmtxSUsAVQ5hbGlhc19yZWZjb3VudHFKfXFLaB5LAXNVE3JlbGF0ZWRfc2VsZWN0X2Nv\nbHNxTF1xTVUMZGVmYXVsdF9jb2xzcU6IVRBvcmRlcmluZ19hbGlhc2VzcU9dcVBVBmhhdmluZ3FR\nY2RqYW5nby5kYi5tb2RlbHMuc3FsLndoZXJlCldoZXJlTm9kZQpxUimBcVN9cVQoVQljb25uZWN0\nb3JxVVUDQU5EcVZVB25lZ2F0ZWRxV4lVCGNoaWxkcmVucVhdcVlVD3N1YnRyZWVfcGFyZW50c3Fa\nXXFbdWJVGWluY2x1ZGVkX2luaGVyaXRlZF9tb2RlbHNxXH1xXU5oHnNVCXRhYmxlX21hcHFefXFf\naB5dcWBoHmFzVQt3aGVyZV9jbGFzc3FhaFJVBW1vZGVscWJjZmVkLmVuY3Vlc3RhLm1vZGVscwpP\ncmdhbml6YWNpb24KcWNVBXdoZXJlcWRoUimBcWV9cWYoaFVoVmhXiWhYXXFnaFIpgXFofXFpKGhV\naFZoV4loWF1xaihjZGphbmdvLmRiLm1vZGVscy5zcWwud2hlcmUKQ29uc3RyYWludApxaymBcWx9\ncW0oVQVhbGlhc3FuaB5oYmhjVQpmaWVsZF9uYW1lcW9VAmlkcXBVA2NvbHFxaHB1YlUCaW6IXXFy\nKEsBSwJLA0sESwVldHFzYWhaXXF0dWJhaFpdcXV1YlUJaGlnaF9tYXJrcXZOVRBmaWx0ZXJfaXNf\nc3RpY2t5cXeJdWJVA19kYnF4TmhiaGNVDV9yZXN1bHRfY2FjaGVxeV1xeihjZGphbmdvLmRiLm1v\nZGVscy5iYXNlCm1vZGVsX3VucGlja2xlCnF7aGNdY2RqYW5nby5kYi5tb2RlbHMuYmFzZQpzaW1w\nbGVfY2xhc3NfZmFjdG9yeQpxfIdScX19cX4oVQZub21icmVxf1gOAAAAT3JnYW5pemFjaW9uIDFx\ngFUGX3N0YXRlcYFjZGphbmdvLmRiLm1vZGVscy5iYXNlCk1vZGVsU3RhdGUKcYIpgXGDfXGEVQJk\nYnGFVQdkZWZhdWx0cYZzYmhwSwF1Ymh7aGNdaHyHUnGHfXGIKGh/WA4AAABPcmdhbml6YWNpb24g\nMnGJaIFogimBcYp9cYtohWiGc2JocEsCdWJoe2hjXWh8h1JxjH1xjShof1gOAAAAT3JnYW5pemFj\naW9uIDNxjmiBaIIpgXGPfXGQaIVohnNiaHBLA3ViaHtoY11ofIdScZF9cZIoaH9YDgAAAE9yZ2Fu\naXphY2lvbiA0cZNogWiCKYFxlH1xlWiFaIZzYmhwSwR1Ymh7aGNdaHyHUnGWfXGXKGh/WA4AAABP\ncmdhbml6YWNpb24gNnGYaIFogimBcZl9cZpohWiGc2JocEsFdWJldWJVBmFjdGl2b3GbiFUEdG9k\nb3GcY2RqYW5nby5odHRwClF1ZXJ5RGljdApxnSmBcZ4oWAwAAABvcmdhbml6YWNpb25xn1gBAAAA\nNVgHAAAAcGVyaW9kb3GgWAEAAAAzWBMAAABjc3JmbWlkZGxld2FyZXRva2VucaFYIAAAADA0Y2Y3\nOGNkZDJkYzBjMDk4MDgzYjk0MThhODZmN2M4caJYCQAAAG11bmljaXBpb3GjWAQAAAA4NTMwcaRY\nBAAAAGFuaW9xpWgDdX1xpihVCV9lbmNvZGluZ3GnVQV1dGYtOHGoVQVfZGF0YXGpfXGqKGifXXGr\nKFgBAAAAMVgBAAAAMlgBAAAAM1gBAAAANFgBAAAANWVooF1xrChYAQAAADBYAQAAADFYAQAAADJY\nAQAAADNlaKFdca1oomFoo11xrihYBAAAADUwMDVxr1gEAAAANTAxMHGwWAQAAAA1MDE1cbFYBAAA\nADUwMjBxslgEAAAANTAyNXGzWAQAAAA1MDMwcbRYBAAAADc1MDVxtVgEAAAANzUxMHG2WAQAAAA3\nNTE1cbdYBAAAADc1MjBxuFgEAAAANzUyNXG5WAQAAAA3NTMwcbpYBAAAADc1MzVxu1gEAAAANzU0\nMHG8WAQAAAAzMDA1cb1YBAAAADMwMTBxvlgEAAAAMzAxNXG/WAQAAAAzMDIwccBYBAAAADMwMjVx\nwVgEAAAAMzAzMHHCWAQAAAAzMDM1ccNYBAAAADMwNDBxxFgEAAAAMzA0NXHFWAQAAAAzMDUwccZY\nBAAAADMwNTVxx1gEAAAAMzA2MHHIWAQAAAAzMDY1cclYBAAAADY1MDVxylgEAAAANjUwN3HLWAQA\nAAA2NTEwccxYBAAAADY1MTVxzVgEAAAANjUyMHHOWAQAAAA2NTI1cc9YBAAAADY1MzBx0FgEAAAA\nNjUzNXHRWAQAAAA2NTQwcdJYBAAAADY1NDVx01gEAAAAMjUwNXHUWAQAAAAyNTEwcdVYBAAAADI1\nMTVx1lgEAAAAMjUyMHHXWAQAAAAyNTI1cdhYBAAAADI1MzBx2VgEAAAANzAwNXHaWAQAAAA3MDEw\ncdtYBAAAADcwMTVx3FgEAAAANzAyMHHdWAQAAAAxMDA1cd5YBAAAADEwMTBx31gEAAAAMTAxMnHg\nWAQAAAAxMDE1ceFYBAAAADEwMjBx4lgEAAAAMTAyNXHjWAQAAAAxMDMwceRYBAAAADEwMzVx5VgE\nAAAAMzUwNXHmWAQAAAAzNTEwcedYBAAAADM1MTVx6FgEAAAAMzUyMHHpWAQAAAAzNTI1cepYBAAA\nADM1MzBx61gEAAAAMzUzNXHsWAQAAAAzNTQwce1YBAAAADM1NDVx7lgEAAAAMzU1MHHvWAQAAAAy\nMDA1cfBYBAAAADIwMTBx8VgEAAAAMjAxNXHyWAQAAAAyMDIwcfNYBAAAADIwMjVx9FgEAAAAMjAz\nMHH1WAQAAAAyMDM1cfZYBAAAADIwNDBx91gEAAAAMjA0NXH4WAQAAAA1NTA1cflYBAAAADU1MTBx\n+lgEAAAANTUxNXH7WAQAAAA1NTIwcfxYBAAAADU1MjJx/VgEAAAANTUyNXH+WAQAAAA1NTMwcf9Y\nBAAAADU1MzJyAAEAAFgEAAAANTUzNXIBAQAAWAQAAAA2MDA1cgIBAABYBAAAADYwMTByAwEAAFgE\nAAAANjAxNXIEAQAAWAQAAAA2MDIwcgUBAABYBAAAADYwMjVyBgEAAFgEAAAANjAzMHIHAQAAWAQA\nAAA2MDM1cggBAABYBAAAADYwNDByCQEAAFgEAAAANjA0NXIKAQAAWAQAAAA0MDA1cgsBAABYBAAA\nADQwMTByDAEAAFgEAAAANDAxNXINAQAAWAQAAAA0MDIwcg4BAABYBAAAADQwMjVyDwEAAFgEAAAA\nNDAzMHIQAQAAWAQAAAA0MDM1chEBAABYBAAAADQwNDByEgEAAFgEAAAANDA0NXITAQAAWAQAAAA0\nMDUwchQBAABYBAAAADQwNTVyFQEAAFgEAAAANDA2MHIWAQAAWAQAAAA0MDY1chcBAABYAwAAADUw\nNXIYAQAAWAMAAAA1MTByGQEAAFgDAAAANTE1choBAABYAwAAADUyMHIbAQAAWAMAAAA1MjVyHAEA\nAFgDAAAANTMwch0BAABYAwAAADUzNXIeAQAAWAMAAAA1NDByHwEAAFgDAAAANTQ1ciABAABYAwAA\nADU1MHIhAQAAWAMAAAA1NTVyIgEAAFgDAAAANTYwciMBAABYBAAAADkxMDVyJAEAAFgEAAAAOTEx\nMHIlAQAAWAQAAAA5MTE1ciYBAABYBAAAADkxMjByJwEAAFgEAAAAOTEyNXIoAQAAWAQAAAA5MTI3\ncikBAABYBAAAADkxMzByKgEAAFgEAAAAOTEzNXIrAQAAWAQAAAA5MzA1ciwBAABYBAAAADkzMTBy\nLQEAAFgEAAAAOTMxMnIuAQAAWAQAAAA5MzE1ci8BAABYBAAAADkzMTZyMAEAAFgEAAAAOTMyMHIx\nAQAAWAQAAAA5MzIzcjIBAABYBAAAADkzMjVyMwEAAFgEAAAAOTMzMHI0AQAAWAQAAAA5MzM1cjUB\nAABYBAAAADkzNDByNgEAAFgEAAAAOTM0NXI3AQAAWAQAAAA4MDA1cjgBAABYBAAAADgwMTByOQEA\nAFgEAAAAODAxNXI6AQAAWAQAAAA4MDIwcjsBAABYBAAAADgwMjVyPAEAAFgEAAAAODAzMHI9AQAA\nWAQAAAA4MDM1cj4BAABYBAAAADgwNDByPwEAAFgEAAAAODA0NXJAAQAAWAQAAAA4MDUwckEBAABY\nBAAAADg1MDVyQgEAAFgEAAAAODUxMHJDAQAAWAQAAAA4NTE1ckQBAABYBAAAADg1MjByRQEAAFgE\nAAAAODUyNXJGAQAAaKRlaKVdckcBAABoA2F1VQhfbXV0YWJsZXJIAQAAiXViVQltdW5pY2lwaW9y\nSQEAAGgKKYFySgEAAH1ySwEAAChoDU5oDoloD4loEGgRKYFyTAEAAH1yTQEAAChoFE5oFU5oFmgX\nKYFyTgEAAH1yTwEAAGgaXXJQAQAAc2JoHH1yUQEAACgoTlUPbHVnYXJfbXVuaWNpcGlvclIBAABO\nTnRyUwEAAGpSAQAAhXJUAQAAKGpSAQAAVRJsdWdhcl9kZXBhcnRhbWVudG9yVQEAAFUPZGVwYXJ0\nYW1lbnRvX2lkclYBAABocHRyVwEAAGpVAQAAhXJYAQAAdWghXXJZAQAAaCMpaCRdcloBAABoJn1y\nWwEAAGgofXJcAQAAKGpSAQAAalMBAABqVQEAAGpXAQAAdWgqaCtdcl0BAABqUgEAAGGFUnJeAQAA\naC5dcl8BAABoMIloMX1yYAEAAGgzTmg0fXJhAQAAKGpSAQAAKGpSAQAAalIBAABOTk5OiXRyYgEA\nAGpVAQAAKGpVAQAAalUBAABVCklOTkVSIEpPSU5yYwEAAGpSAQAAalYBAABocIl0cmQBAAB1aDeJ\naDhoK12FUnJlAQAAiIZyZgEAAGg7XXJnAQAAaD1OaD5LBWg/iGhAKWhBiGhCXXJoAQAAKGpSAQAA\nalUBAABlaERoFymBcmkBAAB9cmoBAABoGl1yawEAAHNiaEhOaElLAGhKfXJsAQAAKGpSAQAASwJq\nVQEAAEsCdWhMXXJtAQAAaE6IaE9dcm4BAABoUWhSKYFybwEAAH1ycAEAAChoVWhWaFeJaFhdcnEB\nAABoWl1ycgEAAHViaFx9cnMBAABOalIBAABzaF59cnQBAAAoalIBAABdcnUBAABVAlUwcnYBAABh\nalUBAABdcncBAABVAlUxcngBAABhdWhhaFJoYmNmZWQubHVnYXIubW9kZWxzCk11bmljaXBpbwpy\neQEAAGhkaFIpgXJ6AQAAfXJ7AQAAKGhVaFZoV4loWF1yfAEAAGhSKYFyfQEAAH1yfgEAAChoVWhW\naFeJaFhdcn8BAAAoaGspgXKAAQAAfXKBAQAAKGhualIBAABoYmp5AQAAaG9ocGhxaHB1YlUCaW6I\nXXKCAQAAKE2NE02SE02XE02cE02hE02mE01RHU1WHU1bHU1gHU1lHU1qHU1vHU10HU29C03CC03H\nC03MC03RC03WC03bC03gC03lC03qC03vC030C035C01pGU1rGU1uGU1zGU14GU19GU2CGU2HGU2M\nGU2RGU3JCU3OCU3TCU3YCU3dCU3iCU1dG01iG01nG01sG03tA03yA030A033A038A00BBE0GBE0L\nBE2xDU22DU27DU3ADU3FDU3KDU3PDU3UDU3ZDU3eDU3VB03aB03fB03kB03pB03uB03zB034B039\nB02BFU2GFU2LFU2QFU2SFU2VFU2aFU2cFU2fFU11F016F01/F02EF02JF02OF02TF02YF02dF02l\nD02qD02vD020D025D02+D03DD03ID03ND03SD03XD03cD03hD035AU3+AU0DAk0IAk0NAk0SAk0X\nAk0cAk0hAk0mAk0rAk0wAk2RI02WI02bI02gI02lI02nI02qI02vI01ZJE1eJE1gJE1jJE1kJE1o\nJE1rJE1tJE1yJE13JE18JE2BJE1FH01KH01PH01UH01ZH01eH01jH01oH01tH01yH005IU0+IU1D\nIU1IIU1NIU1SIWV0coMBAABhaFpdcoQBAAB1YmFoWl1yhQEAAHViaHZOaHeJdWJoeE5oYmp5AQAA\naHldcoYBAAAoaHtqeQEAAF1ofIdScocBAAB9cogBAAAoVQdsYXRpdHVkcokBAABjZGVjaW1hbApE\nZWNpbWFsCnKKAQAAVQgxMi41OTc0OIVScosBAABVCWV4dGVuc2lvbnKMAQAAaooBAABVATCFUnKN\nAQAAaIFogimBco4BAAB9co8BAABohWiGc2JqVgEAAEsyaHBNjRNof1gYAAAAU2FuIEpvc8OpIGRl\nIGxvcyBSZW1hdGVzcpABAABVBHNsdWdykQEAAFgXAAAAU2FuLWpvc2UtZGUtbG9zLXJlbWF0ZXNy\nkgEAAFUIbG9uZ2l0dWRykwEAAGqKAQAAVQktODUuNzYyNTOFUnKUAQAAdWJoe2p5AQAAXWh8h1Jy\nlQEAAH1ylgEAAChqiQEAAGqKAQAAVQcxMi40NzE2hVJylwEAAGqMAQAAaooBAABVATCFUnKYAQAA\naIFogimBcpkBAAB9cpoBAABohWiGc2JqVgEAAEsyaHBNkhNof1gFAAAAQm9hY29ymwEAAGqRAQAA\nWAUAAABib2Fjb3KcAQAAapMBAABqigEAAFUJLTg1LjY1OTUyhVJynQEAAHViaHtqeQEAAF1ofIdS\ncp4BAAB9cp8BAAAoaokBAABqigEAAFUIMTIuMzgzNzeFUnKgAQAAaowBAABqigEAAFUBMIVScqEB\nAABogWiCKYFyogEAAH1yowEAAGiFaIZzYmpWAQAASzJocE2XE2h/WAcAAABDYW1vYXBhcqQBAABq\nkQEAAFgHAAAAY2Ftb2FwYXKlAQAAapMBAABqigEAAFUJLTg1LjUxNDY1hVJypgEAAHViaHtqeQEA\nAF1ofIdScqcBAAB9cqgBAAAoaokBAABqigEAAFUIMTIuNTMyMjaFUnKpAQAAaowBAABqigEAAFUB\nMIVScqoBAABogWiCKYFyqwEAAH1yrAEAAGiFaIZzYmpWAQAASzJocE2cE2h/WAwAAABTYW50YSBM\ndWPDrWFyrQEAAGqRAQAAWAsAAABTYW50YS1sdWNpYXKuAQAAapMBAABqigEAAFUJLTg1LjcxMTU2\nhVJyrwEAAHViaHtqeQEAAF1ofIdScrABAAB9crEBAAAoaokBAABqigEAAFUIMTIuNDE5NzmFUnKy\nAQAAaowBAABqigEAAFUBMIVScrMBAABogWiCKYFytAEAAH1ytQEAAGiFaIZzYmpWAQAASzJocE2h\nE2h/WAgAAABUZXVzdGVwZXK2AQAAapEBAABYCAAAAHRldXN0ZXBlcrcBAABqkwEAAGqKAQAAVQkt\nODUuNzk5MjKFUnK4AQAAdWJoe2p5AQAAXWh8h1JyuQEAAH1yugEAAChqiQEAAGqKAQAAVQgxMi4z\nNzc4OYVScrsBAABqjAEAAGqKAQAAVQEwhVJyvAEAAGiBaIIpgXK9AQAAfXK+AQAAaIVohnNialYB\nAABLMmhwTaYTaH9YDAAAAFNhbiAgTG9yZW56b3K/AQAAapEBAABYCwAAAFNhbi1sb3JlbnpvcsAB\nAABqkwEAAGqKAQAAVQktODUuNjY3MTiFUnLBAQAAdWJoe2p5AQAAXWh8h1JywgEAAH1ywwEAAChq\niQEAAGqKAQAAVQgxMS45MDY1MYVScsQBAABqjAEAAGqKAQAAVQEwhVJyxQEAAGiBaIIpgXLGAQAA\nfXLHAQAAaIVohnNialYBAABLS2hwTVEdaH9YCgAAAFNhbiBNYXJjb3NyyAEAAGqRAQAAWAoAAABT\nYW4tbWFyY29zcskBAABqkwEAAGqKAQAAVQktODYuMjAzMTSFUnLKAQAAdWJoe2p5AQAAXWh8h1Jy\nywEAAH1yzAEAAChqiQEAAGqKAQAAVQgxMS44NDgzMYVScs0BAABqjAEAAGqKAQAAVQEwhVJyzgEA\nAGiBaIIpgXLPAQAAfXLQAQAAaIVohnNialYBAABLS2hwTVYdaH9YCAAAAEppbm90ZXBlctEBAABq\nkQEAAFgIAAAAamlub3RlcGVy0gEAAGqTAQAAaooBAABVCS04Ni4xOTg0NoVSctMBAAB1Ymh7ankB\nAABdaHyHUnLUAQAAfXLVAQAAKGqJAQAAaooBAABVCDExLjg1NTY1hVJy1gEAAGqMAQAAaooBAABV\nATCFUnLXAQAAaIFogimBctgBAAB9ctkBAABohWiGc2JqVgEAAEtLaHBNWx1of1gHAAAARG9sb3Jl\nc3LaAQAAapEBAABYBwAAAGRvbG9yZXNy2wEAAGqTAQAAaooBAABVCS04Ni4yMTUzNYVSctwBAAB1\nYmh7ankBAABdaHyHUnLdAQAAfXLeAQAAKGqJAQAAaooBAABVCDExLjg1NTcyhVJy3wEAAGqMAQAA\naooBAABVATCFUnLgAQAAaIFogimBcuEBAAB9cuIBAABohWiGc2JqVgEAAEtLaHBNYB1of1gIAAAA\nRGlyaWFtYmFy4wEAAGqRAQAAWAgAAABkaXJpYW1iYXLkAQAAapMBAABqigEAAFUJLTg2LjI0MDc0\nhVJy5QEAAHViaHtqeQEAAF1ofIdScuYBAAB9cucBAAAoaokBAABqigEAAFUIMTEuODMyMjSFUnLo\nAQAAaowBAABqigEAAFUBMIVScukBAABogWiCKYFy6gEAAH1y6wEAAGiFaIZzYmpWAQAAS0tocE1l\nHWh/WAoAAABFbCBSb3NhcmlvcuwBAABqkQEAAFgKAAAARWwtcm9zYXJpb3LtAQAAapMBAABqigEA\nAFUJLTg2LjE2NDg0hVJy7gEAAHViaHtqeQEAAF1ofIdScu8BAAB9cvABAAAoaokBAABqigEAAFUI\nMTEuODIyMDaFUnLxAQAAaowBAABqigEAAFUBMIVScvIBAABogWiCKYFy8wEAAH1y9AEAAGiFaIZz\nYmpWAQAAS0tocE1qHWh/WBAAAABMYSBQYXogZGUgQ2FyYXpvcvUBAABqkQEAAFgQAAAATGEtcGF6\nLWRlLWNhcmF6b3L2AQAAapMBAABqigEAAFUILTg2LjEyNzWFUnL3AQAAdWJoe2p5AQAAXWh8h1Jy\n+AEAAH1y+QEAAChqiQEAAGqKAQAAVQgxMS44MDI3MoVScvoBAABqjAEAAGqKAQAAVQEwhVJy+wEA\nAGiBaIIpgXL8AQAAfXL9AQAAaIVohnNialYBAABLS2hwTW8daH9YDAAAAFNhbnRhIFRlcmVzYXL+\nAQAAapEBAABYDAAAAFNhbnRhLXRlcmV6YXL/AQAAapMBAABqigEAAFUJLTg2LjE2MjgxhVJyAAIA\nAHViaHtqeQEAAF1ofIdScgECAAB9cgICAAAoaokBAABqigEAAFUIMTEuNzMzMzaFUnIDAgAAaowB\nAABqigEAAFUBMIVScgQCAABogWiCKYFyBQIAAH1yBgIAAGiFaIZzYmpWAQAAS0tocE10HWh/WAwA\nAABMYSBDb25xdWlzdGFyBwIAAGqRAQAAWAwAAABMYS1jb25xdWlzdGFyCAIAAGqTAQAAaooBAABV\nCS04Ni4xOTI5N4VScgkCAAB1Ymh7ankBAABdaHyHUnIKAgAAfXILAgAAKGqJAQAAaooBAABVCDEz\nLjI3NTk2hVJyDAIAAGqMAQAAaooBAABVATCFUnINAgAAaIFogimBcg4CAAB9cg8CAABohWiGc2Jq\nVgEAAEseaHBNvQtof1gTAAAAU2FuIFBlZHJvIGRlbCBOb3J0ZXIQAgAAapEBAABYEwAAAFNhbi1w\nZWRyby1kZWwtbm9ydGVyEQIAAGqTAQAAaooBAABVCS04Ni44Nzc3N4VSchICAAB1Ymh7ankBAABd\naHyHUnITAgAAfXIUAgAAKGqJAQAAaooBAABVCDEzLjIwMDE2hVJyFQIAAGqMAQAAaooBAABVATCF\nUnIWAgAAaIFogimBchcCAAB9chgCAABohWiGc2JqVgEAAEseaHBNwgtof1gXAAAAU2FuIEZyYW5j\naXNjbyBkZWwgTm9ydGVyGQIAAGqRAQAAWBcAAABTYW4tZnJhbmNpc2NvLWRlbC1ub3J0ZXIaAgAA\napMBAABqigEAAFUJLTg2Ljc3MTkyhVJyGwIAAHViaHtqeQEAAF1ofIdSchwCAAB9ch0CAAAoaokB\nAABqigEAAFUIMTMuMjMwMzaFUnIeAgAAaowBAABqigEAAFUBMIVSch8CAABogWiCKYFyIAIAAH1y\nIQIAAGiFaIZzYmpWAQAASx5ocE3HC2h/WAsAAABDaW5jbyBQaW5vc3IiAgAAapEBAABYCwAAAENp\nbmNvLXBpbm9zciMCAABqkwEAAGqKAQAAVQktODYuODY3MTmFUnIkAgAAdWJoe2p5AQAAXWh8h1Jy\nJQIAAH1yJgIAAChqiQEAAGqKAQAAVQgxMy4xODcwMYVScicCAABqjAEAAGqKAQAAVQEwhVJyKAIA\nAGiBaIIpgXIpAgAAfXIqAgAAaIVohnNialYBAABLHmhwTcwLaH9YFgAAAFNhbnRvIFRvbcOhcyBk\nZWwgTm9ydGVyKwIAAGqRAQAAWBUAAABTYW50by10b21hcy1kZWwtbm9ydGVyLAIAAGqTAQAAaooB\nAABVCS04Ni45MjM1MoVSci0CAAB1Ymh7ankBAABdaHyHUnIuAgAAfXIvAgAAKGqJAQAAaooBAABV\nCDEyLjY2MjI4hVJyMAIAAGqMAQAAaooBAABVATCFUnIxAgAAaIFogimBcjICAAB9cjMCAABohWiG\nc2JqVgEAAEseaHBN0Qtof1gIAAAARWwgVmllam9yNAIAAGqRAQAAWAgAAABFbC12aWVqb3I1AgAA\napMBAABqigEAAFUJLTg3LjE2NTQxhVJyNgIAAHViaHtqeQEAAF1ofIdScjcCAAB9cjgCAAAoaokB\nAABqigEAAFUIMTIuNzY3MjGFUnI5AgAAaowBAABqigEAAFUBMIVScjoCAABogWiCKYFyOwIAAH1y\nPAIAAGiFaIZzYmpWAQAASx5ocE3WC2h/WA0AAABQdG8uIE1vcmF6w6Fucj0CAABqkQEAAFgOAAAA\nUHVlcnRvLW1vcmF6YW5yPgIAAGqTAQAAaooBAABVCS04Ny4xMzM4OIVScj8CAAB1Ymh7ankBAABd\naHyHUnJAAgAAfXJBAgAAKGqJAQAAaooBAABVCDEzLjA0NDk1hVJyQgIAAGqMAQAAaooBAABVATCF\nUnJDAgAAaIFogimBckQCAAB9ckUCAABohWiGc2JqVgEAAEseaHBN2wtof1gJAAAAU29tb3RpbGxv\nckYCAABqkQEAAFgJAAAAc29tb3RpbGxvckcCAABqkwEAAGqKAQAAVQktODYuOTA0OTmFUnJIAgAA\ndWJoe2p5AQAAXWh8h1JySQIAAH1ySgIAAChqiQEAAGqKAQAAVQgxMi45NjM5MYVScksCAABqjAEA\nAGqKAQAAVQEwhVJyTAIAAGiBaIIpgXJNAgAAfXJOAgAAaIVohnNialYBAABLHmhwTeALaH9YCgAA\nAFZpbGxhbnVldmFyTwIAAGqRAQAAWAoAAAB2aWxsYW51ZXZhclACAABqkwEAAGqKAQAAVQktODYu\nODE0NjiFUnJRAgAAdWJoe2p5AQAAXWh8h1JyUgIAAH1yUwIAAChqiQEAAGqKAQAAVQgxMi42Mjg3\nMoVSclQCAABqjAEAAGqKAQAAVQEwhVJyVQIAAGiBaIIpgXJWAgAAfXJXAgAAaIVohnNialYBAABL\nHmhwTeULaH9YCgAAAENoaW5hbmRlZ2FyWAIAAGqRAQAAWAoAAABjaGluYW5kZWdhclkCAABqkwEA\nAGqKAQAAVQktODcuMTMxNDmFUnJaAgAAdWJoe2p5AQAAXWh8h1JyWwIAAH1yXAIAAChqiQEAAGqK\nAQAAVQgxMi41NDU1MYVScl0CAABqjAEAAGqKAQAAVQEwhVJyXgIAAGiBaIIpgXJfAgAAfXJgAgAA\naIVohnNialYBAABLHmhwTeoLaH9YCgAAAEVsIFJlYWxlam9yYQIAAGqRAQAAWAoAAABFbC1yZWFs\nZWpvcmICAABqkwEAAGqKAQAAVQktODcuMTY3MzaFUnJjAgAAdWJoe2p5AQAAXWh8h1JyZAIAAH1y\nZQIAAChqiQEAAGqKAQAAVQgxMi40ODQ2MYVScmYCAABqjAEAAGqKAQAAVQEwhVJyZwIAAGiBaIIp\ngXJoAgAAfXJpAgAAaIVohnNialYBAABLHmhwTe8LaH9YBwAAAENvcmludG9yagIAAGqRAQAAWAcA\nAABjb3JpbnRvcmsCAABqkwEAAGqKAQAAVQktODcuMTcxMjKFUnJsAgAAdWJoe2p5AQAAXWh8h1Jy\nbQIAAH1ybgIAAChqiQEAAGqKAQAAVQgxMi41NzIyNIVScm8CAABqjAEAAGqKAQAAVQEwhVJycAIA\nAGiBaIIpgXJxAgAAfXJyAgAAaIVohnNialYBAABLHmhwTfQLaH9YCwAAAENoaWNoaWdhbHBhcnMC\nAABqkQEAAFgLAAAAY2hpY2hpZ2FscGFydAIAAGqTAQAAaooBAABVCS04Ny4wMjg0OYVScnUCAAB1\nYmh7ankBAABdaHyHUnJ2AgAAfXJ3AgAAKGqJAQAAaooBAABVBzEyLjU0NDGFUnJ4AgAAaowBAABq\nigEAAFUBMIVScnkCAABogWiCKYFyegIAAH1yewIAAGiFaIZzYmpWAQAASx5ocE35C2h/WAkAAABQ\nb3NvbHRlZ2FyfAIAAGqRAQAAWAkAAABwb3NvdGVsZ2FyfQIAAGqTAQAAaooBAABVCC04Ni45ODAx\nhVJyfgIAAHViaHtqeQEAAF1ofIdScn8CAAB9coACAAAoaokBAABqigEAAFUHMTIuMjgzNIVScoEC\nAABqjAEAAGqKAQAAVQEwhVJyggIAAGiBaIIpgXKDAgAAfXKEAgAAaIVohnNialYBAABLQWhwTWkZ\naH9YCAAAAENvbWFsYXBhcoUCAABqkQEAAFgIAAAAY29tYWxhcGFyhgIAAGqTAQAAaooBAABVCS04\nNS41MTE0MoVScocCAAB1Ymh7ankBAABdaHyHUnKIAgAAfXKJAgAAKGqJAQAAaooBAABVCDEyLjI2\nNjcxhVJyigIAAGqMAQAAaooBAABVATCFUnKLAgAAaIFogimBcowCAAB9co0CAABohWiGc2JqVgEA\nAEtBaHBNaxlof1gTAAAAU2FuIEZyYW5jaXNjbyBDdWFwYXKOAgAAapEBAABYEwAAAFNhbi1mcmFu\nY2lzY28tY3VhcGFyjwIAAGqTAQAAaooBAABVCS04NS4zODMwOIVScpACAAB1Ymh7ankBAABdaHyH\nUnKRAgAAfXKSAgAAKGqJAQAAaooBAABVBzEyLjEwNTiFUnKTAgAAaowBAABqigEAAFUBMIVScpQC\nAABogWiCKYFylQIAAH1ylgIAAGiFaIZzYmpWAQAAS0FocE1uGWh/WAgAAABKdWlnYWxwYXKXAgAA\napEBAABYCAAAAGp1aWdhbHBhcpgCAABqkwEAAGqKAQAAVQktODUuMzY4NDKFUnKZAgAAdWJoe2p5\nAQAAXWh8h1JymgIAAH1ymwIAAChqiQEAAGqKAQAAVQgxMi4yMTUzOYVScpwCAABqjAEAAGqKAQAA\nVQEwhVJynQIAAGiBaIIpgXKeAgAAfXKfAgAAaIVohnNialYBAABLQWhwTXMZaH9YCwAAAExhIExp\nYmVydGFkcqACAABqkQEAAFgLAAAATGEtbGliZXJ0YWRyoQIAAGqTAQAAaooBAABVCS04NS4xNjU0\nOYVScqICAAB1Ymh7ankBAABdaHyHUnKjAgAAfXKkAgAAKGqJAQAAaooBAABVCDEyLjI2MzAxhVJy\npQIAAGqMAQAAaooBAABVATCFUnKmAgAAaIFogimBcqcCAAB9cqgCAABohWiGc2JqVgEAAEtBaHBN\neBlof1gNAAAAU2FudG8gRG9taW5nb3KpAgAAapEBAABYDQAAAFNhbnRvLWRvbWluZ29yqgIAAGqT\nAQAAaooBAABVCS04NS4wODIzMoVScqsCAAB1Ymh7ankBAABdaHyHUnKsAgAAfXKtAgAAKGqJAQAA\naooBAABVCDEyLjA2OTAyhVJyrgIAAGqMAQAAaooBAABVATCFUnKvAgAAaIFogimBcrACAAB9crEC\nAABohWiGc2JqVgEAAEtBaHBNfRlof1gMAAAAU2FudG8gVG9tw6FzcrICAABqkQEAAFgLAAAAU2Fu\ndG8tdG9tYXNyswIAAGqTAQAAaooBAABVCC04NS4wOTM0hVJytAIAAHViaHtqeQEAAF1ofIdScrUC\nAAB9crYCAAAoaokBAABqigEAAFUIMTIuMTI4NTKFUnK3AgAAaowBAABqigEAAFUBMIVScrgCAABo\ngWiCKYFyuQIAAH1yugIAAGiFaIZzYmpWAQAAS0FocE2CGWh/WBQAAABTYW4gUGVkcm8gZGUgTMOz\ndmFnb3K7AgAAapEBAABYEwAAAFNhbi1wZWRyby1kZS1sb3ZhZ29yvAIAAGqTAQAAaooBAABVCS04\nNS4xMTU3MoVScr0CAAB1Ymh7ankBAABdaHyHUnK+AgAAfXK/AgAAKGqJAQAAaooBAABVCDExLjk2\nNzY0hVJywAIAAGqMAQAAaooBAABVATCFUnLBAgAAaIFogimBcsICAAB9csMCAABohWiGc2JqVgEA\nAEtBaHBNhxlof1gHAAAAQWNveWFwYXLEAgAAapEBAABYBwAAAGFjb3lhcGFyxQIAAGqTAQAAaooB\nAABVCS04NS4xNzA0NIVScsYCAAB1Ymh7ankBAABdaHyHUnLHAgAAfXLIAgAAKGqJAQAAaooBAABV\nCDEyLjA0Nzc5hVJyyQIAAGqMAQAAaooBAABVATCFUnLKAgAAaIFogimBcssCAAB9cswCAABohWiG\nc2JqVgEAAEtBaHBNjBlof1gNAAAAVmlsbGEgU2FuZGlub3LNAgAAapEBAABYDQAAAFZpbGxhLXNh\nbmRpbm9yzgIAAGqTAQAAaooBAABVCS04NC45OTMzNIVScs8CAAB1Ymh7ankBAABdaHyHUnLQAgAA\nfXLRAgAAKGqJAQAAaooBAABVCDExLjkxNTc2hVJy0gIAAGqMAQAAaooBAABVATCFUnLTAgAAaIFo\ngimBctQCAAB9ctUCAABohWiGc2JqVgEAAEtBaHBNkRlof1gIAAAARWwgQ29yYWxy1gIAAGqRAQAA\nWAgAAABFbC1jb3JhbHLXAgAAapMBAABqigEAAFUJLTg0LjY1MDQxhVJy2AIAAHViaHtqeQEAAF1o\nfIdSctkCAAB9ctoCAAAoaokBAABqigEAAFUIMTMuMzc5MzeFUnLbAgAAaowBAABqigEAAFUBMIVS\nctwCAABogWiCKYFy3QIAAH1y3gIAAGiFaIZzYmpWAQAASxlocE3JCWh/WAwAAABQdWVibG8gTnVl\ndm9y3wIAAGqRAQAAWAwAAABQdWVibG8tbnVldm9y4AIAAGqTAQAAaooBAABVCS04Ni40ODA3N4VS\ncuECAAB1Ymh7ankBAABdaHyHUnLiAgAAfXLjAgAAKGqJAQAAaooBAABVCDEzLjM2MjEzhVJy5AIA\nAGqMAQAAaooBAABVATCFUnLlAgAAaIFogimBcuYCAAB9cucCAABohWiGc2JqVgEAAEsZaHBNzglo\nf1gHAAAAQ29uZGVnYXLoAgAAapEBAABYBwAAAGNvbmRlZ2Fy6QIAAGqTAQAAaooBAABVCS04Ni4z\nOTc4OYVScuoCAAB1Ymh7ankBAABdaHyHUnLrAgAAfXLsAgAAKGqJAQAAaooBAABVCDEzLjA4OTQ4\nhVJy7QIAAGqMAQAAaooBAABVATCFUnLuAgAAaIFogimBcu8CAAB9cvACAABohWiGc2JqVgEAAEsZ\naHBN0wlof1gHAAAARXN0ZWzDrXLxAgAAapEBAABYBgAAAGVzdGVsaXLyAgAAapMBAABqigEAAFUJ\nLTg2LjM1NTUxhVJy8wIAAHViaHtqeQEAAF1ofIdScvQCAAB9cvUCAAAoaokBAABqigEAAFUIMTMu\nMTc0ODmFUnL2AgAAaowBAABqigEAAFUBMIVScvcCAABogWiCKYFy+AIAAH1y+QIAAGiFaIZzYmpW\nAQAASxlocE3YCWh/WBEAAABTYW4gSnVhbiBkZSBMaW1heXL6AgAAapEBAABYDQAAAFNhbmp1YW4t\nbGltYXly+wIAAGqTAQAAaooBAABVCS04Ni42MTIzNIVScvwCAAB1Ymh7ankBAABdaHyHUnL9AgAA\nfXL+AgAAKGqJAQAAaooBAABVCDEyLjk2ODIzhVJy/wIAAGqMAQAAaooBAABVATCFUnIAAwAAaIFo\ngimBcgEDAAB9cgIDAABohWiGc2JqVgEAAEsZaHBN3Qlof1gLAAAATGEgVHJpbmlkYWRyAwMAAGqR\nAQAAWAgAAAB0cmluaWRhZHIEAwAAapMBAABqigEAAFUJLTg2LjIzNjA0hVJyBQMAAHViaHtqeQEA\nAF1ofIdScgYDAAB9cgcDAAAoaokBAABqigEAAFUIMTIuOTMzMTKFUnIIAwAAaowBAABqigEAAFUB\nMIVScgkDAABogWiCKYFyCgMAAH1yCwMAAGiFaIZzYmpWAQAASxlocE3iCWh/WAwAAABTYW4gTmlj\nb2zDoXNyDAMAAGqRAQAAWAsAAABTYW4tbmljb2xhc3INAwAAapMBAABqigEAAFUHLTg2LjM0N4VS\ncg4DAAB1Ymh7ankBAABdaHyHUnIPAwAAfXIQAwAAKGqJAQAAaooBAABVCDExLjg4NDE2hVJyEQMA\nAGqMAQAAaooBAABVATCFUnISAwAAaIFogimBchMDAAB9chQDAABohWiGc2JqVgEAAEtGaHBNXRto\nf1gGAAAARGlyacOhchUDAABqkQEAAFgFAAAAZGlyaWFyFgMAAGqTAQAAaooBAABVCS04Ni4wNTU2\nNYVSchcDAAB1Ymh7ankBAABdaHyHUnIYAwAAfXIZAwAAKGqJAQAAaooBAABVCDExLjg3NDk0hVJy\nGgMAAGqMAQAAaooBAABVATCFUnIbAwAAaIFogimBchwDAAB9ch0DAABohWiGc2JqVgEAAEtGaHBN\nYhtof1gHAAAARGlyaW9tb3IeAwAAapEBAABYBwAAAGRpcmlvbW9yHwMAAGqTAQAAaooBAABVCC04\nNi4wNTExhVJyIAMAAHViaHtqeQEAAF1ofIdSciEDAAB9ciIDAAAoaokBAABqigEAAFUIMTEuOTMw\nOTWFUnIjAwAAaowBAABqigEAAFUBMIVSciQDAABogWiCKYFyJQMAAH1yJgMAAGiFaIZzYmpWAQAA\nS0ZocE1nG2h/WAcAAABHcmFuYWRhcicDAABqkQEAAFgHAAAAZ3JhbmFkYXIoAwAAapMBAABqigEA\nAFUJLTg1Ljk1Njk2hVJyKQMAAHViaHtqeQEAAF1ofIdScioDAAB9cisDAAAoaokBAABqigEAAFUH\nMTEuNzU2M4VSciwDAABqjAEAAGqKAQAAVQEwhVJyLQMAAGiBaIIpgXIuAwAAfXIvAwAAaIVohnNi\nalYBAABLRmhwTWwbaH9YCAAAAE5hbmRhaW1lcjADAABqkQEAAFgIAAAAbmFuZGFpbWVyMQMAAGqT\nAQAAaooBAABVCS04Ni4wNTM0NYVScjIDAAB1Ymh7ankBAABdaHyHUnIzAwAAfXI0AwAAKGqJAQAA\naooBAABVBzEzLjYyMTOFUnI1AwAAaowBAABqigEAAFUBMIVScjYDAABogWiCKYFyNwMAAH1yOAMA\nAGiFaIZzYmpWAQAASwpocE3tA2h/WAcAAABXaXdpbMOtcjkDAABqkQEAAFgGAAAAV2l3aWxpcjoD\nAABqkwEAAGqKAQAAVQktODUuODE4NjSFUnI7AwAAdWJoe2p5AQAAXWh8h1JyPAMAAH1yPQMAAChq\niQEAAGqKAQAAVQgxMy4zNjc2NIVScj4DAABqjAEAAGqKAQAAVQEwhVJyPwMAAGiBaIIpgXJAAwAA\nfXJBAwAAaIVohnNialYBAABLCmhwTfIDaH9YBwAAAEVsIEPDumFyQgMAAGqRAQAAWAYAAABFbC1j\ndWFyQwMAAGqTAQAAaooBAABVCC04NS42NzMzhVJyRAMAAHViaHtqeQEAAF1ofIdSckUDAAB9ckYD\nAAAoaokBAABqigEAAFUIMTMuNjE5NzaFUnJHAwAAaowBAABqigEAAFUBMIVSckgDAABogWiCKYFy\nSQMAAH1ySgMAAGiFaIZzYmpWAQAASwpocE30A2h/WA8AAABTYW4gSm9zw6kgQm9jYXlySwMAAGqR\nAQAAWA4AAABTYW4tam9zZS1ib2NheXJMAwAAapMBAABqigEAAFUILTg1LjUwMDiFUnJNAwAAdWJo\ne2p5AQAAXWh8h1JyTgMAAH1yTwMAAChqiQEAAGqKAQAAVQgxMy4zNjY2N4VSclADAABqjAEAAGqK\nAQAAVQEwhVJyUQMAAGiBaIIpgXJSAwAAfXJTAwAAaIVohnNialYBAABLCmhwTfcDaH9YFwAAAFN0\nYS4gTWFyw61hIGRlIFBhbnRhc21hclQDAABqkQEAAFgUAAAAU2FudGEtbWFyaWEtcGFudGFzbWFy\nVQMAAGqTAQAAaooBAABVBi04NS45NYVSclYDAAB1Ymh7ankBAABdaHyHUnJXAwAAfXJYAwAAKGqJ\nAQAAaooBAABVCDEzLjIxMzkxhVJyWQMAAGqMAQAAaooBAABVATCFUnJaAwAAaIFogimBclsDAAB9\nclwDAABohWiGc2JqVgEAAEsKaHBN/ANof1gUAAAAU2FuIFJhZmFlbCBkZWwgTm9ydGVyXQMAAGqR\nAQAAWBQAAABTYW4tcmFmYWVsLWRlbC1ub3J0ZXJeAwAAapMBAABqigEAAFUJLTg2LjExMDQzhVJy\nXwMAAHViaHtqeQEAAF1ofIdScmADAAB9cmEDAAAoaokBAABqigEAAFUGMTMuMzA1hVJyYgMAAGqM\nAQAAaooBAABVATCFUnJjAwAAaIFogimBcmQDAAB9cmUDAABohWiGc2JqVgEAAEsKaHBNAQRof1gW\nAAAAU2FuIFNlYmFzdGlhbiBkZSBZYWzDrXJmAwAAapEBAABYBAAAAHlhbGlyZwMAAGqTAQAAaooB\nAABVCS04Ni4xODYzNoVScmgDAAB1Ymh7ankBAABdaHyHUnJpAwAAfXJqAwAAKGqJAQAAaooBAABV\nCDEzLjE5NTM1hVJyawMAAGqMAQAAaooBAABVATCFUnJsAwAAaIFogimBcm0DAAB9cm4DAABohWiG\nc2JqVgEAAEsKaHBNBgRof1gMAAAATGEgQ29uY29yZGlhcm8DAABqkQEAAFgMAAAATGEtY29uY29y\nZGlhcnADAABqkwEAAGqKAQAAVQktODYuMTY2OTOFUnJxAwAAdWJoe2p5AQAAXWh8h1JycgMAAH1y\ncwMAAChqiQEAAGqKAQAAVQgxMy4wOTE2NYVScnQDAABqjAEAAGqKAQAAVQEwhVJydQMAAGiBaIIp\ngXJ2AwAAfXJ3AwAAaIVohnNialYBAABLCmhwTQsEaH9YCAAAAEppbm90ZWdhcngDAABqkQEAAFgI\nAAAAamlub3RlZ2FyeQMAAGqTAQAAaooBAABVCS04Ni4wMDEyMYVScnoDAAB1Ymh7ankBAABdaHyH\nUnJ7AwAAfXJ8AwAAKGqJAQAAaooBAABVCDEzLjA1NDMzhVJyfQMAAGqMAQAAaooBAABVATCFUnJ+\nAwAAaIFogimBcn8DAAB9coADAABohWiGc2JqVgEAAEsjaHBNsQ1of1gHAAAAQWNodWFwYXKBAwAA\napEBAABYBwAAAGFjaHVhcGFyggMAAGqTAQAAaooBAABVCC04Ni41OTA3hVJygwMAAHViaHtqeQEA\nAF1ofIdScoQDAAB9coUDAAAoaokBAABqigEAAFUIMTIuODg2OTSFUnKGAwAAaowBAABqigEAAFUB\nMIVScocDAABogWiCKYFyiAMAAH1yiQMAAGiFaIZzYmpWAQAASyNocE22DWh/WAgAAABFbCBTYXVj\nZXKKAwAAapEBAABYCAAAAEVsLXNhdWNlcosDAABqkwEAAGqKAQAAVQktODYuNTM5NTKFUnKMAwAA\ndWJoe2p5AQAAXWh8h1JyjQMAAH1yjgMAAChqiQEAAGqKAQAAVQgxMi44MDE0MoVSco8DAABqjAEA\nAGqKAQAAVQEwhVJykAMAAGiBaIIpgXKRAwAAfXKSAwAAaIVohnNialYBAABLI2hwTbsNaH9YFQAA\nAFNhbnRhIFJvc2EgZGVsIFBlw7FvbnKTAwAAapEBAABYFAAAAFNhbnRhLXJvc2EtZGVsLXBlbm9u\ncpQDAABqkwEAAGqKAQAAVQktODYuMzcxNDSFUnKVAwAAdWJoe2p5AQAAXWh8h1JylgMAAH1ylwMA\nAChqiQEAAGqKAQAAVQgxMi43MjY3MoVScpgDAABqjAEAAGqKAQAAVQEwhVJymQMAAGiBaIIpgXKa\nAwAAfXKbAwAAaIVohnNialYBAABLI2hwTcANaH9YCgAAAEVsIEppY2FyYWxynAMAAGqRAQAAWAoA\nAABFbC1qaWNhcmFscp0DAABqkwEAAGqKAQAAVQktODYuMzgxMzSFUnKeAwAAdWJoe2p5AQAAXWh8\nh1JynwMAAH1yoAMAAChqiQEAAGqKAQAAVQgxMi41OTMxMYVScqEDAABqjAEAAGqKAQAAVQEwhVJy\nogMAAGiBaIIpgXKjAwAAfXKkAwAAaIVohnNialYBAABLI2hwTcUNaH9YCgAAAExhcnJleW5hZ2Fy\npQMAAGqRAQAAWAoAAABsYXJyZXluYWdhcqYDAABqkwEAAGqKAQAAVQktODYuNjgwMTWFUnKnAwAA\ndWJoe2p5AQAAXWh8h1JyqAMAAH1yqQMAAChqiQEAAGqKAQAAVQgxMi41MjE1MoVScqoDAABqjAEA\nAGqKAQAAVQEwhVJyqwMAAGiBaIIpgXKsAwAAfXKtAwAAaIVohnNialYBAABLI2hwTcoNaH9YBgAA\nAFRlbGljYXKuAwAAapEBAABYBgAAAHRlbGljYXKvAwAAapMBAABqigEAAFUILTg2Ljg2MDOFUnKw\nAwAAdWJoe2p5AQAAXWh8h1JysQMAAH1ysgMAAChqiQEAAGqKAQAAVQgxMi41MDYxNIVScrMDAABq\njAEAAGqKAQAAVQEwhVJytAMAAGiBaIIpgXK1AwAAfXK2AwAAaIVohnNialYBAABLI2hwTc8NaH9Y\nDAAAAFF1ZXphbGd1YXF1ZXK3AwAAapEBAABYDAAAAHF1ZXphbGd1YXF1ZXK4AwAAapMBAABqigEA\nAFUJLTg2LjkwMzY2hVJyuQMAAHViaHtqeQEAAF1ofIdScroDAAB9crsDAAAoaokBAABqigEAAFUI\nMTIuNDM0ODGFUnK8AwAAaowBAABqigEAAFUBMIVScr0DAABogWiCKYFyvgMAAH1yvwMAAGiFaIZz\nYmpWAQAASyNocE3UDWh/WAUAAABMZcOzbnLAAwAAapEBAABYBAAAAGxlb25ywQMAAGqTAQAAaooB\nAABVCS04Ni44ODE3NIVScsIDAAB1Ymh7ankBAABdaHyHUnLDAwAAfXLEAwAAKGqJAQAAaooBAABV\nCDEyLjM0MDExhVJyxQMAAGqMAQAAaooBAABVATCFUnLGAwAAaIFogimBcscDAAB9csgDAABohWiG\nc2JqVgEAAEsjaHBN2Q1of1gNAAAATGEgUGF6IENlbnRyb3LJAwAAapEBAABYDQAAAExhLXBhei1j\nZW50cm9yygMAAGqTAQAAaooBAABVCS04Ni42NzYyNYVScssDAAB1Ymh7ankBAABdaHyHUnLMAwAA\nfXLNAwAAKGqJAQAAaooBAABVCDEyLjI2NTMxhVJyzgMAAGqMAQAAaooBAABVATCFUnLPAwAAaIFo\ngimBctADAAB9ctEDAABohWiGc2JqVgEAAEsjaHBN3g1of1gIAAAATmFnYXJvdGVy0gMAAGqRAQAA\nWAgAAABuYWdhcm90ZXLTAwAAapMBAABqigEAAFUJLTg2LjU2ODEyhVJy1AMAAHViaHtqeQEAAF1o\nfIdSctUDAAB9ctYDAAAoaokBAABqigEAAFUIMTMuNDgxMjmFUnLXAwAAaowBAABqigEAAFUBMIVS\nctgDAABogWiCKYFy2QMAAH1y2gMAAGiFaIZzYmpWAQAASxRocE3VB2h/WAYAAABTb21vdG9y2wMA\nAGqRAQAAWAYAAABzb21vdG9y3AMAAGqTAQAAaooBAABVCS04Ni41ODMzN4VSct0DAAB1Ymh7ankB\nAABdaHyHUnLeAwAAfXLfAwAAKGqJAQAAaooBAABVCDEzLjU2MzM2hVJy4AMAAGqMAQAAaooBAABV\nATCFUnLhAwAAaIFogimBcuIDAAB9cuMDAABohWiGc2JqVgEAAEsUaHBN2gdof1gJAAAAVG90b2dh\nbHBhcuQDAABqkQEAAFgJAAAAdG90b2dhbHBhcuUDAABqkwEAAGqKAQAAVQktODYuNDkyODGFUnLm\nAwAAdWJoe2p5AQAAXWh8h1Jy5wMAAH1y6AMAAChqiQEAAGqKAQAAVQgxMy41MzEzMYVScukDAABq\njAEAAGqKAQAAVQEwhVJy6gMAAGiBaIIpgXLrAwAAfXLsAwAAaIVohnNialYBAABLFGhwTd8HaH9Y\nCQAAAFRlbHBhbmVjYXLtAwAAapEBAABYCQAAAHRlbHBhbmVjYXLuAwAAapMBAABqigEAAFUJLTg2\nLjI4NjkzhVJy7wMAAHViaHtqeQEAAF1ofIdScvADAAB9cvEDAAAoaokBAABqigEAAFUIMTMuNTQ0\nNTiFUnLyAwAAaowBAABqigEAAFUBMIVScvMDAABogWiCKYFy9AMAAH1y9QMAAGiFaIZzYmpWAQAA\nSxRocE3kB2h/WBUAAABTYW4gSnVhbiBkZSBSw61vIENvY29y9gMAAGqRAQAAWBEAAABTYW4tanVh\nbi1yaW8tY29jb3L3AwAAapMBAABqigEAAFUJLTg2LjE2NTM3hVJy+AMAAHViaHtqeQEAAF1ofIdS\ncvkDAAB9cvoDAAAoaokBAABqigEAAFUIMTMuNDU1OTeFUnL7AwAAaowBAABqigEAAFUBMIVScvwD\nAABogWiCKYFy/QMAAH1y/gMAAGiFaIZzYmpWAQAASxRocE3pB2h/WAsAAABQYWxhY2FndWluYXL/\nAwAAapEBAABYCwAAAHBhbGFjYWd1aW5hcgAEAABqkwEAAGqKAQAAVQgtODYuNDA3MYVScgEEAAB1\nYmh7ankBAABdaHyHUnICBAAAfXIDBAAAKGqJAQAAaooBAABVCDEzLjQ4MzUxhVJyBAQAAGqMAQAA\naooBAABVATCFUnIFBAAAaIFogimBcgYEAAB9cgcEAABohWiGc2JqVgEAAEsUaHBN7gdof1gJAAAA\nWWFsYWd1aW5hcggEAABqkQEAAFgJAAAAeWFsYWd1aW5hcgkEAABqkwEAAGqKAQAAVQktODYuNDkz\nNDSFUnIKBAAAdWJoe2p5AQAAXWh8h1JyCwQAAH1yDAQAAChqiQEAAGqKAQAAVQgxMy40MTM1OIVS\ncg0EAABqjAEAAGqKAQAAVQEwhVJyDgQAAGiBaIIpgXIPBAAAfXIQBAAAaIVohnNialYBAABLFGhw\nTfMHaH9YCQAAAFNhbiBMdWNhc3IRBAAAapEBAABYCQAAAFNhbi1sdWNhc3ISBAAAapMBAABqigEA\nAFUJLTg2LjYxMTc2hVJyEwQAAHViaHtqeQEAAF1ofIdSchQEAAB9chUEAAAoaokBAABqigEAAFUI\nMTMuMzQzMjSFUnIWBAAAaowBAABqigEAAFUBMIVSchcEAABogWiCKYFyGAQAAH1yGQQAAGiFaIZz\nYmpWAQAASxRocE34B2h/WAsAAABMYXMgU2FiYW5hc3IaBAAAapEBAABYCwAAAExhcy1zYWJhbmFz\nchsEAABqkwEAAGqKAQAAVQktODYuNjIxOTSFUnIcBAAAdWJoe2p5AQAAXWh8h1JyHQQAAH1yHgQA\nAChqiQEAAGqKAQAAVQgxMy4yODg0N4VSch8EAABqjAEAAGqKAQAAVQEwhVJyIAQAAGiBaIIpgXIh\nBAAAfXIiBAAAaIVohnNialYBAABLFGhwTf0HaH9YFAAAAFNhbiBKb3PDqSBkZSBDdXNtYXBhciME\nAABqkQEAAFgQAAAAU2FuLWpvc2UtY3VzbWFwYXIkBAAAapMBAABqigEAAFUJLTg2LjY1NDg5hVJy\nJQQAAHViaHtqeQEAAF1ofIdSciYEAAB9cicEAAAoaokBAABqigEAAFUIMTIuNTA0NTiFUnIoBAAA\naowBAABqigEAAFUBMIVScikEAABogWiCKYFyKgQAAH1yKwQAAGiFaIZzYmpWAQAASzdocE2BFWh/\nWBMAAABTYW4gRnJhbmNpc2NvIExpYnJlciwEAABqkQEAAFgTAAAAU2FuLWZyYW5jaXNjby1saWJy\nZXItBAAAapMBAABqigEAAFUJLTg2LjMwMTA1hVJyLgQAAHViaHtqeQEAAF1ofIdSci8EAAB9cjAE\nAAAoaokBAABqigEAAFUIMTIuMTk2NjKFUnIxBAAAaowBAABqigEAAFUBMIVScjIEAABogWiCKYFy\nMwQAAH1yNAQAAGiFaIZzYmpWAQAASzdocE2GFWh/WAgAAABUaXBpdGFwYXI1BAAAapEBAABYCAAA\nAHRpcGl0YXBhcjYEAABqkwEAAGqKAQAAVQktODYuMDk2ODKFUnI3BAAAdWJoe2p5AQAAXWh8h1Jy\nOAQAAH1yOQQAAChqiQEAAGqKAQAAVQgxMi4yMzUzNoVScjoEAABqjAEAAGqKAQAAVQEwhVJyOwQA\nAGiBaIIpgXI8BAAAfXI9BAAAaIVohnNialYBAABLN2hwTYsVaH9YBwAAAE1hdGVhcmVyPgQAAGqR\nAQAAWAcAAABtYXRlYXJlcj8EAABqkwEAAGqKAQAAVQktODYuNDMwMTOFUnJABAAAdWJoe2p5AQAA\nXWh8h1JyQQQAAH1yQgQAAChqiQEAAGqKAQAAVQgxMS45NzkyNIVSckMEAABqjAEAAGqKAQAAVQEw\nhVJyRAQAAGiBaIIpgXJFBAAAfXJGBAAAaIVohnNialYBAABLN2hwTZAVaH9YFAAAAFZpbGxhIENh\ncmxvcyBGb25zZWNhckcEAABqkQEAAFgUAAAAVmlsbGEtY2FybG9zLWZvbnNlY2FySAQAAGqTAQAA\naooBAABVCS04Ni41MDgwOYVSckkEAAB1Ymh7ankBAABdaHyHUnJKBAAAfXJLBAAAKGqJAQAAaooB\nAABVCDEyLjE2MDgyhVJyTAQAAGqMAQAAaooBAABVATCFUnJNBAAAaIFogimBck4EAAB9ck8EAABo\nhWiGc2JqVgEAAEs3aHBNkhVof1gOAAAAQ2l1ZGFkIFNhbmRpbm9yUAQAAGqRAQAAWA4AAABDaXVk\nYWQtc2FuZGlub3JRBAAAapMBAABqigEAAFUJLTg2LjM1MDA0hVJyUgQAAHViaHtqeQEAAF1ofIdS\nclMEAAB9clQEAAAoaokBAABqigEAAFUIMTIuMTQ3NDaFUnJVBAAAaowBAABqigEAAFUBMIVSclYE\nAABogWiCKYFyVwQAAH1yWAQAAGiFaIZzYmpWAQAASzdocE2VFWh/WAcAAABNYW5hZ3VhclkEAABq\nkQEAAFgHAAAAbWFuYWd1YXJaBAAAapMBAABqigEAAFUJLTg2LjI3MzM5hVJyWwQAAHViaHtqeQEA\nAF1ofIdSclwEAAB9cl0EAAAoaokBAABqigEAAFUIMTIuMDIxMjWFUnJeBAAAaowBAABqigEAAFUB\nMIVScl8EAABogWiCKYFyYAQAAH1yYQQAAGiFaIZzYmpWAQAASzdocE2aFWh/WAoAAABUaWN1YW50\nZXBlcmIEAABqkQEAAFgKAAAAdGljdWFudGVwZXJjBAAAapMBAABqigEAAFUJLTg2LjIwMjg4hVJy\nZAQAAHViaHtqeQEAAF1ofIdScmUEAAB9cmYEAAAoaokBAABqigEAAFUIMTEuOTc4NjWFUnJnBAAA\naowBAABqigEAAFUBMIVScmgEAABogWiCKYFyaQQAAH1yagQAAGiFaIZzYmpWAQAASzdocE2cFWh/\nWAoAAABFbCBDcnVjZXJvcmsEAABqkQEAAFgKAAAARWwtY3J1Y2Vyb3JsBAAAapMBAABqigEAAFUJ\nLTg2LjMxMDc2hVJybQQAAHViaHtqeQEAAF1ofIdScm4EAAB9cm8EAAAoaokBAABqigEAAFUIMTEu\nODQ2ODGFUnJwBAAAaowBAABqigEAAFUBMIVScnEEAABogWiCKYFycgQAAH1ycwQAAGiFaIZzYmpW\nAQAASzdocE2fFWh/WBIAAABTYW4gUmFmYWVsIGRlbCBTdXJydAQAAGqRAQAAWBIAAABTYW4tcmFm\nYWVsLWRlbC1zdXJydQQAAGqTAQAAaooBAABVCS04Ni40Mzk3N4VScnYEAAB1Ymh7ankBAABdaHyH\nUnJ3BAAAfXJ4BAAAKGqJAQAAaooBAABVCDEyLjAwMjQzhVJyeQQAAGqMAQAAaooBAABVATCFUnJ6\nBAAAaIFogimBcnsEAAB9cnwEAABohWiGc2JqVgEAAEs8aHBNdRdof1gIAAAATmluZGlyw61yfQQA\nAGqRAQAAWAcAAABuaW5kaXJpcn4EAABqkwEAAGqKAQAAVQktODYuMTIwNjeFUnJ/BAAAdWJoe2p5\nAQAAXWh8h1JygAQAAH1ygQQAAChqiQEAAGqKAQAAVQgxMS45NzczNYVScoIEAABqjAEAAGqKAQAA\nVQEwhVJygwQAAGiBaIIpgXKEBAAAfXKFBAAAaIVohnNialYBAABLPGhwTXoXaH9YBgAAAE1hc2F5\nYXKGBAAAapEBAABYBgAAAG1hc2F5YXKHBAAAapMBAABqigEAAFUJLTg2LjA5NjA2hVJyiAQAAHVi\naHtqeQEAAF1ofIdScokEAAB9cooEAAAoaokBAABqigEAAFUIMTIuMDgxMzOFUnKLBAAAaowBAABq\nigEAAFUBMIVScowEAABogWiCKYFyjQQAAH1yjgQAAGiFaIZzYmpWAQAASzxocE1/F2h/WAUAAABU\naXNtYXKPBAAAapEBAABYBQAAAHRpc21hcpAEAABqkwEAAGqKAQAAVQktODYuMDE5MjGFUnKRBAAA\ndWJoe2p5AQAAXWh8h1JykgQAAH1ykwQAAChqiQEAAGqKAQAAVQgxMS45MzYxNYVScpQEAABqjAEA\nAGqKAQAAVQEwhVJylQQAAGiBaIIpgXKWBAAAfXKXBAAAaIVohnNialYBAABLPGhwTYQXaH9YDgAA\nAExhIENvbmNlcGNpw7NucpgEAABqkQEAAFgNAAAATGEtY29uY2VwY2lvbnKZBAAAapMBAABqigEA\nAFUILTg2LjE5MjKFUnKaBAAAdWJoe2p5AQAAXWh8h1JymwQAAH1ynAQAAChqiQEAAGqKAQAAVQgx\nMS45MTM0NIVScp0EAABqjAEAAGqKAQAAVQEwhVJyngQAAGiBaIIpgXKfBAAAfXKgBAAAaIVohnNi\nalYBAABLPGhwTYkXaH9YCAAAAE1hc2F0ZXBlcqEEAABqkQEAAFgIAAAAbWFzYXRlcGVyogQAAGqT\nAQAAaooBAABVCS04Ni4xNDQ3NYVScqMEAAB1Ymh7ankBAABdaHyHUnKkBAAAfXKlBAAAKGqJAQAA\naooBAABVCDExLjkwOTMzhVJypgQAAGqMAQAAaooBAABVATCFUnKnBAAAaIFogimBcqgEAAB9cqkE\nAABohWiGc2JqVgEAAEs8aHBNjhdof1gIAAAATmFuZGFzbW9yqgQAAGqRAQAAWAgAAABuYW5kYXNt\nb3KrBAAAapMBAABqigEAAFUJLTg2LjEzMDU1hVJyrAQAAHViaHtqeQEAAF1ofIdScq0EAAB9cq4E\nAAAoaokBAABqigEAAFUIMTEuOTEwNziFUnKvBAAAaowBAABqigEAAFUBMIVScrAEAABogWiCKYFy\nsQQAAH1ysgQAAGiFaIZzYmpWAQAASzxocE2TF2h/WAgAAABDYXRhcmluYXKzBAAAapEBAABYCAAA\nAGNhdGFyaW5hcrQEAABqkwEAAGqKAQAAVQktODYuMDc0MDeFUnK1BAAAdWJoe2p5AQAAXWh8h1Jy\ntgQAAH1ytwQAAChqiQEAAGqKAQAAVQgxMS45MDQ3OYVScrgEAABqjAEAAGqKAQAAVQEwhVJyuQQA\nAGiBaIIpgXK6BAAAfXK7BAAAaIVohnNialYBAABLPGhwTZgXaH9YEwAAAFNhbiBKdWFuIGRlIE9y\naWVudGVyvAQAAGqRAQAAWBMAAABTYW4tanVhbi1kZS1vcmllbnRlcr0EAABqkwEAAGqKAQAAVQkt\nODYuMDczMTGFUnK+BAAAdWJoe2p5AQAAXWh8h1JyvwQAAH1ywAQAAChqiQEAAGqKAQAAVQgxMS45\nMDQwOIVScsEEAABqjAEAAGqKAQAAVQEwhVJywgQAAGiBaIIpgXLDBAAAfXLEBAAAaIVohnNialYB\nAABLPGhwTZ0XaH9YCwAAAE5pcXVpbm9ob21vcsUEAABqkQEAAFgJAAAAbmlxdWlub21vcsYEAABq\nkwEAAGqKAQAAVQktODYuMDk0NzKFUnLHBAAAdWJoe2p5AQAAXWh8h1JyyAQAAH1yyQQAAChqiQEA\nAGqKAQAAVQgxMy4yNTM1MoVScsoEAABqjAEAAGqKAQAAVQEwhVJyywQAAGiBaIIpgXLMBAAAfXLN\nBAAAaIVohnNialYBAABLKGhwTaUPaH9YDQAAAFJhbmNobyBHcmFuZGVyzgQAAGqRAQAAWA0AAABS\nYW5jaG8tZ3JhbmRlcs8EAABqkwEAAGqKAQAAVQktODUuNTUyNjiFUnLQBAAAdWJoe2p5AQAAXWh8\nh1Jy0QQAAH1y0gQAAChqiQEAAGqKAQAAVQgxMi45MzA0NIVSctMEAABqjAEAAGqKAQAAVQEwhVJy\n1AQAAGiBaIIpgXLVBAAAfXLWBAAAaIVohnNialYBAABLKGhwTaoPaH9YDQAAAFLDrcKtbyBCbGFu\nY29y1wQAAGqRAQAAWAoAAABSaW8tYmxhbmNvctgEAABqkwEAAGqKAQAAVQgtODUuMjI2MYVSctkE\nAAB1Ymh7ankBAABdaHyHUnLaBAAAfXLbBAAAKGqJAQAAaooBAABVCDEzLjEzNzM1hVJy3AQAAGqM\nAQAAaooBAABVATCFUnLdBAAAaIFogimBct4EAAB9ct8EAABohWiGc2JqVgEAAEsoaHBNrw9of1gS\nAAAARWwgVHVtYSAtIExhIERhbGlhcuAEAABqkQEAAFgHAAAARWwtdHVtYXLhBAAAapMBAABqigEA\nAFUJLTg1LjczNzg4hVJy4gQAAHViaHtqeQEAAF1ofIdScuMEAAB9cuQEAAAoaokBAABqigEAAFUI\nMTIuOTI5MzeFUnLlBAAAaowBAABqigEAAFUBMIVScuYEAABogWiCKYFy5wQAAH1y6AQAAGiFaIZz\nYmpWAQAASyhocE20D2h/WAoAAABTYW4gSXNpZHJvcukEAABqkQEAAFgKAAAAU2FuLWlzaWRyb3Lq\nBAAAapMBAABqigEAAFUILTg2LjE5NTWFUnLrBAAAdWJoe2p5AQAAXWh8h1Jy7AQAAH1y7QQAAChq\niQEAAGqKAQAAVQcxMi44NTE5hVJy7gQAAGqMAQAAaooBAABVATCFUnLvBAAAaIFogimBcvAEAAB9\ncvEEAABohWiGc2JqVgEAAEsoaHBNuQ9of1gHAAAAU8OpYmFjb3LyBAAAapEBAABYBgAAAHNlYmFj\nb3LzBAAAapMBAABqigEAAFUJLTg2LjA5Njk2hVJy9AQAAHViaHtqeQEAAF1ofIdScvUEAAB9cvYE\nAAAoaokBAABqigEAAFUIMTIuOTI3MDmFUnL3BAAAaowBAABqigEAAFUBMIVScvgEAABogWiCKYFy\n+QQAAH1y+gQAAGiFaIZzYmpWAQAASyhocE2+D2h/WAkAAABNYXRhZ2FscGFy+wQAAGqRAQAAWAkA\nAABtYXRhZ2FscGFy/AQAAGqTAQAAaooBAABVCS04NS45MTc0N4VScv0EAAB1Ymh7ankBAABdaHyH\nUnL+BAAAfXL/BAAAKGqJAQAAaooBAABVCDEyLjkyMjU0hVJyAAUAAGqMAQAAaooBAABVATCFUnIB\nBQAAaIFogimBcgIFAAB9cgMFAABohWiGc2JqVgEAAEsoaHBNww9of1gKAAAAU2FuIFJhbcOzbnIE\nBQAAapEBAABYCQAAAFNhbi1yYW1vbnIFBQAAapMBAABqigEAAFUJLTg1LjgzOTY4hVJyBgUAAHVi\naHtqeQEAAF1ofIdScgcFAAB9cggFAAAoaokBAABqigEAAFUHMTIuODM3MYVScgkFAABqjAEAAGqK\nAQAAVQEwhVJyCgUAAGiBaIIpgXILBQAAfXIMBQAAaIVohnNialYBAABLKGhwTcgPaH9YCQAAAE1h\ndGlndcOhc3INBQAAapEBAABYCAAAAG1hdGlndWFzcg4FAABqkwEAAGqKAQAAVQktODUuNDYwNzmF\nUnIPBQAAdWJoe2p5AQAAXWh8h1JyEAUAAH1yEQUAAChqiQEAAGqKAQAAVQgxMi43NjEyNYVSchIF\nAABqjAEAAGqKAQAAVQEwhVJyEwUAAGiBaIIpgXIUBQAAfXIVBQAAaIVohnNialYBAABLKGhwTc0P\naH9YBwAAAE11eSBNdXlyFgUAAGqRAQAAWAYAAABtdXltdXlyFwUAAGqTAQAAaooBAABVCS04NS42\nMzEyM4VSchgFAAB1Ymh7ankBAABdaHyHUnIZBQAAfXIaBQAAKGqJAQAAaooBAABVCDEyLjY2NDQ2\nhVJyGwUAAGqMAQAAaooBAABVATCFUnIcBQAAaIFogimBch0FAAB9ch4FAABohWiGc2JqVgEAAEso\naHBN0g9of1gKAAAARXNxdWlwdWxhc3IfBQAAapEBAABYCgAAAGVzcXVpcHVsYXNyIAUAAGqTAQAA\naooBAABVCS04NS43ODkwOYVSciEFAAB1Ymh7ankBAABdaHyHUnIiBQAAfXIjBQAAKGqJAQAAaooB\nAABVBzEyLjc2MTmFUnIkBQAAaowBAABqigEAAFUBMIVSciUFAABogWiCKYFyJgUAAH1yJwUAAGiF\naIZzYmpWAQAASyhocE3XD2h/WAwAAABTYW4gRGlvbmlzaW9yKAUAAGqRAQAAWAwAAABTYW4tZGlv\nbmlzaW9yKQUAAGqTAQAAaooBAABVCS04NS44NTA5MYVScioFAAB1Ymh7ankBAABdaHyHUnIrBQAA\nfXIsBQAAKGqJAQAAaooBAABVCDEyLjczMDA5hVJyLQUAAGqMAQAAaooBAABVATCFUnIuBQAAaIFo\ngimBci8FAAB9cjAFAABohWiGc2JqVgEAAEsoaHBN3A9of1gJAAAAVGVycmFib25hcjEFAABqkQEA\nAFgJAAAAdGVycmFib25hcjIFAABqkwEAAGqKAQAAVQktODUuOTY0ODeFUnIzBQAAdWJoe2p5AQAA\nXWh8h1JyNAUAAH1yNQUAAChqiQEAAGqKAQAAVQUxMi43M4VScjYFAABqjAEAAGqKAQAAVQEwhVJy\nNwUAAGiBaIIpgXI4BQAAfXI5BQAAaIVohnNialYBAABLKGhwTeEPaH9YDwAAAENpdWRhZCBEYXLD\nrcKtb3I6BQAAapEBAABYDAAAAENpdWRhZC1kYXJpb3I7BQAAapMBAABqigEAAFUJLTg2LjEyNDU3\nhVJyPAUAAHViaHtqeQEAAF1ofIdScj0FAAB9cj4FAAAoaokBAABqigEAAFUIMTMuOTIyODaFUnI/\nBQAAaowBAABqigEAAFUBMIVSckAFAABogWiCKYFyQQUAAH1yQgUAAGiFaIZzYmpWAQAASwVocE35\nAWh/WAYAAABKYWxhcGFyQwUAAGqRAQAAWAYAAABqYWxhcGFyRAUAAGqTAQAAaooBAABVCC04Ni4x\nMjUyhVJyRQUAAHViaHtqeQEAAF1ofIdSckYFAAB9ckcFAAAoaokBAABqigEAAFUGMTMuNzU5hVJy\nSAUAAGqMAQAAaooBAABVATCFUnJJBQAAaIFogimBckoFAAB9cksFAABohWiGc2JqVgEAAEsFaHBN\n/gFof1gFAAAATXVycmFyTAUAAGqRAQAAWAUAAABtdXJyYXJNBQAAapMBAABqigEAAFUJLTg2LjAx\nNzk5hVJyTgUAAHViaHtqeQEAAF1ofIdSck8FAAB9clAFAAAoaokBAABqigEAAFUIMTMuNzIzMjaF\nUnJRBQAAaowBAABqigEAAFUBMIVSclIFAABogWiCKYFyUwUAAH1yVAUAAGiFaIZzYmpWAQAASwVo\ncE0DAmh/WAwAAABFbCBKw63CrWNhcm9yVQUAAGqRAQAAWAkAAABFbC1qaWNhcm9yVgUAAGqTAQAA\naooBAABVCS04Ni4xMzcwNYVSclcFAAB1Ymh7ankBAABdaHyHUnJYBQAAfXJZBQAAKGqJAQAAaooB\nAABVCDEzLjY3NzI5hVJyWgUAAGqMAQAAaooBAABVATCFUnJbBQAAaIFogimBclwFAAB9cl0FAABo\nhWiGc2JqVgEAAEsFaHBNCAJof1gMAAAAU2FuIEZlcm5hbmRvcl4FAABqkQEAAFgMAAAAU2FuLWZl\ncm5hbmRvcl8FAABqkwEAAGqKAQAAVQktODYuMzE0ODSFUnJgBQAAdWJoe2p5AQAAXWh8h1JyYQUA\nAH1yYgUAAChqiQEAAGqKAQAAVQgxMy42NjE2OIVScmMFAABqjAEAAGqKAQAAVQEwhVJyZAUAAGiB\naIIpgXJlBQAAfXJmBQAAaIVohnNialYBAABLBWhwTQ0CaH9YBwAAAE1vem9udGVyZwUAAGqRAQAA\nWAcAAABtb3pvbnRlcmgFAABqkwEAAGqKAQAAVQktODYuNDM3MDaFUnJpBQAAdWJoe2p5AQAAXWh8\nh1JyagUAAH1yawUAAChqiQEAAGqKAQAAVQgxMy43MjI0M4VScmwFAABqjAEAAGqKAQAAVQEwhVJy\nbQUAAGiBaIIpgXJuBQAAfXJvBQAAaIVohnNialYBAABLBWhwTRICaH9YBwAAAERpcGlsdG9ycAUA\nAGqRAQAAWAcAAABkaXBpbHRvcnEFAABqkwEAAGqKAQAAVQgtODYuNTA3MoVScnIFAAB1Ymh7ankB\nAABdaHyHUnJzBQAAfXJ0BQAAKGqJAQAAaooBAABVCDEzLjY1MjM5hVJydQUAAGqMAQAAaooBAABV\nATCFUnJ2BQAAaIFogimBcncFAAB9cngFAABohWiGc2JqVgEAAEsFaHBNFwJof1gJAAAATWFjdWVs\naXpvcnkFAABqkQEAAFgJAAAAbWFjdWVsaXpvcnoFAABqkwEAAGqKAQAAVQgtODYuNjEzOIVScnsF\nAAB1Ymh7ankBAABdaHyHUnJ8BQAAfXJ9BQAAKGqJAQAAaooBAABVCDEzLjc0NzUzhVJyfgUAAGqM\nAQAAaooBAABVATCFUnJ/BQAAaIFogimBcoAFAAB9coEFAABohWiGc2JqVgEAAEsFaHBNHAJof1gO\nAAAAU2FudGEgTWFyw63CrWFyggUAAGqRAQAAWAoAAABzYW50YW1hcmlhcoMFAABqkwEAAGqKAQAA\nVQktODYuNzEwNzeFUnKEBQAAdWJoe2p5AQAAXWh8h1JyhQUAAH1yhgUAAChqiQEAAGqKAQAAVQgx\nMy42MzQzMoVScocFAABqjAEAAGqKAQAAVQEwhVJyiAUAAGiBaIIpgXKJBQAAfXKKBQAAaIVohnNi\nalYBAABLBWhwTSECaH9YBgAAAE9jb3RhbHKLBQAAapEBAABYBgAAAG9jb3RhbHKMBQAAapMBAABq\nigEAAFUJLTg2LjQ3NzQ1hVJyjQUAAHViaHtqeQEAAF1ofIdSco4FAAB9co8FAAAoaokBAABqigEA\nAFUIMTMuNjQyMTeFUnKQBQAAaowBAABqigEAAFUBMIVScpEFAABogWiCKYFykgUAAH1ykwUAAGiF\naIZzYmpWAQAASwVocE0mAmh/WA4AAABDaXVkYWQgQW50aWd1YXKUBQAAapEBAABYDgAAAENpdWRh\nZC1hbnRpZ3VhcpUFAABqkwEAAGqKAQAAVQktODYuMzA4OTOFUnKWBQAAdWJoe2p5AQAAXWh8h1Jy\nlwUAAH1ymAUAAChqiQEAAGqKAQAAVQgxMy41NjY3NYVScpkFAABqjAEAAGqKAQAAVQEwhVJymgUA\nAGiBaIIpgXKbBQAAfXKcBQAAaIVohnNialYBAABLBWhwTSsCaH9YCAAAAFF1aWxhbMOtcp0FAABq\nkQEAAFgHAAAAcXVpbGFsaXKeBQAAapMBAABqigEAAFUJLTg2LjAyOTUyhVJynwUAAHViaHtqeQEA\nAF1ofIdScqAFAAB9cqEFAAAoaokBAABqigEAAFUIMTMuNjI2NjeFUnKiBQAAaowBAABqigEAAFUB\nMIVScqMFAABogWiCKYFypAUAAH1ypQUAAGiFaIZzYmpWAQAASwVocE0wAmh/WBcAAABXaXdpbGkg\nZGUgTnVldmEgU2Vnb3ZpYXKmBQAAapEBAABYEwAAAFdpd2lsaS1udWV2YXNlZ292aWFypwUAAGqT\nAQAAaooBAABVCS04NS44MjM2OYVScqgFAAB1Ymh7ankBAABdaHyHUnKpBQAAfXKqBQAAKGqJAQAA\naooBAABVCDE0Ljc0Mzg2hVJyqwUAAGqMAQAAaooBAABVATCFUnKsBQAAaIFogimBcq0FAAB9cq4F\nAABohWiGc2JqVgEAAEtbaHBNkSNof1gHAAAAV2FzcMOhbnKvBQAAapEBAABYBgAAAHdhc3BhbnKw\nBQAAapMBAABqigEAAFUJLTgzLjk2ODg1hVJysQUAAHViaHtqeQEAAF1ofIdScrIFAAB9crMFAAAo\naokBAABqigEAAFUIMTQuMDMzMTOFUnK0BQAAaowBAABqigEAAFUBMIVScrUFAABogWiCKYFytgUA\nAH1ytwUAAGiFaIZzYmpWAQAAS1tocE2WI2h/WA4AAABQdWVydG8gQ2FiZXphc3K4BQAAapEBAABY\nDgAAAFB1ZXJ0by1jYWJlemFzcrkFAABqkwEAAGqKAQAAVQktODMuMzgyMjOFUnK6BQAAdWJoe2p5\nAQAAXWh8h1JyuwUAAH1yvAUAAChqiQEAAGqKAQAAVQcxMy45MTA2hVJyvQUAAGqMAQAAaooBAABV\nATCFUnK+BQAAaIFogimBcr8FAAB9csAFAABohWiGc2JqVgEAAEtbaHBNmyNof1gGAAAAUm9zaXRh\ncsEFAABqkQEAAFgGAAAAcm9zaXRhcsIFAABqkwEAAGqKAQAAVQktODQuMzkxNTOFUnLDBQAAdWJo\ne2p5AQAAXWh8h1JyxAUAAH1yxQUAAChqiQEAAGqKAQAAVQgxNC4wMjU4NIVScsYFAABqjAEAAGqK\nAQAAVQEwhVJyxwUAAGiBaIIpgXLIBQAAfXLJBQAAaIVohnNialYBAABLW2hwTaAjaH9YBwAAAEJv\nbmFuemFyygUAAGqRAQAAWAcAAABib25hbnphcssFAABqkwEAAGqKAQAAVQktODQuNjIwODiFUnLM\nBQAAdWJoe2p5AQAAXWh8h1JyzQUAAH1yzgUAAChqiQEAAGqKAQAAVQgxMy4zMzQ2NYVScs8FAABq\njAEAAGqKAQAAVQEwhVJy0AUAAGiBaIIpgXLRBQAAfXLSBQAAaIVohnNialYBAABLW2hwTaUjaH9Y\nBwAAAFdhc2xhbGFy0wUAAGqRAQAAWAcAAAB3YXNsYWxhctQFAABqkwEAAGqKAQAAVQktODUuMzcw\nOTmFUnLVBQAAdWJoe2p5AQAAXWh8h1Jy1gUAAH1y1wUAAChqiQEAAGqKAQAAVQUxMy4xNYVSctgF\nAABqjAEAAGqKAQAAVQEwhVJy2QUAAGiBaIIpgXLaBQAAfXLbBQAAaIVohnNialYBAABLW2hwTacj\naH9YCAAAAE11bHVrdWt1ctwFAABqkQEAAFgIAAAAbXVsdWt1a3Vy3QUAAGqTAQAAaooBAABVCS04\nNC45NjY2N4VSct4FAAB1Ymh7ankBAABdaHyHUnLfBQAAfXLgBQAAKGqJAQAAaooBAABVCDEzLjcz\nODU3hVJy4QUAAGqMAQAAaooBAABVATCFUnLiBQAAaIFogimBcuMFAAB9cuQFAABohWiGc2JqVgEA\nAEtbaHBNqiNof1gFAAAAU2l1bmFy5QUAAGqRAQAAWAUAAABzaXVuYXLmBQAAapMBAABqigEAAFUJ\nLTg0Ljc4NDkxhVJy5wUAAHViaHtqeQEAAF1ofIdScugFAAB9cukFAAAoaokBAABqigEAAFUIMTMu\nNDA2MTGFUnLqBQAAaowBAABqigEAAFUBMIVScusFAABogWiCKYFy7AUAAH1y7QUAAGiFaIZzYmpW\nAQAAS1tocE2vI2h/WAsAAABQcmluemFwb2xrYXLuBQAAapEBAABYCwAAAHByaW56YXBvbGthcu8F\nAABqkwEAAGqKAQAAVQktODMuNTYyMjmFUnLwBQAAdWJoe2p5AQAAXWh8h1Jy8QUAAH1y8gUAAChq\niQEAAGqKAQAAVQgxMi43ODU0OIVScvMFAABqjAEAAGqKAQAAVQEwhVJy9AUAAGiBaIIpgXL1BQAA\nfXL2BQAAaIVohnNialYBAABLXWhwTVkkaH9YBgAAAFBhaXdhc3L3BQAAapEBAABYBgAAAHBhaXdh\nc3L4BQAAapMBAABqigEAAFUJLTg1LjEyNDAyhVJy+QUAAHViaHtqeQEAAF1ofIdScvoFAAB9cvsF\nAAAoaokBAABqigEAAFUIMTMuMTExNDWFUnL8BQAAaowBAABqigEAAFUBMIVScv0FAABogWiCKYFy\n/gUAAH1y/wUAAGiFaIZzYmpWAQAAS11ocE1eJGh/WBYAAABMYSBDcnV6IGRlIFLDrW8gR3JhbmRl\ncgAGAABqkQEAAFgSAAAATGEtY3J1ei1yaW8tZ3JhbmRlcgEGAABqkwEAAGqKAQAAVQktODQuMTg4\nMzWFUnICBgAAdWJoe2p5AQAAXWh8h1JyAwYAAH1yBAYAAChqiQEAAGqKAQAAVQgxMi45MzIwOIVS\ncgUGAABqjAEAAGqKAQAAVQEwhVJyBgYAAGiBaIIpgXIHBgAAfXIIBgAAaIVohnNialYBAABLXWhw\nTWAkaH9YHAAAAERlc2VtYm9jYWR1cmEgZGUgUsOtbyBHcmFuZGVyCQYAAGqRAQAAWBgAAABEZXNl\nbWJvY2FkdXJhLXJpby1ncmFuZGVyCgYAAGqTAQAAaooBAABVCS04My41NzY5N4VScgsGAAB1Ymh7\nankBAABdaHyHUnIMBgAAfXINBgAAKGqJAQAAaooBAABVCDEyLjM0MDk2hVJyDgYAAGqMAQAAaooB\nAABVATCFUnIPBgAAaIFogimBchAGAAB9chEGAABohWiGc2JqVgEAAEtdaHBNYyRof1gQAAAATGFn\ndW5hIGRlIFBlcmxhc3ISBgAAapEBAABYEAAAAExhZ3VuYS1kZS1wZXJsYXNyEwYAAGqTAQAAaooB\nAABVCS04My42NzA1MoVSchQGAAB1Ymh7ankBAABdaHyHUnIVBgAAfXIWBgAAKGqJAQAAaooBAABV\nCDEyLjgyMDg1hVJyFwYAAGqMAQAAaooBAABVATCFUnIYBgAAaIFogimBchkGAAB9choGAABohWiG\nc2JqVgEAAEtdaHBNZCRof1gNAAAARWwgVG9ydHVndWVyb3IbBgAAapEBAABYDQAAAEVsLXRvcnR1\nZ3Vlcm9yHAYAAGqTAQAAaooBAABVCS04NC4xOTkwNoVSch0GAAB1Ymh7ankBAABdaHyHUnIeBgAA\nfXIfBgAAKGqJAQAAaooBAABVCDEyLjE2MDA0hVJyIAYAAGqMAQAAaooBAABVATCFUnIhBgAAaIFo\ngimBciIGAAB9ciMGAABohWiGc2JqVgEAAEtdaHBNaCRof1gEAAAAUmFtYXIkBgAAapEBAABYBAAA\nAHJhbWFyJQYAAGqTAQAAaooBAABVCS04NC4yMTkxM4VSciYGAAB1Ymh7ankBAABdaHyHUnInBgAA\nfXIoBgAAKGqJAQAAaooBAABVCDEyLjQ5NDg2hVJyKQYAAGqMAQAAaooBAABVATCFUnIqBgAAaIFo\ngimBcisGAAB9ciwGAABohWiGc2JqVgEAAEtdaHBNayRof1gIAAAARWwgQXlvdGVyLQYAAGqRAQAA\nWAgAAABFbC1heW90ZXIuBgAAapMBAABqigEAAFUJLTg0LjgxOTQzhVJyLwYAAHViaHtqeQEAAF1o\nfIdScjAGAAB9cjEGAAAoaokBAABqigEAAFUIMTIuMDY3NjSFUnIyBgAAaowBAABqigEAAFUBMIVS\ncjMGAABogWiCKYFyNAYAAH1yNQYAAGiFaIZzYmpWAQAAS11ocE1tJGh/WBQAAABNdWVsbGUgZGUg\nbG9zIEJ1ZXllc3I2BgAAapEBAABYFAAAAE11ZWxsZS1kZS1sb3MtYnVleWVzcjcGAABqkwEAAGqK\nAQAAVQktODQuNTM3NDmFUnI4BgAAdWJoe2p5AQAAXWh8h1JyOQYAAH1yOgYAAChqiQEAAGqKAQAA\nVQgxMi4yNDE2M4VScjsGAABqjAEAAGqKAQAAVQEwhVJyPAYAAGiBaIIpgXI9BgAAfXI+BgAAaIVo\nhnNialYBAABLXWhwTXIkaH9YDAAAAEt1a3JhIC0gSGlsbHI/BgAAapEBAABYCgAAAEt1a3JhLWhp\nbGxyQAYAAGqTAQAAaooBAABVCS04My43NDUzMoVSckEGAAB1Ymh7ankBAABdaHyHUnJCBgAAfXJD\nBgAAKGqJAQAAaooBAABVCDEyLjE4MDE3hVJyRAYAAGqMAQAAaooBAABVATCFUnJFBgAAaIFogimB\nckYGAAB9ckcGAABohWiGc2JqVgEAAEtdaHBNdyRof1gLAAAAQ29ybiBJc2xhbmRySAYAAGqRAQAA\nWAsAAABDb3JuLWlzbGFuZHJJBgAAapMBAABqigEAAFUJLTgzLjA1OTc1hVJySgYAAHViaHtqeQEA\nAF1ofIdScksGAAB9ckwGAAAoaokBAABqigEAAFUIMTIuMDExNDSFUnJNBgAAaowBAABqigEAAFUB\nMIVSck4GAABogWiCKYFyTwYAAH1yUAYAAGiFaIZzYmpWAQAAS11ocE18JGh/WAoAAABCbHVlZmll\nbGRzclEGAABqkQEAAFgKAAAAYmx1ZWZpZWxkc3JSBgAAapMBAABqigEAAFUJLTgzLjc2Mzg4hVJy\nUwYAAHViaHtqeQEAAF1ofIdSclQGAAB9clUGAAAoaokBAABqigEAAFUIMTEuNjg4MjeFUnJWBgAA\naowBAABqigEAAFUBMIVSclcGAABogWiCKYFyWAYAAH1yWQYAAGiFaIZzYmpWAQAAS11ocE2BJGh/\nWAwAAABOdWV2YSBHdWluZWFyWgYAAGqRAQAAWAwAAABOdWV2YS1ndWluZWFyWwYAAGqTAQAAaooB\nAABVCS04NC40NTc5NIVSclwGAAB1Ymh7ankBAABdaHyHUnJdBgAAfXJeBgAAKGqJAQAAaooBAABV\nCDExLjQzODY4hVJyXwYAAGqMAQAAaooBAABVATCFUnJgBgAAaIFogimBcmEGAAB9cmIGAABohWiG\nc2JqVgEAAEtQaHBNRR9of1gEAAAAVG9sYXJjBgAAapEBAABYBAAAAHRvbGFyZAYAAGqTAQAAaooB\nAABVCS04NS45MzkwN4VScmUGAAB1Ymh7ankBAABdaHyHUnJmBgAAfXJnBgAAKGqJAQAAaooBAABV\nCDExLjUwMDgxhVJyaAYAAGqMAQAAaooBAABVATCFUnJpBgAAaIFogimBcmoGAAB9cmsGAABohWiG\nc2JqVgEAAEtQaHBNSh9of1gGAAAAQmVsw6lucmwGAABqkQEAAFgFAAAAYmVsZW5ybQYAAGqTAQAA\naooBAABVCS04NS44OTAxNIVScm4GAAB1Ymh7ankBAABdaHyHUnJvBgAAfXJwBgAAKGqJAQAAaooB\nAABVBzExLjQ5MzKFUnJxBgAAaowBAABqigEAAFUBMIVScnIGAABogWiCKYFycwYAAH1ydAYAAGiF\naIZzYmpWAQAAS1BocE1PH2h/WAcAAABQb3Rvc8OtcnUGAABqkQEAAFgGAAAAcG90b3NpcnYGAABq\nkwEAAGqKAQAAVQktODUuODU3MDmFUnJ3BgAAdWJoe2p5AQAAXWh8h1JyeAYAAH1yeQYAAChqiQEA\nAGqKAQAAVQgxMS40NjkyM4VScnoGAABqjAEAAGqKAQAAVQEwhVJyewYAAGiBaIIpgXJ8BgAAfXJ9\nBgAAaIVohnNialYBAABLUGhwTVQfaH9YDAAAAEJ1ZW5vcyBBaXJlc3J+BgAAapEBAABYDAAAAEJ1\nZW5vcy1haXJlc3J/BgAAapMBAABqigEAAFUJLTg1LjgxNzAxhVJygAYAAHViaHtqeQEAAF1ofIdS\ncoEGAAB9coIGAAAoaokBAABqigEAAFUIMTEuNTM5NDeFUnKDBgAAaowBAABqigEAAFUBMIVScoQG\nAABogWiCKYFyhQYAAH1yhgYAAGiFaIZzYmpWAQAAS1BocE1ZH2h/WAkAAABNb3lvZ2FscGFyhwYA\nAGqRAQAAWAkAAABtb3lvZ2FscGFyiAYAAGqTAQAAaooBAABVCS04NS42OTc0NoVScokGAAB1Ymh7\nankBAABdaHyHUnKKBgAAfXKLBgAAKGqJAQAAaooBAABVCDExLjU2NTQ3hVJyjAYAAGqMAQAAaooB\nAABVATCFUnKNBgAAaIFogimBco4GAAB9co8GAABohWiGc2JqVgEAAEtQaHBNXh9of1gKAAAAQWx0\nYWdyYWNpYXKQBgAAapEBAABYCgAAAGFsdGFncmFjaWFykQYAAGqTAQAAaooBAABVCS04NS41Nzc5\nM4VScpIGAAB1Ymh7ankBAABdaHyHUnKTBgAAfXKUBgAAKGqJAQAAaooBAABVCDExLjQ1NTMyhVJy\nlQYAAGqMAQAAaooBAABVATCFUnKWBgAAaIFogimBcpcGAAB9cpgGAABohWiGc2JqVgEAAEtQaHBN\nYx9of1gJAAAAU2FuIEpvcmdlcpkGAABqkQEAAFgJAAAAU2FuLWpvcmdlcpoGAABqkwEAAGqKAQAA\nVQktODUuODAwNzSFUnKbBgAAdWJoe2p5AQAAXWh8h1JynAYAAH1ynQYAAChqiQEAAGqKAQAAVQgx\nMS40Mzk3NYVScp4GAABqjAEAAGqKAQAAVQEwhVJynwYAAGiBaIIpgXKgBgAAfXKhBgAAaIVohnNi\nalYBAABLUGhwTWgfaH9YBQAAAFJpdmFzcqIGAABqkQEAAFgFAAAAcml2YXNyowYAAGqTAQAAaooB\nAABVCC04NS44Mjg4hVJypAYAAHViaHtqeQEAAF1ofIdScqUGAAB9cqYGAAAoaokBAABqigEAAFUI\nMTEuMjUzODSFUnKnBgAAaowBAABqigEAAFUBMIVScqgGAABogWiCKYFyqQYAAH1yqgYAAGiFaIZz\nYmpWAQAAS1BocE1tH2h/WBAAAABTYW4gSnVhbiBkZWwgU3VycqsGAABqkQEAAFgQAAAAU2FuLWp1\nYW4tZGVsLXN1cnKsBgAAapMBAABqigEAAFUJLTg1Ljg3MTc3hVJyrQYAAHViaHtqeQEAAF1ofIdS\ncq4GAAB9cq8GAAAoaokBAABqigEAAFUIMTEuMTk1MjGFUnKwBgAAaowBAABqigEAAFUBMIVScrEG\nAABogWiCKYFysgYAAH1yswYAAGiFaIZzYmpWAQAAS1BocE1yH2h/WAkAAABDw6FyZGVuYXNytAYA\nAGqRAQAAWAgAAABjYXJkZW5hc3K1BgAAapMBAABqigEAAFUJLTg1LjUwODg2hVJytgYAAHViaHtq\neQEAAF1ofIdScrcGAAB9crgGAAAoaokBAABqigEAAFUHMTEuNjIxM4VScrkGAABqjAEAAGqKAQAA\nVQEwhVJyugYAAGiBaIIpgXK7BgAAfXK8BgAAaIVohnNialYBAABLVWhwTTkhaH9YBwAAAE1vcnJp\ndG9yvQYAAGqRAQAAWAcAAABtb3JyaXRvcr4GAABqkwEAAGqKAQAAVQktODUuMDgxNjmFUnK/BgAA\ndWJoe2p5AQAAXWh8h1JywAYAAH1ywQYAAChqiQEAAGqKAQAAVQgxMS42NzY4NIVScsIGAABqjAEA\nAGqKAQAAVQEwhVJywwYAAGiBaIIpgXLEBgAAfXLFBgAAaIVohnNialYBAABLVWhwTT4haH9YCwAA\nAEVsIEFsbWVuZHJvcsYGAABqkQEAAFgLAAAARWwtYWxtZW5kcm9yxwYAAGqTAQAAaooBAABVCS04\nNC43MDM2MoVScsgGAAB1Ymh7ankBAABdaHyHUnLJBgAAfXLKBgAAKGqJAQAAaooBAABVCDExLjQw\nMTU2hVJyywYAAGqMAQAAaooBAABVATCFUnLMBgAAaIFogimBcs0GAAB9cs4GAABohWiGc2JqVgEA\nAEtVaHBNQyFof1gNAAAAU2FuIE1pZ3VlbGl0b3LPBgAAapEBAABYDQAAAFNhbi1taWd1ZWxpdG9y\n0AYAAGqTAQAAaooBAABVCS04NC45MDAwNYVSctEGAAB1Ymh7ankBAABdaHyHUnLSBgAAfXLTBgAA\nKGqJAQAAaooBAABVCDExLjEyMDg4hVJy1AYAAGqMAQAAaooBAABVATCFUnLVBgAAaIFogimBctYG\nAAB9ctcGAABohWiGc2JqVgEAAEtVaHBNSCFof1gKAAAAU2FuIENhcmxvc3LYBgAAapEBAABYCgAA\nAFNhbi1jYXJsb3Ny2QYAAGqTAQAAaooBAABVCS04NC43NzgzN4VSctoGAAB1Ymh7ankBAABdaHyH\nUnLbBgAAfXLcBgAAKGqJAQAAaooBAABVCDExLjAzOTY5hVJy3QYAAGqMAQAAaooBAABVATCFUnLe\nBgAAaIFogimBct8GAAB9cuAGAABohWiGc2JqVgEAAEtVaHBNTSFof1gLAAAARWwgQ2FzdGlsbG9y\n4QYAAGqRAQAAWAsAAABFbC1jYXN0aWxsb3LiBgAAapMBAABqigEAAFUJLTg0LjQ3Mjk1hVJy4wYA\nAHViaHtqeQEAAF1ofIdScuQGAAB9cuUGAAAoaokBAABqigEAAFUIMTAuOTQ2NzGFUnLmBgAAaowB\nAABqigEAAFUBMIVScucGAABogWiCKYFy6AYAAH1y6QYAAGiFaIZzYmpWAQAAS1VocE1SIWh/WBIA\nAABTYW4gSnVhbiBkZWwgTm9ydGVy6gYAAGqRAQAAWBIAAABTYW4tanVhbi1kZWwtbm9ydGVy6wYA\nAGqTAQAAaooBAABVCS04My43MzQ3OYVScuwGAAB1YmV1YnUuM2NiMzVlOWJjNTg3NmRlZDMzMWQ0\nOTdiZTg1Yzc0Yjc=\n','2010-10-28 16:21:05'),('5ab55a09abaa5249dc9a2214cca75902','gAJ9cQEoVQRhbmlvcQJYBAAAADIwMTBxA1UNX2F1dGhfdXNlcl9pZHEESwNVB3BlcmlvZG9xBV1x\nBihYAQAAADBYAQAAADFYAQAAADJYAQAAADNlVRJfYXV0aF91c2VyX2JhY2tlbmRxB1UpZGphbmdv\nLmNvbnRyaWIuYXV0aC5iYWNrZW5kcy5Nb2RlbEJhY2tlbmRxCFUMb3JnYW5pemFjaW9ucQljZGph\nbmdvLmRiLm1vZGVscy5xdWVyeQpRdWVyeVNldApxCimBcQt9cQwoVQVfaXRlcnENTlUKX2Zvcl93\ncml0ZXEOiVUOX3N0aWNreV9maWx0ZXJxD4lVBXF1ZXJ5cRBjZGphbmdvLmRiLm1vZGVscy5zcWwu\ncXVlcnkKUXVlcnkKcREpgXESfXETKFUVYWdncmVnYXRlX3NlbGVjdF9tYXNrcRROVRdfYWdncmVn\nYXRlX3NlbGVjdF9jYWNoZXEVTlUFZXh0cmFxFmNkamFuZ28udXRpbHMuZGF0YXN0cnVjdHVyZXMK\nU29ydGVkRGljdApxFymBcRh9cRlVCGtleU9yZGVycRpdcRtzYlUIam9pbl9tYXBxHH1xHShOVRVl\nbmN1ZXN0YV9vcmdhbml6YWNpb25xHk5OdHEfaB6FcSBzVRVyZWxhdGVkX3NlbGVjdF9maWVsZHNx\nIV1xIlUMZXh0cmFfdGFibGVzcSMpVQZzZWxlY3RxJF1xJVULcXVvdGVfY2FjaGVxJn1xJ1UMcmV2\nX2pvaW5fbWFwcSh9cSloHmgfc1UMdXNlZF9hbGlhc2VzcSpjX19idWlsdGluX18Kc2V0CnErXXEs\naB5hhVJxLVUIb3JkZXJfYnlxLl1xL1UIZGlzdGluY3RxMIlVDmR1cGVfYXZvaWRhbmNlcTF9cTJV\nCGdyb3VwX2J5cTNOVQlhbGlhc19tYXBxNH1xNWgeKGgeaB5OTk5OiXRxNnNVDnNlbGVjdF9yZWxh\ndGVkcTeJVRBkZWZlcnJlZF9sb2FkaW5ncThoK12FUnE5iIZxOlUNc2VsZWN0X2ZpZWxkc3E7XXE8\nVRNfZXh0cmFfc2VsZWN0X2NhY2hlcT1OVQltYXhfZGVwdGhxPksFVRFzdGFuZGFyZF9vcmRlcmlu\nZ3E/iFUOZXh0cmFfb3JkZXJfYnlxQClVEGRlZmF1bHRfb3JkZXJpbmdxQYhVBnRhYmxlc3FCXXFD\naB5hVQphZ2dyZWdhdGVzcURoFymBcUV9cUZoGl1xR3NiVRFleHRyYV9zZWxlY3RfbWFza3FITlUI\nbG93X21hcmtxSUsAVQ5hbGlhc19yZWZjb3VudHFKfXFLaB5LAXNVE3JlbGF0ZWRfc2VsZWN0X2Nv\nbHNxTF1xTVUMZGVmYXVsdF9jb2xzcU6IVRBvcmRlcmluZ19hbGlhc2VzcU9dcVBVBmhhdmluZ3FR\nY2RqYW5nby5kYi5tb2RlbHMuc3FsLndoZXJlCldoZXJlTm9kZQpxUimBcVN9cVQoVQljb25uZWN0\nb3JxVVUDQU5EcVZVB25lZ2F0ZWRxV4lVCGNoaWxkcmVucVhdcVlVD3N1YnRyZWVfcGFyZW50c3Fa\nXXFbdWJVGWluY2x1ZGVkX2luaGVyaXRlZF9tb2RlbHNxXH1xXU5oHnNVCXRhYmxlX21hcHFefXFf\naB5dcWBoHmFzVQt3aGVyZV9jbGFzc3FhaFJVBW1vZGVscWJjZmVkLmVuY3Vlc3RhLm1vZGVscwpP\ncmdhbml6YWNpb24KcWNVBXdoZXJlcWRoUimBcWV9cWYoaFVoVmhXiWhYXXFnaFIpgXFofXFpKGhV\naFZoV4loWF1xaihjZGphbmdvLmRiLm1vZGVscy5zcWwud2hlcmUKQ29uc3RyYWludApxaymBcWx9\ncW0oVQVhbGlhc3FuaB5oYmhjVQpmaWVsZF9uYW1lcW9VAmlkcXBVA2NvbHFxaHB1YlUCaW6IXXFy\nKEsBSwJLA0sESwVldHFzYWhaXXF0dWJhaFpdcXV1YlUJaGlnaF9tYXJrcXZOVRBmaWx0ZXJfaXNf\nc3RpY2t5cXeJdWJVA19kYnF4TmhiaGNVDV9yZXN1bHRfY2FjaGVxeV1xeihjZGphbmdvLmRiLm1v\nZGVscy5iYXNlCm1vZGVsX3VucGlja2xlCnF7aGNdY2RqYW5nby5kYi5tb2RlbHMuYmFzZQpzaW1w\nbGVfY2xhc3NfZmFjdG9yeQpxfIdScX19cX4oVQZub21icmVxf1gOAAAAT3JnYW5pemFjaW9uIDFx\ngFUGX3N0YXRlcYFjZGphbmdvLmRiLm1vZGVscy5iYXNlCk1vZGVsU3RhdGUKcYIpgXGDfXGEVQJk\nYnGFVQdkZWZhdWx0cYZzYmhwigEBdWJoe2hjXWh8h1Jxh31xiChof1gOAAAAT3JnYW5pemFjaW9u\nIDJxiWiBaIIpgXGKfXGLaIVohnNiaHCKAQJ1Ymh7aGNdaHyHUnGMfXGNKGh/WA4AAABPcmdhbml6\nYWNpb24gM3GOaIFogimBcY99cZBohWiGc2JocIoBA3ViaHtoY11ofIdScZF9cZIoaH9YDgAAAE9y\nZ2FuaXphY2lvbiA0cZNogWiCKYFxlH1xlWiFaIZzYmhwigEEdWJoe2hjXWh8h1Jxln1xlyhof1gO\nAAAAT3JnYW5pemFjaW9uIDZxmGiBaIIpgXGZfXGaaIVohnNiaHCKAQV1YmV1YlUGYWN0aXZvcZuI\nVQR0b2RvcZxjZGphbmdvLmh0dHAKUXVlcnlEaWN0CnGdKYFxnihYDAAAAG9yZ2FuaXphY2lvbnGf\nWAEAAAA1WAcAAABwZXJpb2RvcaBYAQAAADNYEwAAAGNzcmZtaWRkbGV3YXJldG9rZW5xoVggAAAA\nNzlmZmE2ZDFlMzA1ZTYwZTViYzJmNzEyODBjZDM4YjdxolgJAAAAbXVuaWNpcGlvcaNYBAAAADg1\nMzBxpFgEAAAAYW5pb3GlaAN1fXGmKFUJX2VuY29kaW5ncadVBXV0Zi04cahVBV9kYXRhcal9caoo\naJ9dcasoWAEAAAAxWAEAAAAyWAEAAAAzWAEAAAA0WAEAAAA1ZWigXXGsKFgBAAAAMFgBAAAAMVgB\nAAAAMlgBAAAAM2VooV1xrWiiYWijXXGuKFgEAAAANTAxMHGvWAQAAAA1MDIwcbBYBAAAADUwMzBx\nsVgEAAAANTAwNXGyWAQAAAA1MDE1cbNYBAAAADUwMjVxtFgEAAAANzUwNXG1WAQAAAA3NTE1cbZY\nBAAAADc1MjVxt1gEAAAANzUzNXG4WAQAAAA3NTEwcblYBAAAADc1MjBxulgEAAAANzUzMHG7WAQA\nAAA3NTQwcbxYBAAAADMwMjBxvVgEAAAAMzAzMHG+WAQAAAAzMDQwcb9YBAAAADMwNTBxwFgEAAAA\nMzAwNXHBWAQAAAAzMDYwccJYBAAAADMwMTVxw1gEAAAAMzAyNXHEWAQAAAAzMDM1ccVYBAAAADMw\nNDVxxlgEAAAAMzA1NXHHWAQAAAAzMDEwcchYBAAAADMwNjVxyVgEAAAANjUwN3HKWAQAAAA2NTE1\ncctYBAAAADY1MjVxzFgEAAAANjUzNXHNWAQAAAA2NTQ1cc5YBAAAADY1MDVxz1gEAAAANjUxMHHQ\nWAQAAAA2NTIwcdFYBAAAADY1MzBx0lgEAAAANjU0MHHTWAQAAAAyNTE1cdRYBAAAADI1MjVx1VgE\nAAAAMjUxMHHWWAQAAAAyNTIwcddYBAAAADI1MzBx2FgEAAAAMjUwNXHZWAQAAAA3MDA1cdpYBAAA\nADcwMTVx21gEAAAANzAxMHHcWAQAAAA3MDIwcd1YBAAAADEwMTBx3lgEAAAAMTAxNXHfWAQAAAAx\nMDI1ceBYBAAAADEwMzVx4VgEAAAAMTAwNXHiWAQAAAAxMDEyceNYBAAAADEwMjBx5FgEAAAAMTAz\nMHHlWAQAAAAzNTI1ceZYBAAAADM1MzVx51gEAAAAMzU0NXHoWAQAAAAzNTEwcelYBAAAADM1MjBx\n6lgEAAAAMzUzMHHrWAQAAAAzNTQwcexYBAAAADM1NTBx7VgEAAAAMzUwNXHuWAQAAAAzNTE1ce9Y\nBAAAADIwMzBx8FgEAAAAMjA0MHHxWAQAAAAyMDA1cfJYBAAAADIwMTVx81gEAAAAMjAyNXH0WAQA\nAAAyMDM1cfVYBAAAADIwNDVx9lgEAAAAMjAxMHH3WAQAAAAyMDIwcfhYBAAAADU1MzJx+VgEAAAA\nNTUwNXH6WAQAAAA1NTE1cftYBAAAADU1MjJx/FgEAAAANTUzMHH9WAQAAAA1NTM1cf5YBAAAADU1\nMTBx/1gEAAAANTUyMHIAAQAAWAQAAAA1NTI1cgEBAABYBAAAADYwMDVyAgEAAFgEAAAANjAxNXID\nAQAAWAQAAAA2MDI1cgQBAABYBAAAADYwMzVyBQEAAFgEAAAANjA0NXIGAQAAWAQAAAA2MDEwcgcB\nAABYBAAAADYwMjByCAEAAFgEAAAANjAzMHIJAQAAWAQAAAA2MDQwcgoBAABYBAAAADQwMDVyCwEA\nAFgEAAAANDA2MHIMAQAAWAQAAAA0MDE1cg0BAABYBAAAADQwMjVyDgEAAFgEAAAANDAzNXIPAQAA\nWAQAAAA0MDQ1chABAABYBAAAADQwNTVyEQEAAFgEAAAANDAxMHISAQAAWAQAAAA0MDY1chMBAABY\nBAAAADQwMjByFAEAAFgEAAAANDAzMHIVAQAAWAQAAAA0MDQwchYBAABYBAAAADQwNTByFwEAAFgD\nAAAANTQwchgBAABYAwAAADU1MHIZAQAAWAMAAAA1MDVyGgEAAFgDAAAANTYwchsBAABYAwAAADUx\nNXIcAQAAWAMAAAA1MjVyHQEAAFgDAAAANTM1ch4BAABYAwAAADU0NXIfAQAAWAMAAAA1NTVyIAEA\nAFgDAAAANTEwciEBAABYAwAAADUyMHIiAQAAWAMAAAA1MzByIwEAAFgEAAAAOTEzMHIkAQAAWAQA\nAAA5MTEwciUBAABYBAAAADkxMjByJgEAAFgEAAAAOTEyN3InAQAAWAQAAAA5MTM1cigBAABYBAAA\nADkxMDVyKQEAAFgEAAAAOTExNXIqAQAAWAQAAAA5MTI1cisBAABYBAAAADkzMzVyLAEAAFgEAAAA\nOTMwNXItAQAAWAQAAAA5MzQ1ci4BAABYBAAAADkzMTJyLwEAAFgEAAAAOTMxNnIwAQAAWAQAAAA5\nMzIzcjEBAABYBAAAADkzMzByMgEAAFgEAAAAOTM0MHIzAQAAWAQAAAA5MzEwcjQBAABYBAAAADkz\nMTVyNQEAAFgEAAAAOTMyMHI2AQAAWAQAAAA5MzI1cjcBAABYBAAAADgwNDVyOAEAAFgEAAAAODAx\nMHI5AQAAWAQAAAA4MDIwcjoBAABYBAAAADgwMzByOwEAAFgEAAAAODA0MHI8AQAAWAQAAAA4MDUw\ncj0BAABYBAAAADgwMDVyPgEAAFgEAAAAODAxNXI/AQAAWAQAAAA4MDI1ckABAABYBAAAADgwMzVy\nQQEAAFgEAAAAODUwNXJCAQAAWAQAAAA4NTE1ckMBAABYBAAAADg1MjVyRAEAAFgEAAAAODUxMHJF\nAQAAWAQAAAA4NTIwckYBAABopGVopV1yRwEAAGgDYXVVCF9tdXRhYmxlckgBAACJdWJVCW11bmlj\naXBpb3JJAQAAaAopgXJKAQAAfXJLAQAAKGgNTmgOiWgPiWgQaBEpgXJMAQAAfXJNAQAAKGgUTmgV\nTmgWaBcpgXJOAQAAfXJPAQAAaBpdclABAABzYmgcfXJRAQAAKChOVQ9sdWdhcl9tdW5pY2lwaW9y\nUgEAAE5OdHJTAQAAalIBAACFclQBAAAoalIBAABVEmx1Z2FyX2RlcGFydGFtZW50b3JVAQAAVQ9k\nZXBhcnRhbWVudG9faWRyVgEAAGhwdHJXAQAAalUBAACFclgBAAB1aCFdclkBAABoIyloJF1yWgEA\nAGgmfXJbAQAAaCh9clwBAAAoalIBAABqUwEAAGpVAQAAalcBAAB1aCpoK11yXQEAAGpSAQAAYYVS\ncl4BAABoLl1yXwEAAGgwiWgxfXJgAQAAaDNOaDR9cmEBAAAoalIBAAAoalIBAABqUgEAAE5OTk6J\ndHJiAQAAalUBAAAoalUBAABqVQEAAFUKSU5ORVIgSk9JTnJjAQAAalIBAABqVgEAAGhwiXRyZAEA\nAHVoN4loOGgrXYVScmUBAACIhnJmAQAAaDtdcmcBAABoPU5oPksFaD+IaEApaEGIaEJdcmgBAAAo\nalIBAABqVQEAAGVoRGgXKYFyaQEAAH1yagEAAGgaXXJrAQAAc2JoSE5oSUsAaEp9cmwBAAAoalIB\nAABLAmpVAQAASwJ1aExdcm0BAABoTohoT11ybgEAAGhRaFIpgXJvAQAAfXJwAQAAKGhVaFZoV4lo\nWF1ycQEAAGhaXXJyAQAAdWJoXH1ycwEAAE5qUgEAAHNoXn1ydAEAAChqUgEAAF1ydQEAAFUCVTBy\ndgEAAGFqVQEAAF1ydwEAAFUCVTFyeAEAAGF1aGFoUmhiY2ZlZC5sdWdhci5tb2RlbHMKTXVuaWNp\ncGlvCnJ5AQAAaGRoUimBcnoBAAB9cnsBAAAoaFVoVmhXiWhYXXJ8AQAAaFIpgXJ9AQAAfXJ+AQAA\nKGhVaFZoV4loWF1yfwEAAChoaymBcoABAAB9coEBAAAoaG5qUgEAAGhiankBAABob2hwaHFocHVi\nVQJpbohdcoIBAAAoTZITTZwTTaYTTY0TTZcTTaETTVEdTVsdTWUdTW8dTVYdTWAdTWodTXQdTcwL\nTdYLTeALTeoLTb0LTfQLTccLTdELTdsLTeULTe8LTcILTfkLTWsZTXMZTX0ZTYcZTZEZTWkZTW4Z\nTXgZTYIZTYwZTdMJTd0JTc4JTdgJTeIJTckJTV0bTWcbTWIbTWwbTfIDTfcDTQEETQsETe0DTfQD\nTfwDTQYETcUNTc8NTdkNTbYNTcANTcoNTdQNTd4NTbENTbsNTe4HTfgHTdUHTd8HTekHTfMHTf0H\nTdoHTeQHTZwVTYEVTYsVTZIVTZoVTZ8VTYYVTZAVTZUVTXUXTX8XTYkXTZMXTZ0XTXoXTYQXTY4X\nTZgXTaUPTdwPTa8PTbkPTcMPTc0PTdcPTaoPTeEPTbQPTb4PTcgPTdIPTRwCTSYCTfkBTTACTQMC\nTQ0CTRcCTSECTSsCTf4BTQgCTRICTaojTZYjTaAjTacjTa8jTZEjTZsjTaUjTXckTVkkTYEkTWAk\nTWQkTWskTXIkTXwkTV4kTWMkTWgkTW0kTW0fTUofTVQfTV4fTWgfTXIfTUUfTU8fTVkfTWMfTTkh\nTUMhTU0hTT4hTUghTVIhZXRygwEAAGFoWl1yhAEAAHViYWhaXXKFAQAAdWJodk5od4l1Ymh4Tmhi\nankBAABoeV1yhgEAAChoe2p5AQAAXWh8h1JyhwEAAH1yiAEAAChVB2xhdGl0dWRyiQEAAGNkZWNp\nbWFsCkRlY2ltYWwKcooBAABVCDEyLjQ3MTYwhVJyiwEAAFUJZXh0ZW5zaW9ucowBAABqigEAAFUE\nMC4wMIVSco0BAABogWiCKYFyjgEAAH1yjwEAAGiFaIZzYmpWAQAAigEyaHCKApITaH9YBQAAAEJv\nYWNvcpABAABVBHNsdWdykQEAAFgFAAAAYm9hY29ykgEAAFUIbG9uZ2l0dWRykwEAAGqKAQAAVQkt\nODUuNjU5NTKFUnKUAQAAdWJoe2p5AQAAXWh8h1JylQEAAH1ylgEAAChqiQEAAGqKAQAAVQgxMi41\nMzIyNoVScpcBAABqjAEAAGqKAQAAVQQwLjAwhVJymAEAAGiBaIIpgXKZAQAAfXKaAQAAaIVohnNi\nalYBAACKATJocIoCnBNof1gMAAAAU2FudGEgTHVjw61hcpsBAABqkQEAAFgLAAAAU2FudGEtbHVj\naWFynAEAAGqTAQAAaooBAABVCS04NS43MTE1NoVScp0BAAB1Ymh7ankBAABdaHyHUnKeAQAAfXKf\nAQAAKGqJAQAAaooBAABVCDEyLjM3Nzg5hVJyoAEAAGqMAQAAaooBAABVBDAuMDCFUnKhAQAAaIFo\ngimBcqIBAAB9cqMBAABohWiGc2JqVgEAAIoBMmhwigKmE2h/WAwAAABTYW4gIExvcmVuem9ypAEA\nAGqRAQAAWAsAAABTYW4tbG9yZW56b3KlAQAAapMBAABqigEAAFUJLTg1LjY2NzE4hVJypgEAAHVi\naHtqeQEAAF1ofIdScqcBAAB9cqgBAAAoaokBAABqigEAAFUIMTIuNTk3NDiFUnKpAQAAaowBAABq\nigEAAFUEMC4wMIVScqoBAABogWiCKYFyqwEAAH1yrAEAAGiFaIZzYmpWAQAAigEyaHCKAo0TaH9Y\nGAAAAFNhbiBKb3PDqSBkZSBsb3MgUmVtYXRlc3KtAQAAapEBAABYFwAAAFNhbi1qb3NlLWRlLWxv\ncy1yZW1hdGVzcq4BAABqkwEAAGqKAQAAVQktODUuNzYyNTOFUnKvAQAAdWJoe2p5AQAAXWh8h1Jy\nsAEAAH1ysQEAAChqiQEAAGqKAQAAVQgxMi4zODM3N4VScrIBAABqjAEAAGqKAQAAVQQwLjAwhVJy\nswEAAGiBaIIpgXK0AQAAfXK1AQAAaIVohnNialYBAACKATJocIoClxNof1gHAAAAQ2Ftb2FwYXK2\nAQAAapEBAABYBwAAAGNhbW9hcGFytwEAAGqTAQAAaooBAABVCS04NS41MTQ2NYVScrgBAAB1Ymh7\nankBAABdaHyHUnK5AQAAfXK6AQAAKGqJAQAAaooBAABVCDEyLjQxOTc5hVJyuwEAAGqMAQAAaooB\nAABVBDAuMDCFUnK8AQAAaIFogimBcr0BAAB9cr4BAABohWiGc2JqVgEAAIoBMmhwigKhE2h/WAgA\nAABUZXVzdGVwZXK/AQAAapEBAABYCAAAAHRldXN0ZXBlcsABAABqkwEAAGqKAQAAVQktODUuNzk5\nMjKFUnLBAQAAdWJoe2p5AQAAXWh8h1JywgEAAH1ywwEAAChqiQEAAGqKAQAAVQgxMS45MDY1MYVS\ncsQBAABqjAEAAGqKAQAAVQQwLjAwhVJyxQEAAGiBaIIpgXLGAQAAfXLHAQAAaIVohnNialYBAACK\nAUtocIoCUR1of1gKAAAAU2FuIE1hcmNvc3LIAQAAapEBAABYCgAAAFNhbi1tYXJjb3NyyQEAAGqT\nAQAAaooBAABVCS04Ni4yMDMxNIVScsoBAAB1Ymh7ankBAABdaHyHUnLLAQAAfXLMAQAAKGqJAQAA\naooBAABVCDExLjg1NTY1hVJyzQEAAGqMAQAAaooBAABVBDAuMDCFUnLOAQAAaIFogimBcs8BAAB9\nctABAABohWiGc2JqVgEAAIoBS2hwigJbHWh/WAcAAABEb2xvcmVzctEBAABqkQEAAFgHAAAAZG9s\nb3Jlc3LSAQAAapMBAABqigEAAFUJLTg2LjIxNTM1hVJy0wEAAHViaHtqeQEAAF1ofIdSctQBAAB9\nctUBAAAoaokBAABqigEAAFUIMTEuODMyMjSFUnLWAQAAaowBAABqigEAAFUEMC4wMIVSctcBAABo\ngWiCKYFy2AEAAH1y2QEAAGiFaIZzYmpWAQAAigFLaHCKAmUdaH9YCgAAAEVsIFJvc2FyaW9y2gEA\nAGqRAQAAWAoAAABFbC1yb3NhcmlvctsBAABqkwEAAGqKAQAAVQktODYuMTY0ODSFUnLcAQAAdWJo\ne2p5AQAAXWh8h1Jy3QEAAH1y3gEAAChqiQEAAGqKAQAAVQgxMS44MDI3MoVSct8BAABqjAEAAGqK\nAQAAVQQwLjAwhVJy4AEAAGiBaIIpgXLhAQAAfXLiAQAAaIVohnNialYBAACKAUtocIoCbx1of1gM\nAAAAU2FudGEgVGVyZXNhcuMBAABqkQEAAFgMAAAAU2FudGEtdGVyZXphcuQBAABqkwEAAGqKAQAA\nVQktODYuMTYyODGFUnLlAQAAdWJoe2p5AQAAXWh8h1Jy5gEAAH1y5wEAAChqiQEAAGqKAQAAVQgx\nMS44NDgzMYVScugBAABqjAEAAGqKAQAAVQQwLjAwhVJy6QEAAGiBaIIpgXLqAQAAfXLrAQAAaIVo\nhnNialYBAACKAUtocIoCVh1of1gIAAAASmlub3RlcGVy7AEAAGqRAQAAWAgAAABqaW5vdGVwZXLt\nAQAAapMBAABqigEAAFUJLTg2LjE5ODQ2hVJy7gEAAHViaHtqeQEAAF1ofIdScu8BAAB9cvABAAAo\naokBAABqigEAAFUIMTEuODU1NzKFUnLxAQAAaowBAABqigEAAFUEMC4wMIVScvIBAABogWiCKYFy\n8wEAAH1y9AEAAGiFaIZzYmpWAQAAigFLaHCKAmAdaH9YCAAAAERpcmlhbWJhcvUBAABqkQEAAFgI\nAAAAZGlyaWFtYmFy9gEAAGqTAQAAaooBAABVCS04Ni4yNDA3NIVScvcBAAB1Ymh7ankBAABdaHyH\nUnL4AQAAfXL5AQAAKGqJAQAAaooBAABVCDExLjgyMjA2hVJy+gEAAGqMAQAAaooBAABVBDAuMDCF\nUnL7AQAAaIFogimBcvwBAAB9cv0BAABohWiGc2JqVgEAAIoBS2hwigJqHWh/WBAAAABMYSBQYXog\nZGUgQ2FyYXpvcv4BAABqkQEAAFgQAAAATGEtcGF6LWRlLWNhcmF6b3L/AQAAapMBAABqigEAAFUJ\nLTg2LjEyNzUwhVJyAAIAAHViaHtqeQEAAF1ofIdScgECAAB9cgICAAAoaokBAABqigEAAFUIMTEu\nNzMzMzaFUnIDAgAAaowBAABqigEAAFUEMC4wMIVScgQCAABogWiCKYFyBQIAAH1yBgIAAGiFaIZz\nYmpWAQAAigFLaHCKAnQdaH9YDAAAAExhIENvbnF1aXN0YXIHAgAAapEBAABYDAAAAExhLWNvbnF1\naXN0YXIIAgAAapMBAABqigEAAFUJLTg2LjE5Mjk3hVJyCQIAAHViaHtqeQEAAF1ofIdScgoCAAB9\ncgsCAAAoaokBAABqigEAAFUIMTMuMTg3MDGFUnIMAgAAaowBAABqigEAAFUEMC4wMIVScg0CAABo\ngWiCKYFyDgIAAH1yDwIAAGiFaIZzYmpWAQAAigEeaHCKAswLaH9YFgAAAFNhbnRvIFRvbcOhcyBk\nZWwgTm9ydGVyEAIAAGqRAQAAWBUAAABTYW50by10b21hcy1kZWwtbm9ydGVyEQIAAGqTAQAAaooB\nAABVCS04Ni45MjM1MoVSchICAAB1Ymh7ankBAABdaHyHUnITAgAAfXIUAgAAKGqJAQAAaooBAABV\nCDEyLjc2NzIxhVJyFQIAAGqMAQAAaooBAABVBDAuMDCFUnIWAgAAaIFogimBchcCAAB9chgCAABo\nhWiGc2JqVgEAAIoBHmhwigLWC2h/WA0AAABQdG8uIE1vcmF6w6FuchkCAABqkQEAAFgOAAAAUHVl\ncnRvLW1vcmF6YW5yGgIAAGqTAQAAaooBAABVCS04Ny4xMzM4OIVSchsCAAB1Ymh7ankBAABdaHyH\nUnIcAgAAfXIdAgAAKGqJAQAAaooBAABVCDEyLjk2MzkxhVJyHgIAAGqMAQAAaooBAABVBDAuMDCF\nUnIfAgAAaIFogimBciACAAB9ciECAABohWiGc2JqVgEAAIoBHmhwigLgC2h/WAoAAABWaWxsYW51\nZXZhciICAABqkQEAAFgKAAAAdmlsbGFudWV2YXIjAgAAapMBAABqigEAAFUJLTg2LjgxNDY4hVJy\nJAIAAHViaHtqeQEAAF1ofIdSciUCAAB9ciYCAAAoaokBAABqigEAAFUIMTIuNTQ1NTGFUnInAgAA\naowBAABqigEAAFUEMC4wMIVScigCAABogWiCKYFyKQIAAH1yKgIAAGiFaIZzYmpWAQAAigEeaHCK\nAuoLaH9YCgAAAEVsIFJlYWxlam9yKwIAAGqRAQAAWAoAAABFbC1yZWFsZWpvciwCAABqkwEAAGqK\nAQAAVQktODcuMTY3MzaFUnItAgAAdWJoe2p5AQAAXWh8h1JyLgIAAH1yLwIAAChqiQEAAGqKAQAA\nVQgxMy4yNzU5NoVScjACAABqjAEAAGqKAQAAVQQwLjAwhVJyMQIAAGiBaIIpgXIyAgAAfXIzAgAA\naIVohnNialYBAACKAR5ocIoCvQtof1gTAAAAU2FuIFBlZHJvIGRlbCBOb3J0ZXI0AgAAapEBAABY\nEwAAAFNhbi1wZWRyby1kZWwtbm9ydGVyNQIAAGqTAQAAaooBAABVCS04Ni44Nzc3N4VScjYCAAB1\nYmh7ankBAABdaHyHUnI3AgAAfXI4AgAAKGqJAQAAaooBAABVCDEyLjU3MjI0hVJyOQIAAGqMAQAA\naooBAABVBDAuMDCFUnI6AgAAaIFogimBcjsCAAB9cjwCAABohWiGc2JqVgEAAIoBHmhwigL0C2h/\nWAsAAABDaGljaGlnYWxwYXI9AgAAapEBAABYCwAAAGNoaWNoaWdhbHBhcj4CAABqkwEAAGqKAQAA\nVQktODcuMDI4NDmFUnI/AgAAdWJoe2p5AQAAXWh8h1JyQAIAAH1yQQIAAChqiQEAAGqKAQAAVQgx\nMy4yMzAzNoVSckICAABqjAEAAGqKAQAAVQQwLjAwhVJyQwIAAGiBaIIpgXJEAgAAfXJFAgAAaIVo\nhnNialYBAACKAR5ocIoCxwtof1gLAAAAQ2luY28gUGlub3NyRgIAAGqRAQAAWAsAAABDaW5jby1w\naW5vc3JHAgAAapMBAABqigEAAFUJLTg2Ljg2NzE5hVJySAIAAHViaHtqeQEAAF1ofIdSckkCAAB9\nckoCAAAoaokBAABqigEAAFUIMTIuNjYyMjiFUnJLAgAAaowBAABqigEAAFUEMC4wMIVSckwCAABo\ngWiCKYFyTQIAAH1yTgIAAGiFaIZzYmpWAQAAigEeaHCKAtELaH9YCAAAAEVsIFZpZWpvck8CAABq\nkQEAAFgIAAAARWwtdmllam9yUAIAAGqTAQAAaooBAABVCS04Ny4xNjU0MYVSclECAAB1Ymh7ankB\nAABdaHyHUnJSAgAAfXJTAgAAKGqJAQAAaooBAABVCDEzLjA0NDk1hVJyVAIAAGqMAQAAaooBAABV\nBDAuMDCFUnJVAgAAaIFogimBclYCAAB9clcCAABohWiGc2JqVgEAAIoBHmhwigLbC2h/WAkAAABT\nb21vdGlsbG9yWAIAAGqRAQAAWAkAAABzb21vdGlsbG9yWQIAAGqTAQAAaooBAABVCS04Ni45MDQ5\nOYVScloCAAB1Ymh7ankBAABdaHyHUnJbAgAAfXJcAgAAKGqJAQAAaooBAABVCDEyLjYyODcyhVJy\nXQIAAGqMAQAAaooBAABVBDAuMDCFUnJeAgAAaIFogimBcl8CAAB9cmACAABohWiGc2JqVgEAAIoB\nHmhwigLlC2h/WAoAAABDaGluYW5kZWdhcmECAABqkQEAAFgKAAAAY2hpbmFuZGVnYXJiAgAAapMB\nAABqigEAAFUJLTg3LjEzMTQ5hVJyYwIAAHViaHtqeQEAAF1ofIdScmQCAAB9cmUCAAAoaokBAABq\nigEAAFUIMTIuNDg0NjGFUnJmAgAAaowBAABqigEAAFUEMC4wMIVScmcCAABogWiCKYFyaAIAAH1y\naQIAAGiFaIZzYmpWAQAAigEeaHCKAu8LaH9YBwAAAENvcmludG9yagIAAGqRAQAAWAcAAABjb3Jp\nbnRvcmsCAABqkwEAAGqKAQAAVQktODcuMTcxMjKFUnJsAgAAdWJoe2p5AQAAXWh8h1JybQIAAH1y\nbgIAAChqiQEAAGqKAQAAVQgxMy4yMDAxNoVScm8CAABqjAEAAGqKAQAAVQQwLjAwhVJycAIAAGiB\naIIpgXJxAgAAfXJyAgAAaIVohnNialYBAACKAR5ocIoCwgtof1gXAAAAU2FuIEZyYW5jaXNjbyBk\nZWwgTm9ydGVycwIAAGqRAQAAWBcAAABTYW4tZnJhbmNpc2NvLWRlbC1ub3J0ZXJ0AgAAapMBAABq\nigEAAFUJLTg2Ljc3MTkyhVJydQIAAHViaHtqeQEAAF1ofIdScnYCAAB9cncCAAAoaokBAABqigEA\nAFUIMTIuNTQ0MTCFUnJ4AgAAaowBAABqigEAAFUEMC4wMIVScnkCAABogWiCKYFyegIAAH1yewIA\nAGiFaIZzYmpWAQAAigEeaHCKAvkLaH9YCQAAAFBvc29sdGVnYXJ8AgAAapEBAABYCQAAAHBvc290\nZWxnYXJ9AgAAapMBAABqigEAAFUJLTg2Ljk4MDEwhVJyfgIAAHViaHtqeQEAAF1ofIdScn8CAAB9\ncoACAAAoaokBAABqigEAAFUIMTIuMjY2NzGFUnKBAgAAaowBAABqigEAAFUEMC4wMIVScoICAABo\ngWiCKYFygwIAAH1yhAIAAGiFaIZzYmpWAQAAigFBaHCKAmsZaH9YEwAAAFNhbiBGcmFuY2lzY28g\nQ3VhcGFyhQIAAGqRAQAAWBMAAABTYW4tZnJhbmNpc2NvLWN1YXBhcoYCAABqkwEAAGqKAQAAVQkt\nODUuMzgzMDiFUnKHAgAAdWJoe2p5AQAAXWh8h1JyiAIAAH1yiQIAAChqiQEAAGqKAQAAVQgxMi4y\nMTUzOYVScooCAABqjAEAAGqKAQAAVQQwLjAwhVJyiwIAAGiBaIIpgXKMAgAAfXKNAgAAaIVohnNi\nalYBAACKAUFocIoCcxlof1gLAAAATGEgTGliZXJ0YWRyjgIAAGqRAQAAWAsAAABMYS1saWJlcnRh\nZHKPAgAAapMBAABqigEAAFUJLTg1LjE2NTQ5hVJykAIAAHViaHtqeQEAAF1ofIdScpECAAB9cpIC\nAAAoaokBAABqigEAAFUIMTIuMDY5MDKFUnKTAgAAaowBAABqigEAAFUEMC4wMIVScpQCAABogWiC\nKYFylQIAAH1ylgIAAGiFaIZzYmpWAQAAigFBaHCKAn0ZaH9YDAAAAFNhbnRvIFRvbcOhc3KXAgAA\napEBAABYCwAAAFNhbnRvLXRvbWFzcpgCAABqkwEAAGqKAQAAVQktODUuMDkzNDCFUnKZAgAAdWJo\ne2p5AQAAXWh8h1JymgIAAH1ymwIAAChqiQEAAGqKAQAAVQgxMS45Njc2NIVScpwCAABqjAEAAGqK\nAQAAVQQwLjAwhVJynQIAAGiBaIIpgXKeAgAAfXKfAgAAaIVohnNialYBAACKAUFocIoChxlof1gH\nAAAAQWNveWFwYXKgAgAAapEBAABYBwAAAGFjb3lhcGFyoQIAAGqTAQAAaooBAABVCS04NS4xNzA0\nNIVScqICAAB1Ymh7ankBAABdaHyHUnKjAgAAfXKkAgAAKGqJAQAAaooBAABVCDExLjkxNTc2hVJy\npQIAAGqMAQAAaooBAABVBDAuMDCFUnKmAgAAaIFogimBcqcCAAB9cqgCAABohWiGc2JqVgEAAIoB\nQWhwigKRGWh/WAgAAABFbCBDb3JhbHKpAgAAapEBAABYCAAAAEVsLWNvcmFscqoCAABqkwEAAGqK\nAQAAVQktODQuNjUwNDGFUnKrAgAAdWJoe2p5AQAAXWh8h1JyrAIAAH1yrQIAAChqiQEAAGqKAQAA\nVQgxMi4yODM0MIVScq4CAABqjAEAAGqKAQAAVQQwLjAwhVJyrwIAAGiBaIIpgXKwAgAAfXKxAgAA\naIVohnNialYBAACKAUFocIoCaRlof1gIAAAAQ29tYWxhcGFysgIAAGqRAQAAWAgAAABjb21hbGFw\nYXKzAgAAapMBAABqigEAAFUJLTg1LjUxMTQyhVJytAIAAHViaHtqeQEAAF1ofIdScrUCAAB9crYC\nAAAoaokBAABqigEAAFUIMTIuMTA1ODCFUnK3AgAAaowBAABqigEAAFUEMC4wMIVScrgCAABogWiC\nKYFyuQIAAH1yugIAAGiFaIZzYmpWAQAAigFBaHCKAm4ZaH9YCAAAAEp1aWdhbHBhcrsCAABqkQEA\nAFgIAAAAanVpZ2FscGFyvAIAAGqTAQAAaooBAABVCS04NS4zNjg0MoVScr0CAAB1Ymh7ankBAABd\naHyHUnK+AgAAfXK/AgAAKGqJAQAAaooBAABVCDEyLjI2MzAxhVJywAIAAGqMAQAAaooBAABVBDAu\nMDCFUnLBAgAAaIFogimBcsICAAB9csMCAABohWiGc2JqVgEAAIoBQWhwigJ4GWh/WA0AAABTYW50\nbyBEb21pbmdvcsQCAABqkQEAAFgNAAAAU2FudG8tZG9taW5nb3LFAgAAapMBAABqigEAAFUJLTg1\nLjA4MjMyhVJyxgIAAHViaHtqeQEAAF1ofIdScscCAAB9csgCAAAoaokBAABqigEAAFUIMTIuMTI4\nNTKFUnLJAgAAaowBAABqigEAAFUEMC4wMIVScsoCAABogWiCKYFyywIAAH1yzAIAAGiFaIZzYmpW\nAQAAigFBaHCKAoIZaH9YFAAAAFNhbiBQZWRybyBkZSBMw7N2YWdvcs0CAABqkQEAAFgTAAAAU2Fu\nLXBlZHJvLWRlLWxvdmFnb3LOAgAAapMBAABqigEAAFUJLTg1LjExNTcyhVJyzwIAAHViaHtqeQEA\nAF1ofIdSctACAAB9ctECAAAoaokBAABqigEAAFUIMTIuMDQ3NzmFUnLSAgAAaowBAABqigEAAFUE\nMC4wMIVSctMCAABogWiCKYFy1AIAAH1y1QIAAGiFaIZzYmpWAQAAigFBaHCKAowZaH9YDQAAAFZp\nbGxhIFNhbmRpbm9y1gIAAGqRAQAAWA0AAABWaWxsYS1zYW5kaW5vctcCAABqkwEAAGqKAQAAVQkt\nODQuOTkzMzSFUnLYAgAAdWJoe2p5AQAAXWh8h1Jy2QIAAH1y2gIAAChqiQEAAGqKAQAAVQgxMy4w\nODk0OIVSctsCAABqjAEAAGqKAQAAVQQwLjAwhVJy3AIAAGiBaIIpgXLdAgAAfXLeAgAAaIVohnNi\nalYBAACKARlocIoC0wlof1gHAAAARXN0ZWzDrXLfAgAAapEBAABYBgAAAGVzdGVsaXLgAgAAapMB\nAABqigEAAFUJLTg2LjM1NTUxhVJy4QIAAHViaHtqeQEAAF1ofIdScuICAAB9cuMCAAAoaokBAABq\nigEAAFUIMTIuOTY4MjOFUnLkAgAAaowBAABqigEAAFUEMC4wMIVScuUCAABogWiCKYFy5gIAAH1y\n5wIAAGiFaIZzYmpWAQAAigEZaHCKAt0JaH9YCwAAAExhIFRyaW5pZGFkcugCAABqkQEAAFgIAAAA\ndHJpbmlkYWRy6QIAAGqTAQAAaooBAABVCS04Ni4yMzYwNIVScuoCAAB1Ymh7ankBAABdaHyHUnLr\nAgAAfXLsAgAAKGqJAQAAaooBAABVCDEzLjM2MjEzhVJy7QIAAGqMAQAAaooBAABVBDAuMDCFUnLu\nAgAAaIFogimBcu8CAAB9cvACAABohWiGc2JqVgEAAIoBGWhwigLOCWh/WAcAAABDb25kZWdhcvEC\nAABqkQEAAFgHAAAAY29uZGVnYXLyAgAAapMBAABqigEAAFUJLTg2LjM5Nzg5hVJy8wIAAHViaHtq\neQEAAF1ofIdScvQCAAB9cvUCAAAoaokBAABqigEAAFUIMTMuMTc0ODmFUnL2AgAAaowBAABqigEA\nAFUEMC4wMIVScvcCAABogWiCKYFy+AIAAH1y+QIAAGiFaIZzYmpWAQAAigEZaHCKAtgJaH9YEQAA\nAFNhbiBKdWFuIGRlIExpbWF5cvoCAABqkQEAAFgNAAAAU2FuanVhbi1saW1heXL7AgAAapMBAABq\nigEAAFUJLTg2LjYxMjM0hVJy/AIAAHViaHtqeQEAAF1ofIdScv0CAAB9cv4CAAAoaokBAABqigEA\nAFUIMTIuOTMzMTKFUnL/AgAAaowBAABqigEAAFUEMC4wMIVScgADAABogWiCKYFyAQMAAH1yAgMA\nAGiFaIZzYmpWAQAAigEZaHCKAuIJaH9YDAAAAFNhbiBOaWNvbMOhc3IDAwAAapEBAABYCwAAAFNh\nbi1uaWNvbGFzcgQDAABqkwEAAGqKAQAAVQktODYuMzQ3MDCFUnIFAwAAdWJoe2p5AQAAXWh8h1Jy\nBgMAAH1yBwMAAChqiQEAAGqKAQAAVQgxMy4zNzkzN4VScggDAABqjAEAAGqKAQAAVQQwLjAwhVJy\nCQMAAGiBaIIpgXIKAwAAfXILAwAAaIVohnNialYBAACKARlocIoCyQlof1gMAAAAUHVlYmxvIE51\nZXZvcgwDAABqkQEAAFgMAAAAUHVlYmxvLW51ZXZvcg0DAABqkwEAAGqKAQAAVQktODYuNDgwNzeF\nUnIOAwAAdWJoe2p5AQAAXWh8h1JyDwMAAH1yEAMAAChqiQEAAGqKAQAAVQgxMS44ODQxNoVSchED\nAABqjAEAAGqKAQAAVQQwLjAwhVJyEgMAAGiBaIIpgXITAwAAfXIUAwAAaIVohnNialYBAACKAUZo\ncIoCXRtof1gGAAAARGlyacOhchUDAABqkQEAAFgFAAAAZGlyaWFyFgMAAGqTAQAAaooBAABVCS04\nNi4wNTU2NYVSchcDAAB1Ymh7ankBAABdaHyHUnIYAwAAfXIZAwAAKGqJAQAAaooBAABVCDExLjkz\nMDk1hVJyGgMAAGqMAQAAaooBAABVBDAuMDCFUnIbAwAAaIFogimBchwDAAB9ch0DAABohWiGc2Jq\nVgEAAIoBRmhwigJnG2h/WAcAAABHcmFuYWRhch4DAABqkQEAAFgHAAAAZ3JhbmFkYXIfAwAAapMB\nAABqigEAAFUJLTg1Ljk1Njk2hVJyIAMAAHViaHtqeQEAAF1ofIdSciEDAAB9ciIDAAAoaokBAABq\nigEAAFUIMTEuODc0OTSFUnIjAwAAaowBAABqigEAAFUEMC4wMIVSciQDAABogWiCKYFyJQMAAH1y\nJgMAAGiFaIZzYmpWAQAAigFGaHCKAmIbaH9YBwAAAERpcmlvbW9yJwMAAGqRAQAAWAcAAABkaXJp\nb21vcigDAABqkwEAAGqKAQAAVQktODYuMDUxMTCFUnIpAwAAdWJoe2p5AQAAXWh8h1JyKgMAAH1y\nKwMAAChqiQEAAGqKAQAAVQgxMS43NTYzMIVSciwDAABqjAEAAGqKAQAAVQQwLjAwhVJyLQMAAGiB\naIIpgXIuAwAAfXIvAwAAaIVohnNialYBAACKAUZocIoCbBtof1gIAAAATmFuZGFpbWVyMAMAAGqR\nAQAAWAgAAABuYW5kYWltZXIxAwAAapMBAABqigEAAFUJLTg2LjA1MzQ1hVJyMgMAAHViaHtqeQEA\nAF1ofIdScjMDAAB9cjQDAAAoaokBAABqigEAAFUIMTMuMzY2NjeFUnI1AwAAaowBAABqigEAAFUE\nMC4wMIVScjYDAABogWiCKYFyNwMAAH1yOAMAAGiFaIZzYmpWAQAAigEKaHCKAvcDaH9YFwAAAFN0\nYS4gTWFyw61hIGRlIFBhbnRhc21hcjkDAABqkQEAAFgUAAAAU2FudGEtbWFyaWEtcGFudGFzbWFy\nOgMAAGqTAQAAaooBAABVCS04NS45NTAwMIVScjsDAAB1Ymh7ankBAABdaHyHUnI8AwAAfXI9AwAA\nKGqJAQAAaooBAABVCDEzLjMwNTAwhVJyPgMAAGqMAQAAaooBAABVBDAuMDCFUnI/AwAAaIFogimB\nckADAAB9ckEDAABohWiGc2JqVgEAAIoBCmhwigIBBGh/WBYAAABTYW4gU2ViYXN0aWFuIGRlIFlh\nbMOtckIDAABqkQEAAFgEAAAAeWFsaXJDAwAAapMBAABqigEAAFUJLTg2LjE4NjM2hVJyRAMAAHVi\naHtqeQEAAF1ofIdSckUDAAB9ckYDAAAoaokBAABqigEAAFUIMTMuMDkxNjWFUnJHAwAAaowBAABq\nigEAAFUEMC4wMIVSckgDAABogWiCKYFySQMAAH1ySgMAAGiFaIZzYmpWAQAAigEKaHCKAgsEaH9Y\nCAAAAEppbm90ZWdhcksDAABqkQEAAFgIAAAAamlub3RlZ2FyTAMAAGqTAQAAaooBAABVCS04Ni4w\nMDEyMYVSck0DAAB1Ymh7ankBAABdaHyHUnJOAwAAfXJPAwAAKGqJAQAAaooBAABVCDEzLjYyMTMw\nhVJyUAMAAGqMAQAAaooBAABVBDAuMDCFUnJRAwAAaIFogimBclIDAAB9clMDAABohWiGc2JqVgEA\nAIoBCmhwigLtA2h/WAcAAABXaXdpbMOtclQDAABqkQEAAFgGAAAAV2l3aWxpclUDAABqkwEAAGqK\nAQAAVQktODUuODE4NjSFUnJWAwAAdWJoe2p5AQAAXWh8h1JyVwMAAH1yWAMAAChqiQEAAGqKAQAA\nVQgxMy42MTk3NoVSclkDAABqjAEAAGqKAQAAVQQwLjAwhVJyWgMAAGiBaIIpgXJbAwAAfXJcAwAA\naIVohnNialYBAACKAQpocIoC9ANof1gPAAAAU2FuIEpvc8OpIEJvY2F5cl0DAABqkQEAAFgOAAAA\nU2FuLWpvc2UtYm9jYXlyXgMAAGqTAQAAaooBAABVCS04NS41MDA4MIVScl8DAAB1Ymh7ankBAABd\naHyHUnJgAwAAfXJhAwAAKGqJAQAAaooBAABVCDEzLjIxMzkxhVJyYgMAAGqMAQAAaooBAABVBDAu\nMDCFUnJjAwAAaIFogimBcmQDAAB9cmUDAABohWiGc2JqVgEAAIoBCmhwigL8A2h/WBQAAABTYW4g\nUmFmYWVsIGRlbCBOb3J0ZXJmAwAAapEBAABYFAAAAFNhbi1yYWZhZWwtZGVsLW5vcnRlcmcDAABq\nkwEAAGqKAQAAVQktODYuMTEwNDOFUnJoAwAAdWJoe2p5AQAAXWh8h1JyaQMAAH1yagMAAChqiQEA\nAGqKAQAAVQgxMy4xOTUzNYVScmsDAABqjAEAAGqKAQAAVQQwLjAwhVJybAMAAGiBaIIpgXJtAwAA\nfXJuAwAAaIVohnNialYBAACKAQpocIoCBgRof1gMAAAATGEgQ29uY29yZGlhcm8DAABqkQEAAFgM\nAAAATGEtY29uY29yZGlhcnADAABqkwEAAGqKAQAAVQktODYuMTY2OTOFUnJxAwAAdWJoe2p5AQAA\nXWh8h1JycgMAAH1ycwMAAChqiQEAAGqKAQAAVQgxMy4zNjc2NIVScnQDAABqjAEAAGqKAQAAVQQw\nLjAwhVJydQMAAGiBaIIpgXJ2AwAAfXJ3AwAAaIVohnNialYBAACKAQpocIoC8gNof1gHAAAARWwg\nQ8O6YXJ4AwAAapEBAABYBgAAAEVsLWN1YXJ5AwAAapMBAABqigEAAFUJLTg1LjY3MzMwhVJyegMA\nAHViaHtqeQEAAF1ofIdScnsDAAB9cnwDAAAoaokBAABqigEAAFUIMTIuNTA2MTSFUnJ9AwAAaowB\nAABqigEAAFUEMC4wMIVScn4DAABogWiCKYFyfwMAAH1ygAMAAGiFaIZzYmpWAQAAigEjaHCKAs8N\naH9YDAAAAFF1ZXphbGd1YXF1ZXKBAwAAapEBAABYDAAAAHF1ZXphbGd1YXF1ZXKCAwAAapMBAABq\nigEAAFUJLTg2LjkwMzY2hVJygwMAAHViaHtqeQEAAF1ofIdScoQDAAB9coUDAAAoaokBAABqigEA\nAFUIMTIuMzQwMTGFUnKGAwAAaowBAABqigEAAFUEMC4wMIVScocDAABogWiCKYFyiAMAAH1yiQMA\nAGiFaIZzYmpWAQAAigEjaHCKAtkNaH9YDQAAAExhIFBheiBDZW50cm9yigMAAGqRAQAAWA0AAABM\nYS1wYXotY2VudHJvcosDAABqkwEAAGqKAQAAVQktODYuNjc2MjWFUnKMAwAAdWJoe2p5AQAAXWh8\nh1JyjQMAAH1yjgMAAChqiQEAAGqKAQAAVQgxMi44ODY5NIVSco8DAABqjAEAAGqKAQAAVQQwLjAw\nhVJykAMAAGiBaIIpgXKRAwAAfXKSAwAAaIVohnNialYBAACKASNocIoCtg1of1gIAAAARWwgU2F1\nY2VykwMAAGqRAQAAWAgAAABFbC1zYXVjZXKUAwAAapMBAABqigEAAFUJLTg2LjUzOTUyhVJylQMA\nAHViaHtqeQEAAF1ofIdScpYDAAB9cpcDAAAoaokBAABqigEAAFUIMTIuNzI2NzKFUnKYAwAAaowB\nAABqigEAAFUEMC4wMIVScpkDAABogWiCKYFymgMAAH1ymwMAAGiFaIZzYmpWAQAAigEjaHCKAsAN\naH9YCgAAAEVsIEppY2FyYWxynAMAAGqRAQAAWAoAAABFbC1qaWNhcmFscp0DAABqkwEAAGqKAQAA\nVQktODYuMzgxMzSFUnKeAwAAdWJoe2p5AQAAXWh8h1JynwMAAH1yoAMAAChqiQEAAGqKAQAAVQgx\nMi41MjE1MoVScqEDAABqjAEAAGqKAQAAVQQwLjAwhVJyogMAAGiBaIIpgXKjAwAAfXKkAwAAaIVo\nhnNialYBAACKASNocIoCyg1of1gGAAAAVGVsaWNhcqUDAABqkQEAAFgGAAAAdGVsaWNhcqYDAABq\nkwEAAGqKAQAAVQktODYuODYwMzCFUnKnAwAAdWJoe2p5AQAAXWh8h1JyqAMAAH1yqQMAAChqiQEA\nAGqKAQAAVQgxMi40MzQ4MYVScqoDAABqjAEAAGqKAQAAVQQwLjAwhVJyqwMAAGiBaIIpgXKsAwAA\nfXKtAwAAaIVohnNialYBAACKASNocIoC1A1of1gFAAAATGXDs25yrgMAAGqRAQAAWAQAAABsZW9u\ncq8DAABqkwEAAGqKAQAAVQktODYuODgxNzSFUnKwAwAAdWJoe2p5AQAAXWh8h1JysQMAAH1ysgMA\nAChqiQEAAGqKAQAAVQgxMi4yNjUzMYVScrMDAABqjAEAAGqKAQAAVQQwLjAwhVJytAMAAGiBaIIp\ngXK1AwAAfXK2AwAAaIVohnNialYBAACKASNocIoC3g1of1gIAAAATmFnYXJvdGVytwMAAGqRAQAA\nWAgAAABuYWdhcm90ZXK4AwAAapMBAABqigEAAFUJLTg2LjU2ODEyhVJyuQMAAHViaHtqeQEAAF1o\nfIdScroDAAB9crsDAAAoaokBAABqigEAAFUIMTMuMDU0MzOFUnK8AwAAaowBAABqigEAAFUEMC4w\nMIVScr0DAABogWiCKYFyvgMAAH1yvwMAAGiFaIZzYmpWAQAAigEjaHCKArENaH9YBwAAAEFjaHVh\ncGFywAMAAGqRAQAAWAcAAABhY2h1YXBhcsEDAABqkwEAAGqKAQAAVQktODYuNTkwNzCFUnLCAwAA\ndWJoe2p5AQAAXWh8h1JywwMAAH1yxAMAAChqiQEAAGqKAQAAVQgxMi44MDE0MoVScsUDAABqjAEA\nAGqKAQAAVQQwLjAwhVJyxgMAAGiBaIIpgXLHAwAAfXLIAwAAaIVohnNialYBAACKASNocIoCuw1o\nf1gVAAAAU2FudGEgUm9zYSBkZWwgUGXDsW9ucskDAABqkQEAAFgUAAAAU2FudGEtcm9zYS1kZWwt\ncGVub25yygMAAGqTAQAAaooBAABVCS04Ni4zNzE0NIVScssDAAB1Ymh7ankBAABdaHyHUnLMAwAA\nfXLNAwAAKGqJAQAAaooBAABVCDEyLjU5MzExhVJyzgMAAGqMAQAAaooBAABVBDAuMDCFUnLPAwAA\naIFogimBctADAAB9ctEDAABohWiGc2JqVgEAAIoBI2hwigLFDWh/WAoAAABMYXJyZXluYWdhctID\nAABqkQEAAFgKAAAAbGFycmV5bmFnYXLTAwAAapMBAABqigEAAFUJLTg2LjY4MDE1hVJy1AMAAHVi\naHtqeQEAAF1ofIdSctUDAAB9ctYDAAAoaokBAABqigEAAFUIMTMuNDgzNTGFUnLXAwAAaowBAABq\nigEAAFUEMC4wMIVSctgDAABogWiCKYFy2QMAAH1y2gMAAGiFaIZzYmpWAQAAigEUaHCKAu4HaH9Y\nCQAAAFlhbGFndWluYXLbAwAAapEBAABYCQAAAHlhbGFndWluYXLcAwAAapMBAABqigEAAFUJLTg2\nLjQ5MzQ0hVJy3QMAAHViaHtqeQEAAF1ofIdSct4DAAB9ct8DAAAoaokBAABqigEAAFUIMTMuMzQz\nMjSFUnLgAwAAaowBAABqigEAAFUEMC4wMIVScuEDAABogWiCKYFy4gMAAH1y4wMAAGiFaIZzYmpW\nAQAAigEUaHCKAvgHaH9YCwAAAExhcyBTYWJhbmFzcuQDAABqkQEAAFgLAAAATGFzLXNhYmFuYXNy\n5QMAAGqTAQAAaooBAABVCS04Ni42MjE5NIVScuYDAAB1Ymh7ankBAABdaHyHUnLnAwAAfXLoAwAA\nKGqJAQAAaooBAABVCDEzLjQ4MTI5hVJy6QMAAGqMAQAAaooBAABVBDAuMDCFUnLqAwAAaIFogimB\ncusDAAB9cuwDAABohWiGc2JqVgEAAIoBFGhwigLVB2h/WAYAAABTb21vdG9y7QMAAGqRAQAAWAYA\nAABzb21vdG9y7gMAAGqTAQAAaooBAABVCS04Ni41ODMzN4VScu8DAAB1Ymh7ankBAABdaHyHUnLw\nAwAAfXLxAwAAKGqJAQAAaooBAABVCDEzLjUzMTMxhVJy8gMAAGqMAQAAaooBAABVBDAuMDCFUnLz\nAwAAaIFogimBcvQDAAB9cvUDAABohWiGc2JqVgEAAIoBFGhwigLfB2h/WAkAAABUZWxwYW5lY2Fy\n9gMAAGqRAQAAWAkAAAB0ZWxwYW5lY2Fy9wMAAGqTAQAAaooBAABVCS04Ni4yODY5M4VScvgDAAB1\nYmh7ankBAABdaHyHUnL5AwAAfXL6AwAAKGqJAQAAaooBAABVCDEzLjQ1NTk3hVJy+wMAAGqMAQAA\naooBAABVBDAuMDCFUnL8AwAAaIFogimBcv0DAAB9cv4DAABohWiGc2JqVgEAAIoBFGhwigLpB2h/\nWAsAAABQYWxhY2FndWluYXL/AwAAapEBAABYCwAAAHBhbGFjYWd1aW5hcgAEAABqkwEAAGqKAQAA\nVQktODYuNDA3MTCFUnIBBAAAdWJoe2p5AQAAXWh8h1JyAgQAAH1yAwQAAChqiQEAAGqKAQAAVQgx\nMy40MTM1OIVScgQEAABqjAEAAGqKAQAAVQQwLjAwhVJyBQQAAGiBaIIpgXIGBAAAfXIHBAAAaIVo\nhnNialYBAACKARRocIoC8wdof1gJAAAAU2FuIEx1Y2FzcggEAABqkQEAAFgJAAAAU2FuLWx1Y2Fz\ncgkEAABqkwEAAGqKAQAAVQktODYuNjExNzaFUnIKBAAAdWJoe2p5AQAAXWh8h1JyCwQAAH1yDAQA\nAChqiQEAAGqKAQAAVQgxMy4yODg0N4VScg0EAABqjAEAAGqKAQAAVQQwLjAwhVJyDgQAAGiBaIIp\ngXIPBAAAfXIQBAAAaIVohnNialYBAACKARRocIoC/Qdof1gUAAAAU2FuIEpvc8OpIGRlIEN1c21h\ncGFyEQQAAGqRAQAAWBAAAABTYW4tam9zZS1jdXNtYXBhchIEAABqkwEAAGqKAQAAVQktODYuNjU0\nODmFUnITBAAAdWJoe2p5AQAAXWh8h1JyFAQAAH1yFQQAAChqiQEAAGqKAQAAVQgxMy41NjMzNoVS\nchYEAABqjAEAAGqKAQAAVQQwLjAwhVJyFwQAAGiBaIIpgXIYBAAAfXIZBAAAaIVohnNialYBAACK\nARRocIoC2gdof1gJAAAAVG90b2dhbHBhchoEAABqkQEAAFgJAAAAdG90b2dhbHBhchsEAABqkwEA\nAGqKAQAAVQktODYuNDkyODGFUnIcBAAAdWJoe2p5AQAAXWh8h1JyHQQAAH1yHgQAAChqiQEAAGqK\nAQAAVQgxMy41NDQ1OIVSch8EAABqjAEAAGqKAQAAVQQwLjAwhVJyIAQAAGiBaIIpgXIhBAAAfXIi\nBAAAaIVohnNialYBAACKARRocIoC5Adof1gVAAAAU2FuIEp1YW4gZGUgUsOtbyBDb2NvciMEAABq\nkQEAAFgRAAAAU2FuLWp1YW4tcmlvLWNvY29yJAQAAGqTAQAAaooBAABVCS04Ni4xNjUzN4VSciUE\nAAB1Ymh7ankBAABdaHyHUnImBAAAfXInBAAAKGqJAQAAaooBAABVCDExLjk3ODY1hVJyKAQAAGqM\nAQAAaooBAABVBDAuMDCFUnIpBAAAaIFogimBcioEAAB9cisEAABohWiGc2JqVgEAAIoBN2hwigKc\nFWh/WAoAAABFbCBDcnVjZXJvciwEAABqkQEAAFgKAAAARWwtY3J1Y2Vyb3ItBAAAapMBAABqigEA\nAFUJLTg2LjMxMDc2hVJyLgQAAHViaHtqeQEAAF1ofIdSci8EAAB9cjAEAAAoaokBAABqigEAAFUI\nMTIuNTA0NTiFUnIxBAAAaowBAABqigEAAFUEMC4wMIVScjIEAABogWiCKYFyMwQAAH1yNAQAAGiF\naIZzYmpWAQAAigE3aHCKAoEVaH9YEwAAAFNhbiBGcmFuY2lzY28gTGlicmVyNQQAAGqRAQAAWBMA\nAABTYW4tZnJhbmNpc2NvLWxpYnJlcjYEAABqkwEAAGqKAQAAVQktODYuMzAxMDWFUnI3BAAAdWJo\ne2p5AQAAXWh8h1JyOAQAAH1yOQQAAChqiQEAAGqKAQAAVQgxMi4yMzUzNoVScjoEAABqjAEAAGqK\nAQAAVQQwLjAwhVJyOwQAAGiBaIIpgXI8BAAAfXI9BAAAaIVohnNialYBAACKATdocIoCixVof1gH\nAAAATWF0ZWFyZXI+BAAAapEBAABYBwAAAG1hdGVhcmVyPwQAAGqTAQAAaooBAABVCS04Ni40MzAx\nM4VSckAEAAB1Ymh7ankBAABdaHyHUnJBBAAAfXJCBAAAKGqJAQAAaooBAABVCDEyLjE2MDgyhVJy\nQwQAAGqMAQAAaooBAABVBDAuMDCFUnJEBAAAaIFogimBckUEAAB9ckYEAABohWiGc2JqVgEAAIoB\nN2hwigKSFWh/WA4AAABDaXVkYWQgU2FuZGlub3JHBAAAapEBAABYDgAAAENpdWRhZC1zYW5kaW5v\nckgEAABqkwEAAGqKAQAAVQktODYuMzUwMDSFUnJJBAAAdWJoe2p5AQAAXWh8h1JySgQAAH1ySwQA\nAChqiQEAAGqKAQAAVQgxMi4wMjEyNYVSckwEAABqjAEAAGqKAQAAVQQwLjAwhVJyTQQAAGiBaIIp\ngXJOBAAAfXJPBAAAaIVohnNialYBAACKATdocIoCmhVof1gKAAAAVGljdWFudGVwZXJQBAAAapEB\nAABYCgAAAHRpY3VhbnRlcGVyUQQAAGqTAQAAaooBAABVCS04Ni4yMDI4OIVSclIEAAB1Ymh7ankB\nAABdaHyHUnJTBAAAfXJUBAAAKGqJAQAAaooBAABVCDExLjg0NjgxhVJyVQQAAGqMAQAAaooBAABV\nBDAuMDCFUnJWBAAAaIFogimBclcEAAB9clgEAABohWiGc2JqVgEAAIoBN2hwigKfFWh/WBIAAABT\nYW4gUmFmYWVsIGRlbCBTdXJyWQQAAGqRAQAAWBIAAABTYW4tcmFmYWVsLWRlbC1zdXJyWgQAAGqT\nAQAAaooBAABVCS04Ni40Mzk3N4VSclsEAAB1Ymh7ankBAABdaHyHUnJcBAAAfXJdBAAAKGqJAQAA\naooBAABVCDEyLjE5NjYyhVJyXgQAAGqMAQAAaooBAABVBDAuMDCFUnJfBAAAaIFogimBcmAEAAB9\ncmEEAABohWiGc2JqVgEAAIoBN2hwigKGFWh/WAgAAABUaXBpdGFwYXJiBAAAapEBAABYCAAAAHRp\ncGl0YXBhcmMEAABqkwEAAGqKAQAAVQktODYuMDk2ODKFUnJkBAAAdWJoe2p5AQAAXWh8h1JyZQQA\nAH1yZgQAAChqiQEAAGqKAQAAVQgxMS45NzkyNIVScmcEAABqjAEAAGqKAQAAVQQwLjAwhVJyaAQA\nAGiBaIIpgXJpBAAAfXJqBAAAaIVohnNialYBAACKATdocIoCkBVof1gUAAAAVmlsbGEgQ2FybG9z\nIEZvbnNlY2FyawQAAGqRAQAAWBQAAABWaWxsYS1jYXJsb3MtZm9uc2VjYXJsBAAAapMBAABqigEA\nAFUJLTg2LjUwODA5hVJybQQAAHViaHtqeQEAAF1ofIdScm4EAAB9cm8EAAAoaokBAABqigEAAFUI\nMTIuMTQ3NDaFUnJwBAAAaowBAABqigEAAFUEMC4wMIVScnEEAABogWiCKYFycgQAAH1ycwQAAGiF\naIZzYmpWAQAAigE3aHCKApUVaH9YBwAAAE1hbmFndWFydAQAAGqRAQAAWAcAAABtYW5hZ3VhcnUE\nAABqkwEAAGqKAQAAVQktODYuMjczMzmFUnJ2BAAAdWJoe2p5AQAAXWh8h1JydwQAAH1yeAQAAChq\niQEAAGqKAQAAVQgxMi4wMDI0M4VScnkEAABqjAEAAGqKAQAAVQQwLjAwhVJyegQAAGiBaIIpgXJ7\nBAAAfXJ8BAAAaIVohnNialYBAACKATxocIoCdRdof1gIAAAATmluZGlyw61yfQQAAGqRAQAAWAcA\nAABuaW5kaXJpcn4EAABqkwEAAGqKAQAAVQktODYuMTIwNjeFUnJ/BAAAdWJoe2p5AQAAXWh8h1Jy\ngAQAAH1ygQQAAChqiQEAAGqKAQAAVQgxMi4wODEzM4VScoIEAABqjAEAAGqKAQAAVQQwLjAwhVJy\ngwQAAGiBaIIpgXKEBAAAfXKFBAAAaIVohnNialYBAACKATxocIoCfxdof1gFAAAAVGlzbWFyhgQA\nAGqRAQAAWAUAAAB0aXNtYXKHBAAAapMBAABqigEAAFUJLTg2LjAxOTIxhVJyiAQAAHViaHtqeQEA\nAF1ofIdScokEAAB9cooEAAAoaokBAABqigEAAFUIMTEuOTEzNDSFUnKLBAAAaowBAABqigEAAFUE\nMC4wMIVScowEAABogWiCKYFyjQQAAH1yjgQAAGiFaIZzYmpWAQAAigE8aHCKAokXaH9YCAAAAE1h\nc2F0ZXBlco8EAABqkQEAAFgIAAAAbWFzYXRlcGVykAQAAGqTAQAAaooBAABVCS04Ni4xNDQ3NYVS\ncpEEAAB1Ymh7ankBAABdaHyHUnKSBAAAfXKTBAAAKGqJAQAAaooBAABVCDExLjkxMDc4hVJylAQA\nAGqMAQAAaooBAABVBDAuMDCFUnKVBAAAaIFogimBcpYEAAB9cpcEAABohWiGc2JqVgEAAIoBPGhw\nigKTF2h/WAgAAABDYXRhcmluYXKYBAAAapEBAABYCAAAAGNhdGFyaW5hcpkEAABqkwEAAGqKAQAA\nVQktODYuMDc0MDeFUnKaBAAAdWJoe2p5AQAAXWh8h1JymwQAAH1ynAQAAChqiQEAAGqKAQAAVQgx\nMS45MDQwOIVScp0EAABqjAEAAGqKAQAAVQQwLjAwhVJyngQAAGiBaIIpgXKfBAAAfXKgBAAAaIVo\nhnNialYBAACKATxocIoCnRdof1gLAAAATmlxdWlub2hvbW9yoQQAAGqRAQAAWAkAAABuaXF1aW5v\nbW9yogQAAGqTAQAAaooBAABVCS04Ni4wOTQ3MoVScqMEAAB1Ymh7ankBAABdaHyHUnKkBAAAfXKl\nBAAAKGqJAQAAaooBAABVCDExLjk3NzM1hVJypgQAAGqMAQAAaooBAABVBDAuMDCFUnKnBAAAaIFo\ngimBcqgEAAB9cqkEAABohWiGc2JqVgEAAIoBPGhwigJ6F2h/WAYAAABNYXNheWFyqgQAAGqRAQAA\nWAYAAABtYXNheWFyqwQAAGqTAQAAaooBAABVCS04Ni4wOTYwNoVScqwEAAB1Ymh7ankBAABdaHyH\nUnKtBAAAfXKuBAAAKGqJAQAAaooBAABVCDExLjkzNjE1hVJyrwQAAGqMAQAAaooBAABVBDAuMDCF\nUnKwBAAAaIFogimBcrEEAAB9crIEAABohWiGc2JqVgEAAIoBPGhwigKEF2h/WA4AAABMYSBDb25j\nZXBjacOzbnKzBAAAapEBAABYDQAAAExhLWNvbmNlcGNpb25ytAQAAGqTAQAAaooBAABVCS04Ni4x\nOTIyMIVScrUEAAB1Ymh7ankBAABdaHyHUnK2BAAAfXK3BAAAKGqJAQAAaooBAABVCDExLjkwOTMz\nhVJyuAQAAGqMAQAAaooBAABVBDAuMDCFUnK5BAAAaIFogimBcroEAAB9crsEAABohWiGc2JqVgEA\nAIoBPGhwigKOF2h/WAgAAABOYW5kYXNtb3K8BAAAapEBAABYCAAAAG5hbmRhc21vcr0EAABqkwEA\nAGqKAQAAVQktODYuMTMwNTWFUnK+BAAAdWJoe2p5AQAAXWh8h1JyvwQAAH1ywAQAAChqiQEAAGqK\nAQAAVQgxMS45MDQ3OYVScsEEAABqjAEAAGqKAQAAVQQwLjAwhVJywgQAAGiBaIIpgXLDBAAAfXLE\nBAAAaIVohnNialYBAACKATxocIoCmBdof1gTAAAAU2FuIEp1YW4gZGUgT3JpZW50ZXLFBAAAapEB\nAABYEwAAAFNhbi1qdWFuLWRlLW9yaWVudGVyxgQAAGqTAQAAaooBAABVCS04Ni4wNzMxMYVScscE\nAAB1Ymh7ankBAABdaHyHUnLIBAAAfXLJBAAAKGqJAQAAaooBAABVCDEzLjI1MzUyhVJyygQAAGqM\nAQAAaooBAABVBDAuMDCFUnLLBAAAaIFogimBcswEAAB9cs0EAABohWiGc2JqVgEAAIoBKGhwigKl\nD2h/WA0AAABSYW5jaG8gR3JhbmRlcs4EAABqkQEAAFgNAAAAUmFuY2hvLWdyYW5kZXLPBAAAapMB\nAABqigEAAFUJLTg1LjU1MjY4hVJy0AQAAHViaHtqeQEAAF1ofIdSctEEAAB9ctIEAAAoaokBAABq\nigEAAFUIMTIuNzMwMDmFUnLTBAAAaowBAABqigEAAFUEMC4wMIVSctQEAABogWiCKYFy1QQAAH1y\n1gQAAGiFaIZzYmpWAQAAigEoaHCKAtwPaH9YCQAAAFRlcnJhYm9uYXLXBAAAapEBAABYCQAAAHRl\ncnJhYm9uYXLYBAAAapMBAABqigEAAFUJLTg1Ljk2NDg3hVJy2QQAAHViaHtqeQEAAF1ofIdSctoE\nAAB9ctsEAAAoaokBAABqigEAAFUIMTMuMTM3MzWFUnLcBAAAaowBAABqigEAAFUEMC4wMIVSct0E\nAABogWiCKYFy3gQAAH1y3wQAAGiFaIZzYmpWAQAAigEoaHCKAq8PaH9YEgAAAEVsIFR1bWEgLSBM\nYSBEYWxpYXLgBAAAapEBAABYBwAAAEVsLXR1bWFy4QQAAGqTAQAAaooBAABVCS04NS43Mzc4OIVS\ncuIEAAB1Ymh7ankBAABdaHyHUnLjBAAAfXLkBAAAKGqJAQAAaooBAABVCDEyLjg1MTkwhVJy5QQA\nAGqMAQAAaooBAABVBDAuMDCFUnLmBAAAaIFogimBcucEAAB9cugEAABohWiGc2JqVgEAAIoBKGhw\nigK5D2h/WAcAAABTw6liYWNvcukEAABqkQEAAFgGAAAAc2ViYWNvcuoEAABqkwEAAGqKAQAAVQkt\nODYuMDk2OTaFUnLrBAAAdWJoe2p5AQAAXWh8h1Jy7AQAAH1y7QQAAChqiQEAAGqKAQAAVQgxMi45\nMjI1NIVScu4EAABqjAEAAGqKAQAAVQQwLjAwhVJy7wQAAGiBaIIpgXLwBAAAfXLxBAAAaIVohnNi\nalYBAACKAShocIoCww9of1gKAAAAU2FuIFJhbcOzbnLyBAAAapEBAABYCQAAAFNhbi1yYW1vbnLz\nBAAAapMBAABqigEAAFUJLTg1LjgzOTY4hVJy9AQAAHViaHtqeQEAAF1ofIdScvUEAAB9cvYEAAAo\naokBAABqigEAAFUIMTIuNzYxMjWFUnL3BAAAaowBAABqigEAAFUEMC4wMIVScvgEAABogWiCKYFy\n+QQAAH1y+gQAAGiFaIZzYmpWAQAAigEoaHCKAs0PaH9YBwAAAE11eSBNdXly+wQAAGqRAQAAWAYA\nAABtdXltdXly/AQAAGqTAQAAaooBAABVCS04NS42MzEyM4VScv0EAAB1Ymh7ankBAABdaHyHUnL+\nBAAAfXL/BAAAKGqJAQAAaooBAABVCDEyLjc2MTkwhVJyAAUAAGqMAQAAaooBAABVBDAuMDCFUnIB\nBQAAaIFogimBcgIFAAB9cgMFAABohWiGc2JqVgEAAIoBKGhwigLXD2h/WAwAAABTYW4gRGlvbmlz\naW9yBAUAAGqRAQAAWAwAAABTYW4tZGlvbmlzaW9yBQUAAGqTAQAAaooBAABVCS04NS44NTA5MYVS\ncgYFAAB1Ymh7ankBAABdaHyHUnIHBQAAfXIIBQAAKGqJAQAAaooBAABVCDEyLjkzMDQ0hVJyCQUA\nAGqMAQAAaooBAABVBDAuMDCFUnIKBQAAaIFogimBcgsFAAB9cgwFAABohWiGc2JqVgEAAIoBKGhw\nigKqD2h/WA0AAABSw63CrW8gQmxhbmNvcg0FAABqkQEAAFgKAAAAUmlvLWJsYW5jb3IOBQAAapMB\nAABqigEAAFUJLTg1LjIyNjEwhVJyDwUAAHViaHtqeQEAAF1ofIdSchAFAAB9chEFAAAoaokBAABq\nigEAAFUIMTIuNzMwMDCFUnISBQAAaowBAABqigEAAFUEMC4wMIVSchMFAABogWiCKYFyFAUAAH1y\nFQUAAGiFaIZzYmpWAQAAigEoaHCKAuEPaH9YDwAAAENpdWRhZCBEYXLDrcKtb3IWBQAAapEBAABY\nDAAAAENpdWRhZC1kYXJpb3IXBQAAapMBAABqigEAAFUJLTg2LjEyNDU3hVJyGAUAAHViaHtqeQEA\nAF1ofIdSchkFAAB9choFAAAoaokBAABqigEAAFUIMTIuOTI5MzeFUnIbBQAAaowBAABqigEAAFUE\nMC4wMIVSchwFAABogWiCKYFyHQUAAH1yHgUAAGiFaIZzYmpWAQAAigEoaHCKArQPaH9YCgAAAFNh\nbiBJc2lkcm9yHwUAAGqRAQAAWAoAAABTYW4taXNpZHJvciAFAABqkwEAAGqKAQAAVQktODYuMTk1\nNTCFUnIhBQAAdWJoe2p5AQAAXWh8h1JyIgUAAH1yIwUAAChqiQEAAGqKAQAAVQgxMi45MjcwOYVS\nciQFAABqjAEAAGqKAQAAVQQwLjAwhVJyJQUAAGiBaIIpgXImBQAAfXInBQAAaIVohnNialYBAACK\nAShocIoCvg9of1gJAAAATWF0YWdhbHBhcigFAABqkQEAAFgJAAAAbWF0YWdhbHBhcikFAABqkwEA\nAGqKAQAAVQktODUuOTE3NDeFUnIqBQAAdWJoe2p5AQAAXWh8h1JyKwUAAH1yLAUAAChqiQEAAGqK\nAQAAVQgxMi44MzcxMIVSci0FAABqjAEAAGqKAQAAVQQwLjAwhVJyLgUAAGiBaIIpgXIvBQAAfXIw\nBQAAaIVohnNialYBAACKAShocIoCyA9of1gJAAAATWF0aWd1w6FzcjEFAABqkQEAAFgIAAAAbWF0\naWd1YXNyMgUAAGqTAQAAaooBAABVCS04NS40NjA3OYVScjMFAAB1Ymh7ankBAABdaHyHUnI0BQAA\nfXI1BQAAKGqJAQAAaooBAABVCDEyLjY2NDQ2hVJyNgUAAGqMAQAAaooBAABVBDAuMDCFUnI3BQAA\naIFogimBcjgFAAB9cjkFAABohWiGc2JqVgEAAIoBKGhwigLSD2h/WAoAAABFc3F1aXB1bGFzcjoF\nAABqkQEAAFgKAAAAZXNxdWlwdWxhc3I7BQAAapMBAABqigEAAFUJLTg1Ljc4OTA5hVJyPAUAAHVi\naHtqeQEAAF1ofIdScj0FAAB9cj4FAAAoaokBAABqigEAAFUIMTMuNjQyMTeFUnI/BQAAaowBAABq\nigEAAFUEMC4wMIVSckAFAABogWiCKYFyQQUAAH1yQgUAAGiFaIZzYmpWAQAAigEFaHCKAiYCaH9Y\nDgAAAENpdWRhZCBBbnRpZ3VhckMFAABqkQEAAFgOAAAAQ2l1ZGFkLWFudGlndWFyRAUAAGqTAQAA\naooBAABVCS04Ni4zMDg5M4VSckUFAAB1Ymh7ankBAABdaHyHUnJGBQAAfXJHBQAAKGqJAQAAaooB\nAABVCDEzLjkyMjg2hVJySAUAAGqMAQAAaooBAABVBDAuMDCFUnJJBQAAaIFogimBckoFAAB9cksF\nAABohWiGc2JqVgEAAIoBBWhwigL5AWh/WAYAAABKYWxhcGFyTAUAAGqRAQAAWAYAAABqYWxhcGFy\nTQUAAGqTAQAAaooBAABVCS04Ni4xMjUyMIVSck4FAAB1Ymh7ankBAABdaHyHUnJPBQAAfXJQBQAA\nKGqJAQAAaooBAABVCDEzLjYyNjY3hVJyUQUAAGqMAQAAaooBAABVBDAuMDCFUnJSBQAAaIFogimB\nclMFAAB9clQFAABohWiGc2JqVgEAAIoBBWhwigIwAmh/WBcAAABXaXdpbGkgZGUgTnVldmEgU2Vn\nb3ZpYXJVBQAAapEBAABYEwAAAFdpd2lsaS1udWV2YXNlZ292aWFyVgUAAGqTAQAAaooBAABVCS04\nNS44MjM2OYVSclcFAAB1Ymh7ankBAABdaHyHUnJYBQAAfXJZBQAAKGqJAQAAaooBAABVCDEzLjcy\nMzI2hVJyWgUAAGqMAQAAaooBAABVBDAuMDCFUnJbBQAAaIFogimBclwFAAB9cl0FAABohWiGc2Jq\nVgEAAIoBBWhwigIDAmh/WAwAAABFbCBKw63CrWNhcm9yXgUAAGqRAQAAWAkAAABFbC1qaWNhcm9y\nXwUAAGqTAQAAaooBAABVCS04Ni4xMzcwNYVScmAFAAB1Ymh7ankBAABdaHyHUnJhBQAAfXJiBQAA\nKGqJAQAAaooBAABVCDEzLjY2MTY4hVJyYwUAAGqMAQAAaooBAABVBDAuMDCFUnJkBQAAaIFogimB\ncmUFAAB9cmYFAABohWiGc2JqVgEAAIoBBWhwigINAmh/WAcAAABNb3pvbnRlcmcFAABqkQEAAFgH\nAAAAbW96b250ZXJoBQAAapMBAABqigEAAFUJLTg2LjQzNzA2hVJyaQUAAHViaHtqeQEAAF1ofIdS\ncmoFAAB9cmsFAAAoaokBAABqigEAAFUIMTMuNjUyMzmFUnJsBQAAaowBAABqigEAAFUEMC4wMIVS\ncm0FAABogWiCKYFybgUAAH1ybwUAAGiFaIZzYmpWAQAAigEFaHCKAhcCaH9YCQAAAE1hY3VlbGl6\nb3JwBQAAapEBAABYCQAAAG1hY3VlbGl6b3JxBQAAapMBAABqigEAAFUJLTg2LjYxMzgwhVJycgUA\nAHViaHtqeQEAAF1ofIdScnMFAAB9cnQFAAAoaokBAABqigEAAFUIMTMuNjM0MzKFUnJ1BQAAaowB\nAABqigEAAFUEMC4wMIVScnYFAABogWiCKYFydwUAAH1yeAUAAGiFaIZzYmpWAQAAigEFaHCKAiEC\naH9YBgAAAE9jb3RhbHJ5BQAAapEBAABYBgAAAG9jb3RhbHJ6BQAAapMBAABqigEAAFUJLTg2LjQ3\nNzQ1hVJyewUAAHViaHtqeQEAAF1ofIdScnwFAAB9cn0FAAAoaokBAABqigEAAFUIMTMuNTY2NzWF\nUnJ+BQAAaowBAABqigEAAFUEMC4wMIVScn8FAABogWiCKYFygAUAAH1ygQUAAGiFaIZzYmpWAQAA\nigEFaHCKAisCaH9YCAAAAFF1aWxhbMOtcoIFAABqkQEAAFgHAAAAcXVpbGFsaXKDBQAAapMBAABq\nigEAAFUJLTg2LjAyOTUyhVJyhAUAAHViaHtqeQEAAF1ofIdScoUFAAB9coYFAAAoaokBAABqigEA\nAFUIMTMuNzU5MDCFUnKHBQAAaowBAABqigEAAFUEMC4wMIVScogFAABogWiCKYFyiQUAAH1yigUA\nAGiFaIZzYmpWAQAAigEFaHCKAv4BaH9YBQAAAE11cnJhcosFAABqkQEAAFgFAAAAbXVycmFyjAUA\nAGqTAQAAaooBAABVCS04Ni4wMTc5OYVSco0FAAB1Ymh7ankBAABdaHyHUnKOBQAAfXKPBQAAKGqJ\nAQAAaooBAABVCDEzLjY3NzI5hVJykAUAAGqMAQAAaooBAABVBDAuMDCFUnKRBQAAaIFogimBcpIF\nAAB9cpMFAABohWiGc2JqVgEAAIoBBWhwigIIAmh/WAwAAABTYW4gRmVybmFuZG9ylAUAAGqRAQAA\nWAwAAABTYW4tZmVybmFuZG9ylQUAAGqTAQAAaooBAABVCS04Ni4zMTQ4NIVScpYFAAB1Ymh7ankB\nAABdaHyHUnKXBQAAfXKYBQAAKGqJAQAAaooBAABVCDEzLjcyMjQzhVJymQUAAGqMAQAAaooBAABV\nBDAuMDCFUnKaBQAAaIFogimBcpsFAAB9cpwFAABohWiGc2JqVgEAAIoBBWhwigISAmh/WAcAAABE\naXBpbHRvcp0FAABqkQEAAFgHAAAAZGlwaWx0b3KeBQAAapMBAABqigEAAFUJLTg2LjUwNzIwhVJy\nnwUAAHViaHtqeQEAAF1ofIdScqAFAAB9cqEFAAAoaokBAABqigEAAFUIMTMuNzQ3NTOFUnKiBQAA\naowBAABqigEAAFUEMC4wMIVScqMFAABogWiCKYFypAUAAH1ypQUAAGiFaIZzYmpWAQAAigEFaHCK\nAhwCaH9YDgAAAFNhbnRhIE1hcsOtwq1hcqYFAABqkQEAAFgKAAAAc2FudGFtYXJpYXKnBQAAapMB\nAABqigEAAFUJLTg2LjcxMDc3hVJyqAUAAHViaHtqeQEAAF1ofIdScqkFAAB9cqoFAAAoaokBAABq\nigEAAFUIMTQuMDMzMTOFUnKrBQAAaowBAABqigEAAFUEMC4wMIVScqwFAABogWiCKYFyrQUAAH1y\nrgUAAGiFaIZzYmpWAQAAigFbaHCKApYjaH9YDgAAAFB1ZXJ0byBDYWJlemFzcq8FAABqkQEAAFgO\nAAAAUHVlcnRvLWNhYmV6YXNysAUAAGqTAQAAaooBAABVCS04My4zODIyM4VScrEFAAB1Ymh7ankB\nAABdaHyHUnKyBQAAfXKzBQAAKGqJAQAAaooBAABVCDE0LjAyNTg0hVJytAUAAGqMAQAAaooBAABV\nBDAuMDCFUnK1BQAAaIFogimBcrYFAAB9crcFAABohWiGc2JqVgEAAIoBW2hwigKgI2h/WAcAAABC\nb25hbnphcrgFAABqkQEAAFgHAAAAYm9uYW56YXK5BQAAapMBAABqigEAAFUJLTg0LjYyMDg4hVJy\nugUAAHViaHtqeQEAAF1ofIdScrsFAAB9crwFAAAoaokBAABqigEAAFUIMTMuMTUwMDCFUnK9BQAA\naowBAABqigEAAFUEMC4wMIVScr4FAABogWiCKYFyvwUAAH1ywAUAAGiFaIZzYmpWAQAAigFbaHCK\nAqcjaH9YCAAAAE11bHVrdWt1csEFAABqkQEAAFgIAAAAbXVsdWt1a3VywgUAAGqTAQAAaooBAABV\nCS04NC45NjY2N4VScsMFAAB1Ymh7ankBAABdaHyHUnLEBQAAfXLFBQAAKGqJAQAAaooBAABVCDEz\nLjQwNjExhVJyxgUAAGqMAQAAaooBAABVBDAuMDCFUnLHBQAAaIFogimBcsgFAAB9cskFAABohWiG\nc2JqVgEAAIoBW2hwigKvI2h/WAsAAABQcmluemFwb2xrYXLKBQAAapEBAABYCwAAAHByaW56YXBv\nbGthcssFAABqkwEAAGqKAQAAVQktODMuNTYyMjmFUnLMBQAAdWJoe2p5AQAAXWh8h1JyzQUAAH1y\nzgUAAChqiQEAAGqKAQAAVQgxNC43NDM4NoVScs8FAABqjAEAAGqKAQAAVQQwLjAwhVJy0AUAAGiB\naIIpgXLRBQAAfXLSBQAAaIVohnNialYBAACKAVtocIoCkSNof1gHAAAAV2FzcMOhbnLTBQAAapEB\nAABYBgAAAHdhc3BhbnLUBQAAapMBAABqigEAAFUJLTgzLjk2ODg1hVJy1QUAAHViaHtqeQEAAF1o\nfIdSctYFAAB9ctcFAAAoaokBAABqigEAAFUIMTMuOTEwNjCFUnLYBQAAaowBAABqigEAAFUEMC4w\nMIVSctkFAABogWiCKYFy2gUAAH1y2wUAAGiFaIZzYmpWAQAAigFbaHCKApsjaH9YBgAAAFJvc2l0\nYXLcBQAAapEBAABYBgAAAHJvc2l0YXLdBQAAapMBAABqigEAAFUJLTg0LjM5MTUzhVJy3gUAAHVi\naHtqeQEAAF1ofIdSct8FAAB9cuAFAAAoaokBAABqigEAAFUIMTMuMzM0NjWFUnLhBQAAaowBAABq\nigEAAFUEMC4wMIVScuIFAABogWiCKYFy4wUAAH1y5AUAAGiFaIZzYmpWAQAAigFbaHCKAqUjaH9Y\nBwAAAFdhc2xhbGFy5QUAAGqRAQAAWAcAAAB3YXNsYWxhcuYFAABqkwEAAGqKAQAAVQktODUuMzcw\nOTmFUnLnBQAAdWJoe2p5AQAAXWh8h1Jy6AUAAH1y6QUAAChqiQEAAGqKAQAAVQgxMy43Mzg1N4VS\ncuoFAABqjAEAAGqKAQAAVQQwLjAwhVJy6wUAAGiBaIIpgXLsBQAAfXLtBQAAaIVohnNialYBAACK\nAVtocIoCqiNof1gFAAAAU2l1bmFy7gUAAGqRAQAAWAUAAABzaXVuYXLvBQAAapMBAABqigEAAFUJ\nLTg0Ljc4NDkxhVJy8AUAAHViaHtqeQEAAF1ofIdScvEFAAB9cvIFAAAoaokBAABqigEAAFUIMTIu\nMTgwMTeFUnLzBQAAaowBAABqigEAAFUEMC4wMIVScvQFAABogWiCKYFy9QUAAH1y9gUAAGiFaIZz\nYmpWAQAAigFdaHCKAnckaH9YCwAAAENvcm4gSXNsYW5kcvcFAABqkQEAAFgLAAAAQ29ybi1pc2xh\nbmRy+AUAAGqTAQAAaooBAABVCS04My4wNTk3NYVScvkFAAB1Ymh7ankBAABdaHyHUnL6BQAAfXL7\nBQAAKGqJAQAAaooBAABVCDEyLjc4NTQ4hVJy/AUAAGqMAQAAaooBAABVBDAuMDCFUnL9BQAAaIFo\ngimBcv4FAAB9cv8FAABohWiGc2JqVgEAAIoBXWhwigJZJGh/WAYAAABQYWl3YXNyAAYAAGqRAQAA\nWAYAAABwYWl3YXNyAQYAAGqTAQAAaooBAABVCS04NS4xMjQwMoVScgIGAAB1Ymh7ankBAABdaHyH\nUnIDBgAAfXIEBgAAKGqJAQAAaooBAABVCDExLjY4ODI3hVJyBQYAAGqMAQAAaooBAABVBDAuMDCF\nUnIGBgAAaIFogimBcgcGAAB9cggGAABohWiGc2JqVgEAAIoBXWhwigKBJGh/WAwAAABOdWV2YSBH\ndWluZWFyCQYAAGqRAQAAWAwAAABOdWV2YS1ndWluZWFyCgYAAGqTAQAAaooBAABVCS04NC40NTc5\nNIVScgsGAAB1Ymh7ankBAABdaHyHUnIMBgAAfXINBgAAKGqJAQAAaooBAABVCDEyLjkzMjA4hVJy\nDgYAAGqMAQAAaooBAABVBDAuMDCFUnIPBgAAaIFogimBchAGAAB9chEGAABohWiGc2JqVgEAAIoB\nXWhwigJgJGh/WBwAAABEZXNlbWJvY2FkdXJhIGRlIFLDrW8gR3JhbmRlchIGAABqkQEAAFgYAAAA\nRGVzZW1ib2NhZHVyYS1yaW8tZ3JhbmRlchMGAABqkwEAAGqKAQAAVQktODMuNTc2OTeFUnIUBgAA\ndWJoe2p5AQAAXWh8h1JyFQYAAH1yFgYAAChqiQEAAGqKAQAAVQgxMi44MjA4NYVSchcGAABqjAEA\nAGqKAQAAVQQwLjAwhVJyGAYAAGiBaIIpgXIZBgAAfXIaBgAAaIVohnNialYBAACKAV1ocIoCZCRo\nf1gNAAAARWwgVG9ydHVndWVyb3IbBgAAapEBAABYDQAAAEVsLXRvcnR1Z3Vlcm9yHAYAAGqTAQAA\naooBAABVCS04NC4xOTkwNoVSch0GAAB1Ymh7ankBAABdaHyHUnIeBgAAfXIfBgAAKGqJAQAAaooB\nAABVCDEyLjQ5NDg2hVJyIAYAAGqMAQAAaooBAABVBDAuMDCFUnIhBgAAaIFogimBciIGAAB9ciMG\nAABohWiGc2JqVgEAAIoBXWhwigJrJGh/WAgAAABFbCBBeW90ZXIkBgAAapEBAABYCAAAAEVsLWF5\nb3RlciUGAABqkwEAAGqKAQAAVQktODQuODE5NDOFUnImBgAAdWJoe2p5AQAAXWh8h1JyJwYAAH1y\nKAYAAChqiQEAAGqKAQAAVQgxMi4yNDE2M4VScikGAABqjAEAAGqKAQAAVQQwLjAwhVJyKgYAAGiB\naIIpgXIrBgAAfXIsBgAAaIVohnNialYBAACKAV1ocIoCciRof1gMAAAAS3VrcmEgLSBIaWxsci0G\nAABqkQEAAFgKAAAAS3VrcmEtaGlsbHIuBgAAapMBAABqigEAAFUJLTgzLjc0NTMyhVJyLwYAAHVi\naHtqeQEAAF1ofIdScjAGAAB9cjEGAAAoaokBAABqigEAAFUIMTIuMDExNDSFUnIyBgAAaowBAABq\nigEAAFUEMC4wMIVScjMGAABogWiCKYFyNAYAAH1yNQYAAGiFaIZzYmpWAQAAigFdaHCKAnwkaH9Y\nCgAAAEJsdWVmaWVsZHNyNgYAAGqRAQAAWAoAAABibHVlZmllbGRzcjcGAABqkwEAAGqKAQAAVQkt\nODMuNzYzODiFUnI4BgAAdWJoe2p5AQAAXWh8h1JyOQYAAH1yOgYAAChqiQEAAGqKAQAAVQgxMy4x\nMTE0NYVScjsGAABqjAEAAGqKAQAAVQQwLjAwhVJyPAYAAGiBaIIpgXI9BgAAfXI+BgAAaIVohnNi\nalYBAACKAV1ocIoCXiRof1gWAAAATGEgQ3J1eiBkZSBSw61vIEdyYW5kZXI/BgAAapEBAABYEgAA\nAExhLWNydXotcmlvLWdyYW5kZXJABgAAapMBAABqigEAAFUJLTg0LjE4ODM1hVJyQQYAAHViaHtq\neQEAAF1ofIdSckIGAAB9ckMGAAAoaokBAABqigEAAFUIMTIuMzQwOTaFUnJEBgAAaowBAABqigEA\nAFUEMC4wMIVSckUGAABogWiCKYFyRgYAAH1yRwYAAGiFaIZzYmpWAQAAigFdaHCKAmMkaH9YEAAA\nAExhZ3VuYSBkZSBQZXJsYXNySAYAAGqRAQAAWBAAAABMYWd1bmEtZGUtcGVybGFzckkGAABqkwEA\nAGqKAQAAVQktODMuNjcwNTKFUnJKBgAAdWJoe2p5AQAAXWh8h1JySwYAAH1yTAYAAChqiQEAAGqK\nAQAAVQgxMi4xNjAwNIVSck0GAABqjAEAAGqKAQAAVQQwLjAwhVJyTgYAAGiBaIIpgXJPBgAAfXJQ\nBgAAaIVohnNialYBAACKAV1ocIoCaCRof1gEAAAAUmFtYXJRBgAAapEBAABYBAAAAHJhbWFyUgYA\nAGqTAQAAaooBAABVCS04NC4yMTkxM4VSclMGAAB1Ymh7ankBAABdaHyHUnJUBgAAfXJVBgAAKGqJ\nAQAAaooBAABVCDEyLjA2NzY0hVJyVgYAAGqMAQAAaooBAABVBDAuMDCFUnJXBgAAaIFogimBclgG\nAAB9clkGAABohWiGc2JqVgEAAIoBXWhwigJtJGh/WBQAAABNdWVsbGUgZGUgbG9zIEJ1ZXllc3Ja\nBgAAapEBAABYFAAAAE11ZWxsZS1kZS1sb3MtYnVleWVzclsGAABqkwEAAGqKAQAAVQktODQuNTM3\nNDmFUnJcBgAAdWJoe2p5AQAAXWh8h1JyXQYAAH1yXgYAAChqiQEAAGqKAQAAVQgxMS4yNTM4NIVS\ncl8GAABqjAEAAGqKAQAAVQQwLjAwhVJyYAYAAGiBaIIpgXJhBgAAfXJiBgAAaIVohnNialYBAACK\nAVBocIoCbR9of1gQAAAAU2FuIEp1YW4gZGVsIFN1cnJjBgAAapEBAABYEAAAAFNhbi1qdWFuLWRl\nbC1zdXJyZAYAAGqTAQAAaooBAABVCS04NS44NzE3N4VScmUGAAB1Ymh7ankBAABdaHyHUnJmBgAA\nfXJnBgAAKGqJAQAAaooBAABVCDExLjUwMDgxhVJyaAYAAGqMAQAAaooBAABVBDAuMDCFUnJpBgAA\naIFogimBcmoGAAB9cmsGAABohWiGc2JqVgEAAIoBUGhwigJKH2h/WAYAAABCZWzDqW5ybAYAAGqR\nAQAAWAUAAABiZWxlbnJtBgAAapMBAABqigEAAFUJLTg1Ljg5MDE0hVJybgYAAHViaHtqeQEAAF1o\nfIdScm8GAAB9cnAGAAAoaokBAABqigEAAFUIMTEuNDY5MjOFUnJxBgAAaowBAABqigEAAFUEMC4w\nMIVScnIGAABogWiCKYFycwYAAH1ydAYAAGiFaIZzYmpWAQAAigFQaHCKAlQfaH9YDAAAAEJ1ZW5v\ncyBBaXJlc3J1BgAAapEBAABYDAAAAEJ1ZW5vcy1haXJlc3J2BgAAapMBAABqigEAAFUJLTg1Ljgx\nNzAxhVJydwYAAHViaHtqeQEAAF1ofIdScngGAAB9cnkGAAAoaokBAABqigEAAFUIMTEuNTY1NDeF\nUnJ6BgAAaowBAABqigEAAFUEMC4wMIVScnsGAABogWiCKYFyfAYAAH1yfQYAAGiFaIZzYmpWAQAA\nigFQaHCKAl4faH9YCgAAAEFsdGFncmFjaWFyfgYAAGqRAQAAWAoAAABhbHRhZ3JhY2lhcn8GAABq\nkwEAAGqKAQAAVQktODUuNTc3OTOFUnKABgAAdWJoe2p5AQAAXWh8h1JygQYAAH1yggYAAChqiQEA\nAGqKAQAAVQgxMS40Mzk3NYVScoMGAABqjAEAAGqKAQAAVQQwLjAwhVJyhAYAAGiBaIIpgXKFBgAA\nfXKGBgAAaIVohnNialYBAACKAVBocIoCaB9of1gFAAAAUml2YXNyhwYAAGqRAQAAWAUAAAByaXZh\nc3KIBgAAapMBAABqigEAAFUJLTg1LjgyODgwhVJyiQYAAHViaHtqeQEAAF1ofIdScooGAAB9cosG\nAAAoaokBAABqigEAAFUIMTEuMTk1MjGFUnKMBgAAaowBAABqigEAAFUEMC4wMIVSco0GAABogWiC\nKYFyjgYAAH1yjwYAAGiFaIZzYmpWAQAAigFQaHCKAnIfaH9YCQAAAEPDoXJkZW5hc3KQBgAAapEB\nAABYCAAAAGNhcmRlbmFzcpEGAABqkwEAAGqKAQAAVQktODUuNTA4ODaFUnKSBgAAdWJoe2p5AQAA\nXWh8h1JykwYAAH1ylAYAAChqiQEAAGqKAQAAVQgxMS40Mzg2OIVScpUGAABqjAEAAGqKAQAAVQQw\nLjAwhVJylgYAAGiBaIIpgXKXBgAAfXKYBgAAaIVohnNialYBAACKAVBocIoCRR9of1gEAAAAVG9s\nYXKZBgAAapEBAABYBAAAAHRvbGFymgYAAGqTAQAAaooBAABVCS04NS45MzkwN4VScpsGAAB1Ymh7\nankBAABdaHyHUnKcBgAAfXKdBgAAKGqJAQAAaooBAABVCDExLjQ5MzIwhVJyngYAAGqMAQAAaooB\nAABVBDAuMDCFUnKfBgAAaIFogimBcqAGAAB9cqEGAABohWiGc2JqVgEAAIoBUGhwigJPH2h/WAcA\nAABQb3Rvc8OtcqIGAABqkQEAAFgGAAAAcG90b3NpcqMGAABqkwEAAGqKAQAAVQktODUuODU3MDmF\nUnKkBgAAdWJoe2p5AQAAXWh8h1JypQYAAH1ypgYAAChqiQEAAGqKAQAAVQgxMS41Mzk0N4VScqcG\nAABqjAEAAGqKAQAAVQQwLjAwhVJyqAYAAGiBaIIpgXKpBgAAfXKqBgAAaIVohnNialYBAACKAVBo\ncIoCWR9of1gJAAAATW95b2dhbHBhcqsGAABqkQEAAFgJAAAAbW95b2dhbHBhcqwGAABqkwEAAGqK\nAQAAVQktODUuNjk3NDaFUnKtBgAAdWJoe2p5AQAAXWh8h1JyrgYAAH1yrwYAAChqiQEAAGqKAQAA\nVQgxMS40NTUzMoVScrAGAABqjAEAAGqKAQAAVQQwLjAwhVJysQYAAGiBaIIpgXKyBgAAfXKzBgAA\naIVohnNialYBAACKAVBocIoCYx9of1gJAAAAU2FuIEpvcmdlcrQGAABqkQEAAFgJAAAAU2FuLWpv\ncmdlcrUGAABqkwEAAGqKAQAAVQktODUuODAwNzSFUnK2BgAAdWJoe2p5AQAAXWh8h1JytwYAAH1y\nuAYAAChqiQEAAGqKAQAAVQgxMS42MjEzMIVScrkGAABqjAEAAGqKAQAAVQQwLjAwhVJyugYAAGiB\naIIpgXK7BgAAfXK8BgAAaIVohnNialYBAACKAVVocIoCOSFof1gHAAAATW9ycml0b3K9BgAAapEB\nAABYBwAAAG1vcnJpdG9yvgYAAGqTAQAAaooBAABVCS04NS4wODE2OYVScr8GAAB1Ymh7ankBAABd\naHyHUnLABgAAfXLBBgAAKGqJAQAAaooBAABVCDExLjQwMTU2hVJywgYAAGqMAQAAaooBAABVBDAu\nMDCFUnLDBgAAaIFogimBcsQGAAB9csUGAABohWiGc2JqVgEAAIoBVWhwigJDIWh/WA0AAABTYW4g\nTWlndWVsaXRvcsYGAABqkQEAAFgNAAAAU2FuLW1pZ3VlbGl0b3LHBgAAapMBAABqigEAAFUJLTg0\nLjkwMDA1hVJyyAYAAHViaHtqeQEAAF1ofIdScskGAAB9csoGAAAoaokBAABqigEAAFUIMTEuMDM5\nNjmFUnLLBgAAaowBAABqigEAAFUEMC4wMIVScswGAABogWiCKYFyzQYAAH1yzgYAAGiFaIZzYmpW\nAQAAigFVaHCKAk0haH9YCwAAAEVsIENhc3RpbGxvcs8GAABqkQEAAFgLAAAARWwtY2FzdGlsbG9y\n0AYAAGqTAQAAaooBAABVCS04NC40NzI5NYVSctEGAAB1Ymh7ankBAABdaHyHUnLSBgAAfXLTBgAA\nKGqJAQAAaooBAABVCDExLjY3Njg0hVJy1AYAAGqMAQAAaooBAABVBDAuMDCFUnLVBgAAaIFogimB\nctYGAAB9ctcGAABohWiGc2JqVgEAAIoBVWhwigI+IWh/WAsAAABFbCBBbG1lbmRyb3LYBgAAapEB\nAABYCwAAAEVsLWFsbWVuZHJvctkGAABqkwEAAGqKAQAAVQktODQuNzAzNjKFUnLaBgAAdWJoe2p5\nAQAAXWh8h1Jy2wYAAH1y3AYAAChqiQEAAGqKAQAAVQgxMS4xMjA4OIVSct0GAABqjAEAAGqKAQAA\nVQQwLjAwhVJy3gYAAGiBaIIpgXLfBgAAfXLgBgAAaIVohnNialYBAACKAVVocIoCSCFof1gKAAAA\nU2FuIENhcmxvc3LhBgAAapEBAABYCgAAAFNhbi1jYXJsb3Ny4gYAAGqTAQAAaooBAABVCS04NC43\nNzgzN4VScuMGAAB1Ymh7ankBAABdaHyHUnLkBgAAfXLlBgAAKGqJAQAAaooBAABVCDEwLjk0Njcx\nhVJy5gYAAGqMAQAAaooBAABVBDAuMDCFUnLnBgAAaIFogimBcugGAAB9cukGAABohWiGc2JqVgEA\nAIoBVWhwigJSIWh/WBIAAABTYW4gSnVhbiBkZWwgTm9ydGVy6gYAAGqRAQAAWBIAAABTYW4tanVh\nbi1kZWwtbm9ydGVy6wYAAGqTAQAAaooBAABVCS04My43MzQ3OYVScuwGAAB1YmV1YnUuOTQ1NjMw\nN2I3MTdiMGZkYmUwMTg5OWUxZDg2Yjk4NTg=\n','2010-10-29 09:43:04'),('ea6e9b78fbb97823b48880e3fee38e34','gAJ9cQEoVRJfYXV0aF91c2VyX2JhY2tlbmRxAlUpZGphbmdvLmNvbnRyaWIuYXV0aC5iYWNrZW5k\ncy5Nb2RlbEJhY2tlbmRxA1UNX2F1dGhfdXNlcl9pZHEEigECdS5jMjM1ZjU1YmFhNzhlNDI1NmJi\nZDVmYzQ1MDlhY2ZkYg==\n','2010-10-29 14:54:14');
/*!40000 ALTER TABLE `django_session` ENABLE KEYS */;
UNLOCK TABLES;

--
-- Table structure for table `django_site`
--

DROP TABLE IF EXISTS `django_site`;
/*!40101 SET @saved_cs_client     = @@character_set_client */;
/*!40101 SET character_set_client = utf8 */;
CREATE TABLE `django_site` (
  `id` int(11) NOT NULL AUTO_INCREMENT,
  `domain` varchar(100) NOT NULL,
  `name` varchar(50) NOT NULL,
  PRIMARY KEY (`id`)
) ENGINE=MyISAM AUTO_INCREMENT=2 DEFAULT CHARSET=latin1;
/*!40101 SET character_set_client = @saved_cs_client */;

--
-- Dumping data for table `django_site`
--

LOCK TABLES `django_site` WRITE;
/*!40000 ALTER TABLE `django_site` DISABLE KEYS */;
INSERT INTO `django_site` VALUES (1,'example.com','example.com');
/*!40000 ALTER TABLE `django_site` ENABLE KEYS */;
UNLOCK TABLES;

--
-- Table structure for table `encuesta_accionefectuadadocumento`
--

DROP TABLE IF EXISTS `encuesta_accionefectuadadocumento`;
/*!40101 SET @saved_cs_client     = @@character_set_client */;
/*!40101 SET character_set_client = utf8 */;
CREATE TABLE `encuesta_accionefectuadadocumento` (
  `id` int(11) NOT NULL AUTO_INCREMENT,
  `accion` varchar(100),
  `cantidad` int(11),
  `participantes` int(11),
  `encuesta_id` int(11) NOT NULL,
  PRIMARY KEY (`id`),
  KEY `encuesta_accionefectuadadocumento_1de70ac4` (`encuesta_id`)
) ENGINE=MyISAM AUTO_INCREMENT=19 DEFAULT CHARSET=latin1;
/*!40101 SET character_set_client = @saved_cs_client */;

--
-- Dumping data for table `encuesta_accionefectuadadocumento`
--

LOCK TABLES `encuesta_accionefectuadadocumento` WRITE;
/*!40000 ALTER TABLE `encuesta_accionefectuadadocumento` DISABLE KEYS */;
INSERT INTO `encuesta_accionefectuadadocumento` VALUES (1,'leyes',10,3,1),(2,'codigos',8,5,1),(3,'reglamentos',3,1,1),(4,'normativas',16,2,1),(5,'ordenanzas',1,1,1),(6,'acuerdos',7,5,1),(7,'codigos',1,1,2),(8,'leyes',10,30,3),(9,'codigos',25,60,3),(10,'reglamentos',60,200,4),(11,'normativas',200,90,4),(12,'acuerdos',30,120,4),(13,'leyes',260,90,5),(14,'normativas',200,50,5),(15,'codigos',300,90,5),(16,'reglamentos',120,90,6),(17,'normativas',50,80,6),(18,'codigos',110,20,6);
/*!40000 ALTER TABLE `encuesta_accionefectuadadocumento` ENABLE KEYS */;
UNLOCK TABLES;

--
-- Table structure for table `encuesta_accionefectuadamedio`
--

DROP TABLE IF EXISTS `encuesta_accionefectuadamedio`;
/*!40101 SET @saved_cs_client     = @@character_set_client */;
/*!40101 SET character_set_client = utf8 */;
CREATE TABLE `encuesta_accionefectuadamedio` (
  `id` int(11) NOT NULL AUTO_INCREMENT,
  `accion` varchar(100),
  `cantidad` int(11),
  `participantes` int(11),
  `encuesta_id` int(11) NOT NULL,
  PRIMARY KEY (`id`),
  KEY `encuesta_accionefectuadamedio_1de70ac4` (`encuesta_id`)
) ENGINE=MyISAM AUTO_INCREMENT=19 DEFAULT CHARSET=latin1;
/*!40101 SET character_set_client = @saved_cs_client */;

--
-- Dumping data for table `encuesta_accionefectuadamedio`
--

LOCK TABLES `encuesta_accionefectuadamedio` WRITE;
/*!40000 ALTER TABLE `encuesta_accionefectuadamedio` DISABLE KEYS */;
INSERT INTO `encuesta_accionefectuadamedio` VALUES (1,'estudios',1,1,1),(2,'foros',1,1,1),(3,'cabildos',2,2,1),(4,'campania_tv',3,2,1),(5,'campania_radio',5,5,1),(6,'talleres',1,1,1),(7,'manifestaciones',2,2,1),(8,'reuniones',1,1,1),(9,'estudios',1,1,2),(10,'cabildos',3,3,2),(11,'estudios',10,15,3),(12,'cabildos',21,25,3),(13,'foros',12,30,3),(14,'estudios',200,50,4),(15,'manifestaciones',105,300,4),(16,'cabildos',200,20,5),(17,'manifestaciones',150,90,5),(18,'estudios',50,90,6);
/*!40000 ALTER TABLE `encuesta_accionefectuadamedio` ENABLE KEYS */;
UNLOCK TABLES;

--
-- Table structure for table `encuesta_accionefectuadaregion`
--

DROP TABLE IF EXISTS `encuesta_accionefectuadaregion`;
/*!40101 SET @saved_cs_client     = @@character_set_client */;
/*!40101 SET character_set_client = utf8 */;
CREATE TABLE `encuesta_accionefectuadaregion` (
  `id` int(11) NOT NULL AUTO_INCREMENT,
  `accion` varchar(100),
  `cantidad` int(11),
  `participantes` int(11),
  `encuesta_id` int(11) NOT NULL,
  PRIMARY KEY (`id`),
  KEY `encuesta_accionefectuadaregion_1de70ac4` (`encuesta_id`)
) ENGINE=MyISAM AUTO_INCREMENT=14 DEFAULT CHARSET=latin1;
/*!40101 SET character_set_client = @saved_cs_client */;

--
-- Dumping data for table `encuesta_accionefectuadaregion`
--

LOCK TABLES `encuesta_accionefectuadaregion` WRITE;
/*!40000 ALTER TABLE `encuesta_accionefectuadaregion` DISABLE KEYS */;
INSERT INTO `encuesta_accionefectuadaregion` VALUES (1,'comunitario',1,1,1),(2,'municipal',1,1,1),(3,'departamental',2,2,1),(4,'regional',3,3,1),(5,'nacional',4,4,1),(6,'comunitario',1,1,2),(7,'comunitario',10,25,3),(8,'departamental',25,30,3),(9,'departamental',30,90,4),(10,'municipal',90,150,4),(11,'comunitario',90,60,5),(12,'comunitario',90,20,6),(13,'regional',130,90,6);
/*!40000 ALTER TABLE `encuesta_accionefectuadaregion` ENABLE KEYS */;
UNLOCK TABLES;

--
-- Table structure for table `encuesta_accionfortalececapacidad`
--

DROP TABLE IF EXISTS `encuesta_accionfortalececapacidad`;
/*!40101 SET @saved_cs_client     = @@character_set_client */;
/*!40101 SET character_set_client = utf8 */;
CREATE TABLE `encuesta_accionfortalececapacidad` (
  `id` int(11) NOT NULL AUTO_INCREMENT,
  `accion` varchar(100),
  `acciones` int(11),
  `participantes` int(11),
  `acciones_efectivas` int(11),
  `encuesta_id` int(11) NOT NULL,
  PRIMARY KEY (`id`),
  KEY `encuesta_accionfortalececapacidad_1de70ac4` (`encuesta_id`)
) ENGINE=MyISAM AUTO_INCREMENT=15 DEFAULT CHARSET=latin1;
/*!40101 SET character_set_client = @saved_cs_client */;

--
-- Dumping data for table `encuesta_accionfortalececapacidad`
--

LOCK TABLES `encuesta_accionfortalececapacidad` WRITE;
/*!40000 ALTER TABLE `encuesta_accionfortalececapacidad` DISABLE KEYS */;
INSERT INTO `encuesta_accionfortalececapacidad` VALUES (1,'talleres',2,2,2,1),(2,'foros',1,1,1,1),(3,'intercambio_xp',3,3,3,1),(4,'asesoria',1,1,1,1),(5,'estudios',2,2,2,1),(6,'visitas',1,1,1,1),(7,'talleres',1,1,1,2),(8,'asesoria',25,30,45,3),(9,'estudios',60,50,70,3),(10,'talleres',120,36,40,4),(11,'visitas',190,92,56,4),(12,'intercambio_xp',120,300,80,5),(13,'visitas',70,40,90,5),(14,'intercambio_xp',20,90,120,6);
/*!40000 ALTER TABLE `encuesta_accionfortalececapacidad` ENABLE KEYS */;
UNLOCK TABLES;

--
-- Table structure for table `encuesta_accionfortalececapadmitiva`
--

DROP TABLE IF EXISTS `encuesta_accionfortalececapadmitiva`;
/*!40101 SET @saved_cs_client     = @@character_set_client */;
/*!40101 SET character_set_client = utf8 */;
CREATE TABLE `encuesta_accionfortalececapadmitiva` (
  `id` int(11) NOT NULL AUTO_INCREMENT,
  `accion` varchar(100),
  `mejorar_sistema` int(11),
  `mejorar_plan` int(11),
  `mejorar_apoyo` int(11),
  `encuesta_id` int(11) NOT NULL,
  PRIMARY KEY (`id`),
  KEY `encuesta_accionfortalececapadmitiva_1de70ac4` (`encuesta_id`)
) ENGINE=MyISAM AUTO_INCREMENT=11 DEFAULT CHARSET=latin1;
/*!40101 SET character_set_client = @saved_cs_client */;

--
-- Dumping data for table `encuesta_accionfortalececapadmitiva`
--

LOCK TABLES `encuesta_accionfortalececapadmitiva` WRITE;
/*!40000 ALTER TABLE `encuesta_accionfortalececapadmitiva` DISABLE KEYS */;
INSERT INTO `encuesta_accionfortalececapadmitiva` VALUES (1,'talleres',2,2,2,1),(2,'intercambio_xp',1,1,1,1),(3,'asesoria',2,2,2,1),(4,'pasantia',3,3,3,1),(5,'visitas',1,1,1,1),(6,'talleres',1,1,1,2),(7,'intercambio_xp',30,100,50,3),(8,'asesoria',100,60,50,4),(9,'visitas',12,50,80,5),(10,'talleres',20,50,90,6);
/*!40000 ALTER TABLE `encuesta_accionfortalececapadmitiva` ENABLE KEYS */;
UNLOCK TABLES;

--
-- Table structure for table `encuesta_accionimpulsadagrupo`
--

DROP TABLE IF EXISTS `encuesta_accionimpulsadagrupo`;
/*!40101 SET @saved_cs_client     = @@character_set_client */;
/*!40101 SET character_set_client = utf8 */;
CREATE TABLE `encuesta_accionimpulsadagrupo` (
  `id` int(11) NOT NULL AUTO_INCREMENT,
  `accion` varchar(100),
  `acciones_emprendidas_sex` int(11),
  `acciones_cambio_sex` int(11),
  `acciones_emprendidas_discapa` int(11),
  `acciones_cambio_discapa` int(11),
  `acciones_emprendidas_etnia` int(11),
  `acciones_cambio_etnia` int(11),
  `acciones_emprendidas_jovenes` int(11),
  `acciones_cambio_jovenes` int(11),
  `encuesta_id` int(11) NOT NULL,
  PRIMARY KEY (`id`),
  KEY `encuesta_accionimpulsadagrupo_1de70ac4` (`encuesta_id`)
) ENGINE=MyISAM AUTO_INCREMENT=22 DEFAULT CHARSET=latin1;
/*!40101 SET character_set_client = @saved_cs_client */;

--
-- Dumping data for table `encuesta_accionimpulsadagrupo`
--

LOCK TABLES `encuesta_accionimpulsadagrupo` WRITE;
/*!40000 ALTER TABLE `encuesta_accionimpulsadagrupo` DISABLE KEYS */;
INSERT INTO `encuesta_accionimpulsadagrupo` VALUES (1,'tv',2,2,2,2,2,2,2,2,1),(2,'radio',2,2,2,2,2,2,2,2,1),(3,'periodico',3,3,3,3,3,3,3,3,1),(4,'talleres',4,4,4,4,4,4,4,4,1),(5,'foros',1,1,1,1,1,1,1,1,1),(6,'intercambio_xp',2,2,2,2,2,2,2,2,1),(7,'visitas',1,1,1,1,1,1,1,1,1),(8,'teatros_actos',3,3,3,3,3,3,3,3,1),(9,'circulo_estudio',2,2,2,2,2,2,2,2,1),(10,'reunion_comu',1,1,1,1,1,1,1,1,1),(11,'material_educativo',2,2,2,2,2,2,2,2,1),(12,'reunion_autorid',3,3,3,3,3,3,3,3,1),(13,'consejeria',4,4,4,4,4,4,4,4,1),(14,'radio',1,1,1,1,1,1,1,1,2),(15,'foros',20,60,40,90,10,100,105,200,3),(16,'circulo_estudio',25,30,210,100,50,35,25,30,3),(17,'foros',40,39,60,60,100,20,60,90,4),(18,'circulo_estudio',90,80,260,70,10,200,360,100,4),(19,'intercambio_xp',120,90,30,25,80,70,120,60,5),(20,'material_educativo',120,60,8,15,63,70,20,39,5),(21,'teatros_actos',20,36,78,90,60,30,50,60,6);
/*!40000 ALTER TABLE `encuesta_accionimpulsadagrupo` ENABLE KEYS */;
UNLOCK TABLES;

--
-- Table structure for table `encuesta_accionimpulsadaorg`
--

DROP TABLE IF EXISTS `encuesta_accionimpulsadaorg`;
/*!40101 SET @saved_cs_client     = @@character_set_client */;
/*!40101 SET character_set_client = utf8 */;
CREATE TABLE `encuesta_accionimpulsadaorg` (
  `id` int(11) NOT NULL AUTO_INCREMENT,
  `accion` varchar(100),
  `acciones_emprendidas` int(11),
  `acciones_cambios_actitud` int(11),
  `acciones_impulsadas_masculinidad` int(11),
  `acciones_cambios_masculinidad` int(11),
  `encuesta_id` int(11) NOT NULL,
  PRIMARY KEY (`id`),
  KEY `encuesta_accionimpulsadaorg_1de70ac4` (`encuesta_id`)
) ENGINE=MyISAM AUTO_INCREMENT=28 DEFAULT CHARSET=latin1;
/*!40101 SET character_set_client = @saved_cs_client */;

--
-- Dumping data for table `encuesta_accionimpulsadaorg`
--

LOCK TABLES `encuesta_accionimpulsadaorg` WRITE;
/*!40000 ALTER TABLE `encuesta_accionimpulsadaorg` DISABLE KEYS */;
INSERT INTO `encuesta_accionimpulsadaorg` VALUES (1,'tv',2,2,2,2,1),(2,'radio',1,1,1,1,1),(3,'periodico',3,3,3,3,1),(4,'talleres',4,4,4,4,1),(5,'foros',1,1,1,1,1),(6,'intercambio_xp',2,2,2,2,1),(7,'visitas',1,1,1,1,1),(8,'teatros_actos',2,1,1,1,1),(9,'circulo_estudio',1,1,1,1,1),(10,'reunion_comu',3,3,3,3,1),(11,'material_educativo',1,1,1,1,1),(12,'reunion_autorid',2,2,2,2,1),(13,'consejeria',1,1,1,1,1),(14,'radio',1,1,1,1,2),(15,'radio',12,4,23,12,2),(16,'periodico',22,11,44,12,2),(17,'talleres',111,12,222,22,2),(18,'foros',222,22,333,33,2),(19,'intercambio_xp',44,4,444,4,2),(20,'periodico',10,30,80,60,3),(21,'intercambio_xp',30,25,60,40,3),(22,'talleres',20,3,89,62,4),(23,'consejeria',30,90,52,22,4),(24,'material_educativo',30,80,92,30,4),(25,'foros',10,80,90,50,5),(26,'talleres',90,60,80,90,5),(27,'reunion_autorid',200,20,30,80,6);
/*!40000 ALTER TABLE `encuesta_accionimpulsadaorg` ENABLE KEYS */;
UNLOCK TABLES;

--
-- Table structure for table `encuesta_accionobservatorio`
--

DROP TABLE IF EXISTS `encuesta_accionobservatorio`;
/*!40101 SET @saved_cs_client     = @@character_set_client */;
/*!40101 SET character_set_client = utf8 */;
CREATE TABLE `encuesta_accionobservatorio` (
  `id` int(11) NOT NULL AUTO_INCREMENT,
  `accion` varchar(100),
  `cantidad_observatorios` int(11),
  `cantidad_acciones_realiz` int(11),
  `cantidad_acciones_web` int(11),
  `encuesta_id` int(11) NOT NULL,
  PRIMARY KEY (`id`),
  KEY `encuesta_accionobservatorio_1de70ac4` (`encuesta_id`)
) ENGINE=MyISAM AUTO_INCREMENT=15 DEFAULT CHARSET=latin1;
/*!40101 SET character_set_client = @saved_cs_client */;

--
-- Dumping data for table `encuesta_accionobservatorio`
--

LOCK TABLES `encuesta_accionobservatorio` WRITE;
/*!40000 ALTER TABLE `encuesta_accionobservatorio` DISABLE KEYS */;
INSERT INTO `encuesta_accionobservatorio` VALUES (1,'comunitario',1,1,1,1),(2,'municipal',1,1,1,1),(3,'departamental',1,1,1,1),(4,'regional',2,2,2,1),(5,'nacional',3,2,1,1),(6,'comunitario',1,1,1,2),(7,'comunitario',20,10,9,3),(8,'municipal',10,25,9,3),(9,'comunitario',120,60,90,4),(10,'departamental',90,60,50,4),(11,'comunitario',100,10,50,5),(12,'departamental',90,20,60,5),(13,'comunitario',20,90,50,6),(14,'municipal',80,70,89,6);
/*!40000 ALTER TABLE `encuesta_accionobservatorio` ENABLE KEYS */;
UNLOCK TABLES;

--
-- Table structure for table `encuesta_accionpromuevenintercambio`
--

DROP TABLE IF EXISTS `encuesta_accionpromuevenintercambio`;
/*!40101 SET @saved_cs_client     = @@character_set_client */;
/*!40101 SET character_set_client = utf8 */;
CREATE TABLE `encuesta_accionpromuevenintercambio` (
  `id` int(11) NOT NULL AUTO_INCREMENT,
  `accion` varchar(100),
  `acciones_org_part` int(11),
  `participantes` int(11),
  `acciones_efectivas` int(11),
  `encuesta_id` int(11) NOT NULL,
  PRIMARY KEY (`id`),
  KEY `encuesta_accionpromuevenintercambio_1de70ac4` (`encuesta_id`)
) ENGINE=MyISAM AUTO_INCREMENT=16 DEFAULT CHARSET=latin1;
/*!40101 SET character_set_client = @saved_cs_client */;

--
-- Dumping data for table `encuesta_accionpromuevenintercambio`
--

LOCK TABLES `encuesta_accionpromuevenintercambio` WRITE;
/*!40000 ALTER TABLE `encuesta_accionpromuevenintercambio` DISABLE KEYS */;
INSERT INTO `encuesta_accionpromuevenintercambio` VALUES (1,'talleres',1,1,1,1),(2,'foros',2,2,2,1),(3,'intercambio_xp',3,3,3,1),(4,'asesoria',1,1,1,1),(5,'estudios',3,3,3,1),(6,'visitas',1,1,1,1),(7,'talleres',1,1,1,2),(8,'talleres',10,90,50,3),(9,'foros',25,30,40,3),(10,'intercambio_xp',40,36,60,3),(11,'estudios',90,120,98,4),(12,'intercambio_xp',60,89,50,4),(13,'foros',90,60,39,5),(14,'visitas',80,90,70,5),(15,'visitas',50,80,90,6);
/*!40000 ALTER TABLE `encuesta_accionpromuevenintercambio` ENABLE KEYS */;
UNLOCK TABLES;

--
-- Table structure for table `encuesta_accionrealizadareflexion`
--

DROP TABLE IF EXISTS `encuesta_accionrealizadareflexion`;
/*!40101 SET @saved_cs_client     = @@character_set_client */;
/*!40101 SET character_set_client = utf8 */;
CREATE TABLE `encuesta_accionrealizadareflexion` (
  `id` int(11) NOT NULL AUTO_INCREMENT,
  `accion` varchar(100),
  `mujeres` int(11),
  `hombres` int(11),
  `jovenes` int(11),
  `div_sexual` int(11),
  `vih` int(11),
  `etnica` int(11),
  `discapacidad` int(11),
  `encuesta_id` int(11) NOT NULL,
  PRIMARY KEY (`id`),
  KEY `encuesta_accionrealizadareflexion_1de70ac4` (`encuesta_id`)
) ENGINE=MyISAM AUTO_INCREMENT=21 DEFAULT CHARSET=latin1;
/*!40101 SET character_set_client = @saved_cs_client */;

--
-- Dumping data for table `encuesta_accionrealizadareflexion`
--

LOCK TABLES `encuesta_accionrealizadareflexion` WRITE;
/*!40000 ALTER TABLE `encuesta_accionrealizadareflexion` DISABLE KEYS */;
INSERT INTO `encuesta_accionrealizadareflexion` VALUES (1,'taller_formacion',1,1,1,1,1,1,1,1),(2,'foros',1,1,1,1,1,1,1,1),(3,'intercambio_xp',1,1,1,1,1,1,1,1),(4,'visitas_grupales',2,2,2,2,2,2,2,1),(5,'visitas_indiv',3,3,3,3,3,3,3,1),(6,'teatros',1,1,1,1,1,1,1,1),(7,'circulo_estudio',3,3,3,3,3,3,3,1),(8,'actos_cultura',4,4,4,4,4,4,4,1),(9,'reunion_comunitaria',1,1,1,1,1,1,1,1),(10,'visitas_indiv',1,1,1,1,1,1,1,2),(11,'foros',40,30,80,10,50,40,90,3),(12,'intercambio_xp',50,90,70,65,45,30,60,3),(13,'circulo_estudio',60,30,80,20,10,25,90,3),(14,'visitas_indiv',60,30,90,80,50,40,100,4),(15,'visitas_indiv',90,60,80,202,56,23,89,4),(16,'taller_formacion',150,20,60,100,90,60,30,5),(17,'actos_cultura',120,60,12,30,60,80,120,5),(18,'circulo_estudio',100,90,60,120,60,80,70,5),(19,'teatros',10,5,23,110,200,80,30,6),(20,'visitas_indiv',20,50,8,220,90,10,30,6);
/*!40000 ALTER TABLE `encuesta_accionrealizadareflexion` ENABLE KEYS */;
UNLOCK TABLES;

--
-- Table structure for table `encuesta_accionrelizadareflexionpersona`
--

DROP TABLE IF EXISTS `encuesta_accionrelizadareflexionpersona`;
/*!40101 SET @saved_cs_client     = @@character_set_client */;
/*!40101 SET character_set_client = utf8 */;
CREATE TABLE `encuesta_accionrelizadareflexionpersona` (
  `id` int(11) NOT NULL AUTO_INCREMENT,
  `accion` varchar(100),
  `mujeres` int(11),
  `hombres` int(11),
  `jovenes` int(11),
  `div_sexual` int(11),
  `vih` int(11),
  `etnica` int(11),
  `discapacidad` int(11),
  `encuesta_id` int(11) NOT NULL,
  PRIMARY KEY (`id`),
  KEY `encuesta_accionrelizadareflexionpersona_1de70ac4` (`encuesta_id`)
) ENGINE=MyISAM AUTO_INCREMENT=11 DEFAULT CHARSET=latin1;
/*!40101 SET character_set_client = @saved_cs_client */;

--
-- Dumping data for table `encuesta_accionrelizadareflexionpersona`
--

LOCK TABLES `encuesta_accionrelizadareflexionpersona` WRITE;
/*!40000 ALTER TABLE `encuesta_accionrelizadareflexionpersona` DISABLE KEYS */;
INSERT INTO `encuesta_accionrelizadareflexionpersona` VALUES (1,'personas_participaron',1,1,1,1,1,1,1,1),(2,'personas_participaron_toman_decision',1,1,1,1,1,1,1,1),(3,'personas_participaron',1,1,1,1,1,1,1,2),(4,'personas_participaron',10,30,60,60,36,25,10,3),(5,'personas_participaron_toman_decision',40,20,30,80,60,10,30,3),(6,'personas_participaron',30,90,40,26,90,60,80,4),(7,'personas_participaron_toman_decision',90,60,23,80,56,70,40,4),(8,'personas_participaron',120,40,60,80,120,9,10,5),(9,'personas_participaron_toman_decision',20,5,60,30,58,96,30,5),(10,'personas_participaron',10,30,9,60,80,50,52,6);
/*!40000 ALTER TABLE `encuesta_accionrelizadareflexionpersona` ENABLE KEYS */;
UNLOCK TABLES;

--
-- Table structure for table `encuesta_atencionvictima`
--

DROP TABLE IF EXISTS `encuesta_atencionvictima`;
/*!40101 SET @saved_cs_client     = @@character_set_client */;
/*!40101 SET character_set_client = utf8 */;
CREATE TABLE `encuesta_atencionvictima` (
  `id` int(11) NOT NULL AUTO_INCREMENT,
  `accion` varchar(100),
  `servicio_salud` int(11),
  `servicio_psicologia` int(11),
  `servicio_legal` int(11),
  `encuesta_id` int(11) NOT NULL,
  PRIMARY KEY (`id`),
  KEY `encuesta_atencionvictima_1de70ac4` (`encuesta_id`)
) ENGINE=MyISAM AUTO_INCREMENT=9 DEFAULT CHARSET=latin1;
/*!40101 SET character_set_client = @saved_cs_client */;

--
-- Dumping data for table `encuesta_atencionvictima`
--

LOCK TABLES `encuesta_atencionvictima` WRITE;
/*!40000 ALTER TABLE `encuesta_atencionvictima` DISABLE KEYS */;
INSERT INTO `encuesta_atencionvictima` VALUES (1,'casos_atendidos',1,1,1,1),(2,'casos_resueltos',1,1,1,1),(3,'casos_atendidos',1,1,1,2),(4,'casos_resueltos',10,25,200,3),(5,'casos_resueltos',30,120,39,4),(6,'casos_atendidos',20,36,80,4),(7,'casos_resueltos',202,30,50,5),(8,'casos_atendidos',120,50,30,6);
/*!40000 ALTER TABLE `encuesta_atencionvictima` ENABLE KEYS */;
UNLOCK TABLES;

--
-- Table structure for table `encuesta_atencionvictimaalbergue`
--

DROP TABLE IF EXISTS `encuesta_atencionvictimaalbergue`;
/*!40101 SET @saved_cs_client     = @@character_set_client */;
/*!40101 SET character_set_client = utf8 */;
CREATE TABLE `encuesta_atencionvictimaalbergue` (
  `id` int(11) NOT NULL AUTO_INCREMENT,
  `accion` varchar(100),
  `mujeres` int(11),
  `jovenes` int(11),
  `ninos_ninas` int(11),
  `encuesta_id` int(11) NOT NULL,
  PRIMARY KEY (`id`),
  KEY `encuesta_atencionvictimaalbergue_1de70ac4` (`encuesta_id`)
) ENGINE=MyISAM AUTO_INCREMENT=10 DEFAULT CHARSET=latin1;
/*!40101 SET character_set_client = @saved_cs_client */;

--
-- Dumping data for table `encuesta_atencionvictimaalbergue`
--

LOCK TABLES `encuesta_atencionvictimaalbergue` WRITE;
/*!40000 ALTER TABLE `encuesta_atencionvictimaalbergue` DISABLE KEYS */;
INSERT INTO `encuesta_atencionvictimaalbergue` VALUES (1,'vitimas_atendidas',2,2,2,1),(2,'casos_logrados',1,1,1,1),(3,'vitimas_atendidas',1,1,1,2),(4,'vitimas_atendidas',200,400,50,3),(5,'casos_logrados',100,50,20,3),(6,'vitimas_atendidas',100,60,80,4),(7,'casos_logrados',20,50,20,4),(8,'casos_logrados',160,80,90,5),(9,'vitimas_atendidas',220,200,150,6);
/*!40000 ALTER TABLE `encuesta_atencionvictimaalbergue` ENABLE KEYS */;
UNLOCK TABLES;

--
-- Table structure for table `encuesta_denunciajuridica`
--

DROP TABLE IF EXISTS `encuesta_denunciajuridica`;
/*!40101 SET @saved_cs_client     = @@character_set_client */;
/*!40101 SET character_set_client = utf8 */;
CREATE TABLE `encuesta_denunciajuridica` (
  `id` int(11) NOT NULL AUTO_INCREMENT,
  `accion` varchar(100),
  `persona_div_sexual` int(11),
  `persona_discapacidad` int(11),
  `persona_vih` int(11),
  `persona_racial` int(11),
  `persona_joven` int(11),
  `encuesta_id` int(11) NOT NULL,
  PRIMARY KEY (`id`),
  KEY `encuesta_denunciajuridica_1de70ac4` (`encuesta_id`)
) ENGINE=MyISAM AUTO_INCREMENT=11 DEFAULT CHARSET=latin1;
/*!40101 SET character_set_client = @saved_cs_client */;

--
-- Dumping data for table `encuesta_denunciajuridica`
--

LOCK TABLES `encuesta_denunciajuridica` WRITE;
/*!40000 ALTER TABLE `encuesta_denunciajuridica` DISABLE KEYS */;
INSERT INTO `encuesta_denunciajuridica` VALUES (1,'denuncia_juridica_realizada',5,5,5,5,5,1),(2,'denuncia_juridica_atendida',4,4,4,4,4,1),(3,'denuncia_juridica_realizada',1,1,1,1,1,2),(4,'denuncia_juridica_realizada',25,14,30,10,60,3),(5,'denuncia_juridica_atendida',60,20,35,40,35,3),(6,'denuncia_juridica_atendida',30,20,9,60,3,4),(7,'denuncia_juridica_realizada',60,30,90,80,60,4),(8,'denuncia_juridica_realizada',100,30,40,5,10,5),(9,'denuncia_juridica_atendida',1,12,20,100,60,5),(10,'denuncia_juridica_realizada',400,200,100,80,60,6);
/*!40000 ALTER TABLE `encuesta_denunciajuridica` ENABLE KEYS */;
UNLOCK TABLES;

--
-- Table structure for table `encuesta_denunciasocialefectiva`
--

DROP TABLE IF EXISTS `encuesta_denunciasocialefectiva`;
/*!40101 SET @saved_cs_client     = @@character_set_client */;
/*!40101 SET character_set_client = utf8 */;
CREATE TABLE `encuesta_denunciasocialefectiva` (
  `id` int(11) NOT NULL AUTO_INCREMENT,
  `accion` varchar(100),
  `persona_div_sexual` int(11),
  `persona_discapacidad` int(11),
  `persona_vih` int(11),
  `persona_racial` int(11),
  `persona_joven` int(11),
  `encuesta_id` int(11) NOT NULL,
  PRIMARY KEY (`id`),
  KEY `encuesta_denunciasocialefectiva_1de70ac4` (`encuesta_id`)
) ENGINE=MyISAM AUTO_INCREMENT=19 DEFAULT CHARSET=latin1;
/*!40101 SET character_set_client = @saved_cs_client */;

--
-- Dumping data for table `encuesta_denunciasocialefectiva`
--

LOCK TABLES `encuesta_denunciasocialefectiva` WRITE;
/*!40000 ALTER TABLE `encuesta_denunciasocialefectiva` DISABLE KEYS */;
INSERT INTO `encuesta_denunciasocialefectiva` VALUES (1,'estudios',1,1,1,1,1,1),(2,'foros',2,2,2,2,2,1),(3,'cabildos',2,2,2,2,2,1),(4,'campania_tv',3,3,3,3,3,1),(5,'campania_radio',4,4,4,4,4,1),(6,'talleres',1,1,1,1,1,1),(7,'manifestaciones',1,1,1,1,1,1),(8,'reuniones',2,2,2,2,2,1),(9,'estudios',8,6,3,5,5,2),(10,'talleres',40,25,36,40,45,3),(11,'campania_radio',35,60,30,36,80,3),(12,'talleres',30,25,45,10,26,3),(13,'cabildos',200,20,60,90,80,4),(14,'manifestaciones',200,90,1,5,3,4),(15,'foros',120,89,46,38,120,5),(16,'campania_radio',120,60,90,89,100,5),(17,'foros',900,200,20,30,70,6),(18,'manifestaciones',90,60,70,100,20,6);
/*!40000 ALTER TABLE `encuesta_denunciasocialefectiva` ENABLE KEYS */;
UNLOCK TABLES;

--
-- Table structure for table `encuesta_denunciasocialrealizada`
--

DROP TABLE IF EXISTS `encuesta_denunciasocialrealizada`;
/*!40101 SET @saved_cs_client     = @@character_set_client */;
/*!40101 SET character_set_client = utf8 */;
CREATE TABLE `encuesta_denunciasocialrealizada` (
  `id` int(11) NOT NULL AUTO_INCREMENT,
  `accion` varchar(100),
  `persona_div_sexual` int(11),
  `persona_discapacidad` int(11),
  `persona_vih` int(11),
  `persona_racial` int(11),
  `persona_joven` int(11),
  `encuesta_id` int(11) NOT NULL,
  PRIMARY KEY (`id`),
  KEY `encuesta_denunciasocialrealizada_1de70ac4` (`encuesta_id`)
) ENGINE=MyISAM AUTO_INCREMENT=19 DEFAULT CHARSET=latin1;
/*!40101 SET character_set_client = @saved_cs_client */;

--
-- Dumping data for table `encuesta_denunciasocialrealizada`
--

LOCK TABLES `encuesta_denunciasocialrealizada` WRITE;
/*!40000 ALTER TABLE `encuesta_denunciasocialrealizada` DISABLE KEYS */;
INSERT INTO `encuesta_denunciasocialrealizada` VALUES (1,'estudios',2,2,2,2,2,1),(2,'foros',2,2,2,2,2,1),(3,'cabildos',3,3,3,3,3,1),(4,'campania_tv',4,4,4,4,4,1),(5,'campania_radio',5,5,5,5,5,1),(6,'talleres',2,2,2,2,2,1),(7,'manifestaciones',3,3,3,3,3,1),(8,'reuniones',3,3,3,3,3,1),(9,'estudios',10,7,5,9,10,2),(10,'foros',17,20,8,2,4,3),(11,'cabildos',20,3,6,14,36,3),(12,'campania_tv',10,8,10,9,40,3),(13,'estudios',300,50,120,20,60,4),(14,'manifestaciones',60,80,90,110,160,4),(15,'campania_tv',20,60,150,80,60,5),(16,'manifestaciones',50,80,40,33,28,5),(17,'campania_tv',100,20,80,130,70,6),(18,'reuniones',250,200,500,90,80,6);
/*!40000 ALTER TABLE `encuesta_denunciasocialrealizada` ENABLE KEYS */;
UNLOCK TABLES;

--
-- Table structure for table `encuesta_denunciaviolencia`
--

DROP TABLE IF EXISTS `encuesta_denunciaviolencia`;
/*!40101 SET @saved_cs_client     = @@character_set_client */;
/*!40101 SET character_set_client = utf8 */;
CREATE TABLE `encuesta_denunciaviolencia` (
  `id` int(11) NOT NULL AUTO_INCREMENT,
  `accion` varchar(100),
  `comisariato` int(11),
  `fiscalia` int(11),
  `encuesta_id` int(11) NOT NULL,
  PRIMARY KEY (`id`),
  KEY `encuesta_denunciaviolencia_1de70ac4` (`encuesta_id`)
) ENGINE=MyISAM AUTO_INCREMENT=13 DEFAULT CHARSET=latin1;
/*!40101 SET character_set_client = @saved_cs_client */;

--
-- Dumping data for table `encuesta_denunciaviolencia`
--

LOCK TABLES `encuesta_denunciaviolencia` WRITE;
/*!40000 ALTER TABLE `encuesta_denunciaviolencia` DISABLE KEYS */;
INSERT INTO `encuesta_denunciaviolencia` VALUES (1,'denuncias_interpuestas',5,5,1),(2,'denuncias_recibidas',2,2,1),(3,'denuncias_sancion',1,1,1),(4,'denuncias_recibidas',1,1,2),(5,'denuncias_recibidas',500,200,3),(6,'denuncias_interpuestas',300,100,3),(7,'denuncias_sancion',120,102,3),(8,'denuncias_interpuestas',150,233,4),(9,'denuncias_recibidas',90,20,4),(10,'denuncias_sancion',120,660,4),(11,'denuncias_recibidas',120,30,5),(12,'denuncias_recibidas',200,100,6);
/*!40000 ALTER TABLE `encuesta_denunciaviolencia` ENABLE KEYS */;
UNLOCK TABLES;

--
-- Table structure for table `encuesta_encuesta`
--

DROP TABLE IF EXISTS `encuesta_encuesta`;
/*!40101 SET @saved_cs_client     = @@character_set_client */;
/*!40101 SET character_set_client = utf8 */;
CREATE TABLE `encuesta_encuesta` (
  `id` int(11) NOT NULL AUTO_INCREMENT,
  `organizacion_id` int(11) NOT NULL,
  `proyecto_id` int(11) NOT NULL,
  `periodo` int(11) NOT NULL,
  `anio` varchar(100) NOT NULL,
  `user_id` int(11) NOT NULL,
  PRIMARY KEY (`id`),
  KEY `encuesta_encuesta_48753264` (`organizacion_id`),
  KEY `encuesta_encuesta_30b52635` (`proyecto_id`),
  KEY `encuesta_encuesta_403f60f` (`user_id`)
) ENGINE=MyISAM AUTO_INCREMENT=7 DEFAULT CHARSET=latin1;
/*!40101 SET character_set_client = @saved_cs_client */;

--
-- Dumping data for table `encuesta_encuesta`
--

LOCK TABLES `encuesta_encuesta` WRITE;
/*!40000 ALTER TABLE `encuesta_encuesta` DISABLE KEYS */;
INSERT INTO `encuesta_encuesta` VALUES (1,1,1,0,'2010',1),(2,1,2,1,'2010',3),(3,2,3,1,'2010',3),(4,3,3,2,'2010',3),(5,4,1,1,'2010',3),(6,5,1,3,'2010',3);
/*!40000 ALTER TABLE `encuesta_encuesta` ENABLE KEYS */;
UNLOCK TABLES;

--
-- Table structure for table `encuesta_estadocapacidadadmitiva`
--

DROP TABLE IF EXISTS `encuesta_estadocapacidadadmitiva`;
/*!40101 SET @saved_cs_client     = @@character_set_client */;
/*!40101 SET character_set_client = utf8 */;
CREATE TABLE `encuesta_estadocapacidadadmitiva` (
  `id` int(11) NOT NULL AUTO_INCREMENT,
  `sistema` varchar(100),
  `plan` varchar(100),
  `organizaciones` varchar(100),
  `encuesta_id` int(11) NOT NULL,
  PRIMARY KEY (`id`),
  KEY `encuesta_estadocapacidadadmitiva_1de70ac4` (`encuesta_id`)
) ENGINE=MyISAM AUTO_INCREMENT=7 DEFAULT CHARSET=latin1;
/*!40101 SET character_set_client = @saved_cs_client */;

--
-- Dumping data for table `encuesta_estadocapacidadadmitiva`
--

LOCK TABLES `encuesta_estadocapacidadadmitiva` WRITE;
/*!40000 ALTER TABLE `encuesta_estadocapacidadadmitiva` DISABLE KEYS */;
INSERT INTO `encuesta_estadocapacidadadmitiva` VALUES (1,'si_hay','hay_pero','logrado',1),(2,'si_hay','si_hay','ninguna',2),(3,'si_hay','si_hay','ninguna',3),(4,'hay_pero','hay_pero','proceso',4),(5,'no_hay','si_hay','logrado',5),(6,'no_hay','si_hay','ninguna',6);
/*!40000 ALTER TABLE `encuesta_estadocapacidadadmitiva` ENABLE KEYS */;
UNLOCK TABLES;

--
-- Table structure for table `encuesta_indicador`
--

DROP TABLE IF EXISTS `encuesta_indicador`;
/*!40101 SET @saved_cs_client     = @@character_set_client */;
/*!40101 SET character_set_client = utf8 */;
CREATE TABLE `encuesta_indicador` (
  `id` int(11) NOT NULL AUTO_INCREMENT,
  `resultado_id` int(11) NOT NULL,
  `nombre` varchar(100) NOT NULL,
  `descripcion` longtext NOT NULL,
  `slug` varchar(50) DEFAULT NULL,
  PRIMARY KEY (`id`),
  UNIQUE KEY `slug` (`slug`),
  KEY `encuesta_indicador_e633356` (`resultado_id`)
) ENGINE=MyISAM AUTO_INCREMENT=22 DEFAULT CHARSET=latin1;
/*!40101 SET character_set_client = @saved_cs_client */;

--
-- Dumping data for table `encuesta_indicador`
--

LOCK TABLES `encuesta_indicador` WRITE;
/*!40000 ALTER TABLE `encuesta_indicador` DISABLE KEYS */;
INSERT INTO `encuesta_indicador` VALUES (1,1,'Acciones impulsadas','Número, % y tipo de acciones impulsadas, leyes aprobadas y aplicadas efectivamente que posicionan el tema de la equidad e igualdad en el nivel local, regional y nacional.','acciones-impulsadas'),(2,1,'Participación en instancias','% de organizaciones contrapartes del FED que participan en comisiones o instancias de toma de decisiones','participacion-en-instancias'),(3,1,'Defensa de los derechos','% organizaciones que mantienen en la agenda pública la defensa de los DDSSRR, incluyendo el aborto terapéutico','defensa-de-los-derechos'),(4,1,'Observatorios para vigilancia','Número de observatorios para la vigilancia de la restitución, creación y aplicación de leyes, políticas, acciones y servicios en torno a las DDSSRR','observatorios-para-vigilancia'),(5,2,'Acciones Públicas','Número de organizaciones de la sociedad civil que impulsan acciones públicas y ante instancias del Estado de denuncia en contra de la discriminación a persona de la diversidad sexual','acciones-publicas'),(6,2,'Acciones de denuncias jurídicas ','Número y porcentaje de organizaciones que impulsan denuncias efectivas en contra de la discriminación por género dirigida a personas con discapacidad y a población étnica e indígena.','acciones-de-denuncias-juridicas'),(8,3,'Acciones Efectuadas','Porcentaje de mujeres, poseen información que les permite tomar decisiones sexuales y reproductivas de manera autónoma y bien informada.','acciones-efectuadas'),(9,3,'Cambios en las poblaciones','Porcentaje de personas de la diversidad sexual, poseen información que les permite tomar decisiones sexuales y reproductivas de manera autónoma y bien informada','cambios-en-las-poblaciones'),(12,4,'Acciones por Organizaciones','Número y tipo de acciones emprendidas por las organizaciones contrapartes del FED que actúan individual o articuladas en la prevención de la violencia basada en género.','acciones-por-organizaciones'),(13,4,'Grupos div. sexual y discapacidad','Número de grupos de la diversidad sexual, personas con discapacidad, grupos étnicos y pueblos indígenas que realizan acciones de prevención de la violencia basada en género','grupos-div-sexual-y-discapacidad'),(14,4,'Grupos etnico, indigenas y jovenes','Número y tipo de acciones específicas que promueven una masculinidad libre de prejuicios y violencia','grupos-etnico-indigenas-y-jovenes'),(15,5,'Servicios de atención','Número de casos atendidos por las organizaciones contrapartes del FED a través de los servicios de atención en salud, psicológica y legal para víctimas de violencia.','servicios-de-atencion'),(16,5,'Denuncias interpuestas','Número de denuncias interpuestas por las victimas de violencia en las instancias que administran justicia como producto de las acciones de las organizaciones de la sociedad civil apoyadas por el FED.','denuncias-interpuestas'),(17,5,'Victimas atendidas','Número de mujeres atendidas en los albergues apoyados por el FED como instrumento para la construcción de nuevos proyectos de vida','victimas-atendidas'),(18,5,'Referencias y contrareferencias','Número de referencia y contrareferencia que realizan las CP del FED con instituciones públicas.','referencias-y-contrareferencias'),(19,6,'Intercambio teórico y metod.','Número de acciones que promueven el intercambio teórico y metodológico para la gestión de conocimientos entre las OSC.','intercambio-teorico-y-metod'),(20,6,'Medir y reportar indicadores','Número de acciones que fortalecen las capacidades de las organizaciones para medir y reportar los indicadores propuestos.','medir-y-reportar-indicadores'),(21,6,'Mejorar la gestion','Porcentaje y número de organizaciones que mejoran sus capacidades administrativas y de gestión.','mejorar-la-gestion');
/*!40000 ALTER TABLE `encuesta_indicador` ENABLE KEYS */;
UNLOCK TABLES;

--
-- Table structure for table `encuesta_organizacion`
--

DROP TABLE IF EXISTS `encuesta_organizacion`;
/*!40101 SET @saved_cs_client     = @@character_set_client */;
/*!40101 SET character_set_client = utf8 */;
CREATE TABLE `encuesta_organizacion` (
  `id` int(11) NOT NULL AUTO_INCREMENT,
  `nombre_corto` varchar(100) NOT NULL,
  `direccion` varchar(150) NOT NULL,
  `correo` varchar(75),
  `contacto` varchar(200),
  `telefono` varchar(200),
  `antecedentes` longtext NOT NULL,
  `nombre` longtext NOT NULL,
  PRIMARY KEY (`id`)
) ENGINE=MyISAM AUTO_INCREMENT=6 DEFAULT CHARSET=latin1;
/*!40101 SET character_set_client = @saved_cs_client */;

--
-- Dumping data for table `encuesta_organizacion`
--

LOCK TABLES `encuesta_organizacion` WRITE;
/*!40000 ALTER TABLE `encuesta_organizacion` DISABLE KEYS */;
INSERT INTO `encuesta_organizacion` VALUES (1,'Org 1','Cualquier direccion','correo@gmail.com','Ninguno','Ninguno','La UCA se define como una cooperativa empresarial, participativa que trabaja en el desarrollo sostenible de sus asociados. Fue creada en 1992 con el interés de defensa de la propiedad de la tierra.  Luego de legalizada la propiedad,  han impulsado acciones para la inversión productiva. En 1996 la UCA elaboró su primer plan estratégico de género y en 2009 evaluó sus estrategias de género y empresarial.   \r\n\r\n','Organizacion 1'),(2,'Org 2','Cualquier direccion','example@example.com','Ninguno','Ninguno','Cualquier antecedente','Organizacion 2'),(3,'Org 3','Cualquier direccion','example@example.com','Ninguno','Ninguno','Cualquier antecedente','Organizacion 3'),(4,'Org 4','Cualquier direccion','example@example.com','Ninguno','Ninguno','Cualquier antecedente','Organizacion 4'),(5,'Org 5','Cualquier direccion','example@example.com','Ninguno','Ninguno','Cualquier antecedente','Organizacion 5');
/*!40000 ALTER TABLE `encuesta_organizacion` ENABLE KEYS */;
UNLOCK TABLES;

--
-- Table structure for table `encuesta_participacioncomisionagenda`
--

DROP TABLE IF EXISTS `encuesta_participacioncomisionagenda`;
/*!40101 SET @saved_cs_client     = @@character_set_client */;
/*!40101 SET character_set_client = utf8 */;
CREATE TABLE `encuesta_participacioncomisionagenda` (
  `id` int(11) NOT NULL AUTO_INCREMENT,
  `accion` varchar(100),
  `cat_instancias` int(11),
  `cant_acc_prom` int(11),
  `cant_acc_efec` int(11),
  `encuesta_id` int(11) NOT NULL,
  PRIMARY KEY (`id`),
  KEY `encuesta_participacioncomisionagenda_1de70ac4` (`encuesta_id`)
) ENGINE=MyISAM AUTO_INCREMENT=16 DEFAULT CHARSET=latin1;
/*!40101 SET character_set_client = @saved_cs_client */;

--
-- Dumping data for table `encuesta_participacioncomisionagenda`
--

LOCK TABLES `encuesta_participacioncomisionagenda` WRITE;
/*!40000 ALTER TABLE `encuesta_participacioncomisionagenda` DISABLE KEYS */;
INSERT INTO `encuesta_participacioncomisionagenda` VALUES (1,'comunitario',2,2,2,1),(2,'municipal',1,1,1,1),(3,'departamental',2,2,2,1),(4,'regional',3,2,2,1),(5,'nacional',1,1,1,1),(6,'comunitario',1,1,1,2),(7,'regional',10,10,13,3),(8,'nacional',80,40,60,3),(9,'nacional',60,100,90,4),(10,'departamental',90,100,90,4),(11,'regional',120,30,90,5),(12,'departamental',220,150,70,5),(13,'nacional',130,60,80,5),(14,'comunitario',20,90,30,6),(15,'departamental',1,60,80,6);
/*!40000 ALTER TABLE `encuesta_participacioncomisionagenda` ENABLE KEYS */;
UNLOCK TABLES;

--
-- Table structure for table `encuesta_participacioncomisiondecision`
--

DROP TABLE IF EXISTS `encuesta_participacioncomisiondecision`;
/*!40101 SET @saved_cs_client     = @@character_set_client */;
/*!40101 SET character_set_client = utf8 */;
CREATE TABLE `encuesta_participacioncomisiondecision` (
  `id` int(11) NOT NULL AUTO_INCREMENT,
  `accion` varchar(100),
  `cantidad_instancias` int(11),
  `cantidad_acciones_promovidas` int(11),
  `cantidad_acciones_efectivas` int(11),
  `encuesta_id` int(11) NOT NULL,
  PRIMARY KEY (`id`),
  KEY `encuesta_participacioncomisiondecision_1de70ac4` (`encuesta_id`)
) ENGINE=MyISAM AUTO_INCREMENT=17 DEFAULT CHARSET=latin1;
/*!40101 SET character_set_client = @saved_cs_client */;

--
-- Dumping data for table `encuesta_participacioncomisiondecision`
--

LOCK TABLES `encuesta_participacioncomisiondecision` WRITE;
/*!40000 ALTER TABLE `encuesta_participacioncomisiondecision` DISABLE KEYS */;
INSERT INTO `encuesta_participacioncomisiondecision` VALUES (1,'comunitario',10,7,5,1),(2,'municipal',8,7,3,1),(3,'departamental',10,6,3,1),(4,'regional',1,1,1,1),(5,'nacional',2,2,2,1),(6,'municipal',1,1,1,2),(7,'departamental',9,15,10,3),(8,'regional',19,30,40,3),(9,'comunitario',30,50,90,4),(10,'municipal',90,50,40,4),(11,'comunitario',20,60,90,5),(12,'departamental',60,70,70,5),(13,'regional',120,80,70,5),(14,'comunitario',50,200,90,6),(15,'regional',90,30,100,6),(16,'municipal',200,60,90,6);
/*!40000 ALTER TABLE `encuesta_participacioncomisiondecision` ENABLE KEYS */;
UNLOCK TABLES;

--
-- Table structure for table `encuesta_proyecto`
--

DROP TABLE IF EXISTS `encuesta_proyecto`;
/*!40101 SET @saved_cs_client     = @@character_set_client */;
/*!40101 SET character_set_client = utf8 */;
CREATE TABLE `encuesta_proyecto` (
  `id` int(11) NOT NULL AUTO_INCREMENT,
  `organizacion_id` int(11) NOT NULL,
  `codigo` varchar(150),
  `cobertura` longtext NOT NULL,
  `duracion` varchar(30) NOT NULL,
  `monto` varchar(100),
  `monto2` varchar(100),
  `nombre` longtext NOT NULL,
  PRIMARY KEY (`id`),
  KEY `encuesta_proyecto_48753264` (`organizacion_id`)
) ENGINE=MyISAM AUTO_INCREMENT=4 DEFAULT CHARSET=latin1;
/*!40101 SET character_set_client = @saved_cs_client */;

--
-- Dumping data for table `encuesta_proyecto`
--

LOCK TABLES `encuesta_proyecto` WRITE;
/*!40000 ALTER TABLE `encuesta_proyecto` DISABLE KEYS */;
INSERT INTO `encuesta_proyecto` VALUES (1,1,'001','Municipio de San Ramón en Matagalpa, donde se localizan 16 \r\ncooperativas de la UCA','2 años','US$ 34,000','US$ 12,000','Empoderándonos de nuestros derechos e incidiendo \r\nen nuestras cooperativas y en el ámbito públic'),(2,2,'002','Cobertura proyecto 2','1 años','','','Proyecto 2'),(3,1,'003','Proyecto3','2 años','','','Proyecto 3');
/*!40000 ALTER TABLE `encuesta_proyecto` ENABLE KEYS */;
UNLOCK TABLES;

--
-- Table structure for table `encuesta_referenciacontraref`
--

DROP TABLE IF EXISTS `encuesta_referenciacontraref`;
/*!40101 SET @saved_cs_client     = @@character_set_client */;
/*!40101 SET character_set_client = utf8 */;
CREATE TABLE `encuesta_referenciacontraref` (
  `id` int(11) NOT NULL AUTO_INCREMENT,
  `accion` varchar(100),
  `mujeres` int(11),
  `jovenes` int(11),
  `ninos_ninas` int(11),
  `encuesta_id` int(11) NOT NULL,
  PRIMARY KEY (`id`),
  KEY `encuesta_referenciacontraref_1de70ac4` (`encuesta_id`)
) ENGINE=MyISAM AUTO_INCREMENT=10 DEFAULT CHARSET=latin1;
/*!40101 SET character_set_client = @saved_cs_client */;

--
-- Dumping data for table `encuesta_referenciacontraref`
--

LOCK TABLES `encuesta_referenciacontraref` WRITE;
/*!40000 ALTER TABLE `encuesta_referenciacontraref` DISABLE KEYS */;
INSERT INTO `encuesta_referenciacontraref` VALUES (1,'referencia_realiza',2,2,2,1),(2,'contra_ref_atendidas',1,1,1,1),(3,'referencia_realiza',1,1,1,2),(4,'referencia_realiza',60,10,100,3),(5,'referencia_realiza',200,40,80,3),(6,'referencia_realiza',20,50,96,4),(7,'contra_ref_atendidas',50,60,20,4),(8,'contra_ref_atendidas',100,80,45,5),(9,'referencia_realiza',20,20,10,6);
/*!40000 ALTER TABLE `encuesta_referenciacontraref` ENABLE KEYS */;
UNLOCK TABLES;

--
-- Table structure for table `encuesta_resultado`
--

DROP TABLE IF EXISTS `encuesta_resultado`;
/*!40101 SET @saved_cs_client     = @@character_set_client */;
/*!40101 SET character_set_client = utf8 */;
CREATE TABLE `encuesta_resultado` (
  `id` int(11) NOT NULL AUTO_INCREMENT,
  `nombre` varchar(100) NOT NULL,
  `descripcion` longtext NOT NULL,
  PRIMARY KEY (`id`)
) ENGINE=MyISAM AUTO_INCREMENT=7 DEFAULT CHARSET=latin1;
/*!40101 SET character_set_client = @saved_cs_client */;

--
-- Dumping data for table `encuesta_resultado`
--

LOCK TABLES `encuesta_resultado` WRITE;
/*!40000 ALTER TABLE `encuesta_resultado` DISABLE KEYS */;
INSERT INTO `encuesta_resultado` VALUES (1,'Impulsando Politicas Públicas','Organizaciones de la sociedad civil impulsando acciones relacionadas a la existencia y/o aplicación efectiva de políticas públicas para la igualdad y equidad de género'),(2,'Demandando justicia para igualdad','Organizaciones de la SC demandando justicia y mantenimiento en la agenda pública la igualdad y no discriminación de las personas, independientemente de su sexo, orientación sexual, raza, etnia, condición física, o de las personas que viven con VIH y Sida'),(3,'Involucramiento de poblaciones metas','Organizaciones de la sociedad civil logrando el involucramiento de las poblaciones metas en procesos de reflexión sobre los derechos sexuales y reproductivos dirigidos a una sexualidad integral, placentera, responsable, segura y libre de prejuicios.'),(4,'Prevención de la violencia','Organizaciones de la sociedad civil y las poblaciones metas fortaleciendo la prevención de la violencia basada en género'),(5,'Acceso a servicios para victimas','Organizaciones de sociedad civil facilitando el acceso a servicios de atención integral y demanda de salud y justicia para las victimas de violencia de género.'),(6,'Capacidad técnica de las OSC','Las organizaciones de la sociedad civil contrapartes de FED fortaleciendo su capacidad técnica e institucional, con especial énfasis en las organizaciones de la diversidad sexual.');
/*!40000 ALTER TABLE `encuesta_resultado` ENABLE KEYS */;
UNLOCK TABLES;

--
-- Table structure for table `encuesta_resultadotrabajado`
--

DROP TABLE IF EXISTS `encuesta_resultadotrabajado`;
/*!40101 SET @saved_cs_client     = @@character_set_client */;
/*!40101 SET character_set_client = utf8 */;
CREATE TABLE `encuesta_resultadotrabajado` (
  `id` int(11) NOT NULL AUTO_INCREMENT,
  `resultado_id` int(11) NOT NULL,
  `encuesta_id` int(11) NOT NULL,
  PRIMARY KEY (`id`),
  KEY `encuesta_resultadotrabajado_e633356` (`resultado_id`),
  KEY `encuesta_resultadotrabajado_1de70ac4` (`encuesta_id`)
) ENGINE=MyISAM AUTO_INCREMENT=23 DEFAULT CHARSET=latin1;
/*!40101 SET character_set_client = @saved_cs_client */;

--
-- Dumping data for table `encuesta_resultadotrabajado`
--

LOCK TABLES `encuesta_resultadotrabajado` WRITE;
/*!40000 ALTER TABLE `encuesta_resultadotrabajado` DISABLE KEYS */;
INSERT INTO `encuesta_resultadotrabajado` VALUES (1,1,1),(2,2,1),(3,3,1),(4,5,1),(5,6,1),(6,1,2),(7,2,2),(8,4,2),(9,3,2),(10,5,2),(11,1,3),(12,2,3),(13,3,3),(14,4,4),(15,5,4),(16,3,4),(17,2,5),(18,3,5),(19,6,5),(20,3,6),(21,5,6),(22,6,6);
/*!40000 ALTER TABLE `encuesta_resultadotrabajado` ENABLE KEYS */;
UNLOCK TABLES;

--
-- Table structure for table `encuesta_resultadotrabajado_municipio`
--

DROP TABLE IF EXISTS `encuesta_resultadotrabajado_municipio`;
/*!40101 SET @saved_cs_client     = @@character_set_client */;
/*!40101 SET character_set_client = utf8 */;
CREATE TABLE `encuesta_resultadotrabajado_municipio` (
  `id` int(11) NOT NULL AUTO_INCREMENT,
  `resultadotrabajado_id` int(11) NOT NULL,
  `municipio_id` int(11) NOT NULL,
  PRIMARY KEY (`id`),
  UNIQUE KEY `resultadotrabajado_id` (`resultadotrabajado_id`,`municipio_id`),
  KEY `encuesta_resultadotrabajado_municipio_56d0d6eb` (`resultadotrabajado_id`),
  KEY `encuesta_resultadotrabajado_municipio_cebc556` (`municipio_id`)
) ENGINE=MyISAM AUTO_INCREMENT=321 DEFAULT CHARSET=latin1;
/*!40101 SET character_set_client = @saved_cs_client */;

--
-- Dumping data for table `encuesta_resultadotrabajado_municipio`
--

LOCK TABLES `encuesta_resultadotrabajado_municipio` WRITE;
/*!40000 ALTER TABLE `encuesta_resultadotrabajado_municipio` DISABLE KEYS */;
INSERT INTO `encuesta_resultadotrabajado_municipio` VALUES (166,1,5030),(165,1,5025),(164,1,5020),(163,1,5005),(162,1,5015),(161,1,5010),(174,2,7530),(173,2,7535),(172,2,7540),(171,2,7525),(170,2,7520),(169,2,7505),(168,2,7515),(167,2,7510),(187,3,3015),(186,3,3050),(185,3,3025),(184,3,3045),(183,3,3055),(182,3,3040),(181,3,3065),(180,3,3060),(179,3,3005),(178,3,3020),(177,3,3030),(176,3,3010),(175,3,3035),(197,4,6530),(196,4,6525),(195,4,6535),(194,4,6520),(193,4,6505),(192,4,6515),(191,4,6507),(190,4,6510),(189,4,6540),(188,4,6545),(203,5,2530),(202,5,2510),(201,5,2505),(200,5,2515),(199,5,2520),(198,5,2525),(209,6,5030),(208,6,5025),(207,6,5020),(206,6,5005),(205,6,5015),(204,6,5010),(217,7,7530),(216,7,7535),(215,7,7540),(214,7,7525),(213,7,7520),(212,7,7505),(211,7,7515),(210,7,7510),(225,8,1035),(224,8,1012),(223,8,1030),(222,8,1010),(221,8,1005),(220,8,1015),(219,8,1020),(218,8,1025),(238,9,3015),(237,9,3050),(236,9,3025),(235,9,3045),(234,9,3055),(233,9,3040),(232,9,3065),(231,9,3060),(230,9,3005),(229,9,3020),(228,9,3030),(227,9,3010),(226,9,3035),(244,10,5030),(243,10,5025),(242,10,5020),(241,10,5005),(240,10,5015),(239,10,5010),(249,11,5030),(248,11,5015),(247,11,5025),(246,11,5020),(245,11,5010),(254,12,7525),(253,12,3005),(252,12,7515),(251,12,7505),(250,12,7535),(261,13,7530),(260,13,3055),(259,13,3040),(258,13,7520),(257,13,3020),(256,13,3010),(255,13,5015),(268,14,7005),(267,14,5505),(266,14,7535),(265,14,3005),(264,14,6507),(263,14,3025),(262,14,9135),(275,15,7540),(274,15,3035),(273,15,7535),(272,15,3020),(271,15,6507),(270,15,5020),(269,15,5005),(280,16,3515),(279,16,6515),(278,16,7015),(277,16,6545),(276,16,6535),(286,17,8525),(285,17,6030),(284,17,7525),(283,17,5535),(282,17,1020),(281,17,8515),(293,18,8525),(292,18,7530),(291,18,8520),(290,18,8530),(289,18,7525),(288,18,7515),(287,18,8035),(300,19,7535),(299,19,7525),(298,19,7515),(297,19,7505),(296,19,3005),(295,19,3015),(294,19,5030),(306,20,7540),(305,20,7515),(304,20,7505),(303,20,5025),(302,20,5020),(301,20,5015),(313,21,3025),(312,21,3040),(311,21,7540),(310,21,7535),(309,21,3015),(308,21,3010),(307,21,5020),(320,22,8030),(319,22,1010),(318,22,7540),(317,22,3060),(316,22,7535),(315,22,9345),(314,22,2520);
/*!40000 ALTER TABLE `encuesta_resultadotrabajado_municipio` ENABLE KEYS */;
UNLOCK TABLES;

--
-- Table structure for table `lugar_departamento`
--

DROP TABLE IF EXISTS `lugar_departamento`;
/*!40101 SET @saved_cs_client     = @@character_set_client */;
/*!40101 SET character_set_client = utf8 */;
CREATE TABLE `lugar_departamento` (
  `id` int(11) NOT NULL,
  `nombre` varchar(30) NOT NULL,
  `slug` varchar(50) DEFAULT NULL,
  `extension` decimal(10,2),
  PRIMARY KEY (`id`),
  UNIQUE KEY `nombre` (`nombre`),
  UNIQUE KEY `slug` (`slug`)
) ENGINE=MyISAM DEFAULT CHARSET=latin1;
/*!40101 SET character_set_client = @saved_cs_client */;

--
-- Dumping data for table `lugar_departamento`
--

LOCK TABLES `lugar_departamento` WRITE;
/*!40000 ALTER TABLE `lugar_departamento` DISABLE KEYS */;
INSERT INTO `lugar_departamento` VALUES (5,'Nueva Segovia','Nueva-segovia','3491.28'),(10,'Jinotega','jinotega','9222.40'),(20,'Madriz','madriz','1708.23'),(25,'Estelí','esteli','2229.69'),(30,'Chinandega','chinandega','4822.46'),(35,'León','leon','5138.03'),(40,'Matagalpa','matagalpa','6803.86'),(50,'Boaco','boaco','4176.68'),(55,'Managua','managua','3465.10'),(60,'Masaya','masaya','610.78'),(65,'Chontales','chontales','6481.27'),(70,'Granada','granada','1039.68'),(75,'Carazo','carazo','1081.40'),(80,'Rivas','rivas','2161.82'),(85,'Rí­o San Juan','Rio-san-juan','7540.90'),(91,'RAAN','RAAN','32819.68'),(93,'RAAS','RAAS','27546.32'),(99,'Cobertura Nacional','cobertura-nacional','333333.00');
/*!40000 ALTER TABLE `lugar_departamento` ENABLE KEYS */;
UNLOCK TABLES;

--
-- Table structure for table `lugar_municipio`
--

DROP TABLE IF EXISTS `lugar_municipio`;
/*!40101 SET @saved_cs_client     = @@character_set_client */;
/*!40101 SET character_set_client = utf8 */;
CREATE TABLE `lugar_municipio` (
  `id` int(11) NOT NULL,
  `departamento_id` int(11) NOT NULL,
  `nombre` varchar(30) NOT NULL,
  `slug` varchar(50) DEFAULT NULL,
  `latitud` decimal(8,5),
  `longitud` decimal(8,5),
  `extension` decimal(10,2),
  PRIMARY KEY (`id`),
  UNIQUE KEY `nombre` (`nombre`),
  UNIQUE KEY `slug` (`slug`),
  KEY `lugar_municipio_779a4ea6` (`departamento_id`)
) ENGINE=MyISAM DEFAULT CHARSET=latin1;
/*!40101 SET character_set_client = @saved_cs_client */;

--
-- Dumping data for table `lugar_municipio`
--

LOCK TABLES `lugar_municipio` WRITE;
/*!40000 ALTER TABLE `lugar_municipio` DISABLE KEYS */;
INSERT INTO `lugar_municipio` VALUES (5005,50,'San José de los Remates','San-jose-de-los-remates','12.59748','-85.76253','0.00'),(5010,50,'Boaco','boaco','12.47160','-85.65952','0.00'),(5015,50,'Camoapa','camoapa','12.38377','-85.51465','0.00'),(5020,50,'Santa Lucía','Santa-lucia','12.53226','-85.71156','0.00'),(5025,50,'Teustepe','teustepe','12.41979','-85.79922','0.00'),(5030,50,'San  Lorenzo','San-lorenzo','12.37789','-85.66718','0.00'),(7505,75,'San Marcos','San-marcos','11.90651','-86.20314','0.00'),(7510,75,'Jinotepe','jinotepe','11.84831','-86.19846','0.00'),(7515,75,'Dolores','dolores','11.85565','-86.21535','0.00'),(7520,75,'Diriamba','diriamba','11.85572','-86.24074','0.00'),(7525,75,'El Rosario','El-rosario','11.83224','-86.16484','0.00'),(7530,75,'La Paz de Carazo','La-paz-de-carazo','11.82206','-86.12750','0.00'),(7535,75,'Santa Teresa','Santa-tereza','11.80272','-86.16281','0.00'),(7540,75,'La Conquista','La-conquista','11.73336','-86.19297','0.00'),(3005,30,'San Pedro del Norte','San-pedro-del-norte','13.27596','-86.87777','0.00'),(3010,30,'San Francisco del Norte','San-francisco-del-norte','13.20016','-86.77192','0.00'),(3015,30,'Cinco Pinos','Cinco-pinos','13.23036','-86.86719','0.00'),(3020,30,'Santo Tomás del Norte','Santo-tomas-del-norte','13.18701','-86.92352','0.00'),(3025,30,'El Viejo','El-viejo','12.66228','-87.16541','0.00'),(3030,30,'Pto. Morazán','Puerto-morazan','12.76721','-87.13388','0.00'),(3035,30,'Somotillo','somotillo','13.04495','-86.90499','0.00'),(3040,30,'Villanueva','villanueva','12.96391','-86.81468','0.00'),(3045,30,'Chinandega','chinandega','12.62872','-87.13149','0.00'),(3050,30,'El Realejo','El-realejo','12.54551','-87.16736','0.00'),(3055,30,'Corinto','corinto','12.48461','-87.17122','0.00'),(3060,30,'Chichigalpa','chichigalpa','12.57224','-87.02849','0.00'),(3065,30,'Posoltega','posotelga','12.54410','-86.98010','0.00'),(6505,65,'Comalapa','comalapa','12.28340','-85.51142','0.00'),(6507,65,'San Francisco Cuapa','San-francisco-cuapa','12.26671','-85.38308','0.00'),(6510,65,'Juigalpa','juigalpa','12.10580','-85.36842','0.00'),(6515,65,'La Libertad','La-libertad','12.21539','-85.16549','0.00'),(6520,65,'Santo Domingo','Santo-domingo','12.26301','-85.08232','0.00'),(6525,65,'Santo Tomás','Santo-tomas','12.06902','-85.09340','0.00'),(6530,65,'San Pedro de Lóvago','San-pedro-de-lovago','12.12852','-85.11572','0.00'),(6535,65,'Acoyapa','acoyapa','11.96764','-85.17044','0.00'),(6540,65,'Villa Sandino','Villa-sandino','12.04779','-84.99334','0.00'),(6545,65,'El Coral','El-coral','11.91576','-84.65041','0.00'),(2505,25,'Pueblo Nuevo','Pueblo-nuevo','13.37937','-86.48077','0.00'),(2510,25,'Condega','condega','13.36213','-86.39789','0.00'),(2515,25,'Estelí','esteli','13.08948','-86.35551','0.00'),(2520,25,'San Juan de Limay','Sanjuan-limay','13.17489','-86.61234','0.00'),(2525,25,'La Trinidad','trinidad','12.96823','-86.23604','0.00'),(2530,25,'San Nicolás','San-nicolas','12.93312','-86.34700','0.00'),(7005,70,'Diriá','diria','11.88416','-86.05565','0.00'),(7010,70,'Diriomo','diriomo','11.87494','-86.05110','0.00'),(7015,70,'Granada','granada','11.93095','-85.95696','0.00'),(7020,70,'Nandaime','nandaime','11.75630','-86.05345','0.00'),(1005,10,'Wiwilí','Wiwili','13.62130','-85.81864','0.00'),(1010,10,'El Cúa','El-cua','13.36764','-85.67330','0.00'),(1012,10,'San José Bocay','San-jose-bocay','13.61976','-85.50080','0.00'),(1015,10,'Sta. María de Pantasma','Santa-maria-pantasma','13.36667','-85.95000','0.00'),(1020,10,'San Rafael del Norte','San-rafael-del-norte','13.21391','-86.11043','0.00'),(1025,10,'San Sebastian de Yalí','yali','13.30500','-86.18636','0.00'),(1030,10,'La Concordia','La-concordia','13.19535','-86.16693','0.00'),(1035,10,'Jinotega','jinotega','13.09165','-86.00121','0.00'),(3505,35,'Achuapa','achuapa','13.05433','-86.59070','0.00'),(3510,35,'El Sauce','El-sauce','12.88694','-86.53952','0.00'),(3515,35,'Santa Rosa del Peñon','Santa-rosa-del-penon','12.80142','-86.37144','0.00'),(3520,35,'El Jicaral','El-jicaral','12.72672','-86.38134','0.00'),(3525,35,'Larreynaga','larreynaga','12.59311','-86.68015','0.00'),(3530,35,'Telica','telica','12.52152','-86.86030','0.00'),(3535,35,'Quezalguaque','quezalguaque','12.50614','-86.90366','0.00'),(3540,35,'León','leon','12.43481','-86.88174','0.00'),(3545,35,'La Paz Centro','La-paz-centro','12.34011','-86.67625','0.00'),(3550,35,'Nagarote','nagarote','12.26531','-86.56812','0.00'),(2005,20,'Somoto','somoto','13.48129','-86.58337','0.00'),(2010,20,'Totogalpa','totogalpa','13.56336','-86.49281','0.00'),(2015,20,'Telpaneca','telpaneca','13.53131','-86.28693','0.00'),(2020,20,'San Juan de Río Coco','San-juan-rio-coco','13.54458','-86.16537','0.00'),(2025,20,'Palacaguina','palacaguina','13.45597','-86.40710','0.00'),(2030,20,'Yalaguina','yalaguina','13.48351','-86.49344','0.00'),(2035,20,'San Lucas','San-lucas','13.41358','-86.61176','0.00'),(2040,20,'Las Sabanas','Las-sabanas','13.34324','-86.62194','0.00'),(2045,20,'San José de Cusmapa','San-jose-cusmapa','13.28847','-86.65489','0.00'),(5505,55,'San Francisco Libre','San-francisco-libre','12.50458','-86.30105','0.00'),(5510,55,'Tipitapa','tipitapa','12.19662','-86.09682','0.00'),(5515,55,'Mateare','mateare','12.23536','-86.43013','0.00'),(5520,55,'Villa Carlos Fonseca','Villa-carlos-fonseca','11.97924','-86.50809','0.00'),(5522,55,'Ciudad Sandino','Ciudad-sandino','12.16082','-86.35004','0.00'),(5525,55,'Managua','managua','12.14746','-86.27339','0.00'),(5530,55,'Ticuantepe','ticuantepe','12.02125','-86.20288','0.00'),(5532,55,'El Crucero','El-crucero','11.97865','-86.31076','0.00'),(5535,55,'San Rafael del Sur','San-rafael-del-sur','11.84681','-86.43977','0.00'),(6005,60,'Nindirí','nindiri','12.00243','-86.12067','0.00'),(6010,60,'Masaya','masaya','11.97735','-86.09606','0.00'),(6015,60,'Tisma','tisma','12.08133','-86.01921','0.00'),(6020,60,'La Concepción','La-concepcion','11.93615','-86.19220','0.00'),(6025,60,'Masatepe','masatepe','11.91344','-86.14475','0.00'),(6030,60,'Nandasmo','nandasmo','11.90933','-86.13055','0.00'),(6035,60,'Catarina','catarina','11.91078','-86.07407','0.00'),(6040,60,'San Juan de Oriente','San-juan-de-oriente','11.90479','-86.07311','0.00'),(6045,60,'Niquinohomo','niquinomo','11.90408','-86.09472','0.00'),(4005,40,'Rancho Grande','Rancho-grande','13.25352','-85.55268','0.00'),(4010,40,'Rí­o Blanco','Rio-blanco','12.93044','-85.22610','0.00'),(4015,40,'El Tuma - La Dalia','El-tuma','13.13735','-85.73788','0.00'),(4020,40,'San Isidro','San-isidro','12.92937','-86.19550','0.00'),(4025,40,'Sébaco','sebaco','12.85190','-86.09696','0.00'),(4030,40,'Matagalpa','matagalpa','12.92709','-85.91747','0.00'),(4035,40,'San Ramón','San-ramon','12.92254','-85.83968','0.00'),(4040,40,'Matiguás','matiguas','12.83710','-85.46079','0.00'),(4045,40,'Muy Muy','muymuy','12.76125','-85.63123','0.00'),(4050,40,'Esquipulas','esquipulas','12.66446','-85.78909','0.00'),(4055,40,'San Dionisio','San-dionisio','12.76190','-85.85091','0.00'),(4060,40,'Terrabona','terrabona','12.73009','-85.96487','0.00'),(4065,40,'Ciudad Darí­o','Ciudad-dario','12.73000','-86.12457','0.00'),(505,5,'Jalapa','jalapa','13.92286','-86.12520','0.00'),(510,5,'Murra','murra','13.75900','-86.01799','0.00'),(515,5,'El Jí­caro','El-jicaro','13.72326','-86.13705','0.00'),(520,5,'San Fernando','San-fernando','13.67729','-86.31484','0.00'),(525,5,'Mozonte','mozonte','13.66168','-86.43706','0.00'),(530,5,'Dipilto','dipilto','13.72243','-86.50720','0.00'),(535,5,'Macuelizo','macuelizo','13.65239','-86.61380','0.00'),(540,5,'Santa Marí­a','santamaria','13.74753','-86.71077','0.00'),(545,5,'Ocotal','ocotal','13.63432','-86.47745','0.00'),(550,5,'Ciudad Antigua','Ciudad-antigua','13.64217','-86.30893','0.00'),(555,5,'Quilalí','quilali','13.56675','-86.02952','0.00'),(560,5,'Wiwili de Nueva Segovia','Wiwili-nuevasegovia','13.62667','-85.82369','0.00'),(9105,91,'Waspán','waspan','14.74386','-83.96885','0.00'),(9110,91,'Puerto Cabezas','Puerto-cabezas','14.03313','-83.38223','0.00'),(9115,91,'Rosita','rosita','13.91060','-84.39153','0.00'),(9120,91,'Bonanza','bonanza','14.02584','-84.62088','0.00'),(9125,91,'Waslala','waslala','13.33465','-85.37099','0.00'),(9127,91,'Mulukuku','mulukuku','13.15000','-84.96667','0.00'),(9130,91,'Siuna','siuna','13.73857','-84.78491','0.00'),(9135,91,'Prinzapolka','prinzapolka','13.40611','-83.56229','0.00'),(9305,93,'Paiwas','paiwas','12.78548','-85.12402','0.00'),(9310,93,'La Cruz de Río Grande','La-cruz-rio-grande','13.11145','-84.18835','0.00'),(9312,93,'Desembocadura de Río Grande','Desembocadura-rio-grande','12.93208','-83.57697','0.00'),(9315,93,'Laguna de Perlas','Laguna-de-perlas','12.34096','-83.67052','0.00'),(9316,93,'El Tortuguero','El-tortuguero','12.82085','-84.19906','0.00'),(9320,93,'Rama','rama','12.16004','-84.21913','0.00'),(9323,93,'El Ayote','El-ayote','12.49486','-84.81943','0.00'),(9325,93,'Muelle de los Bueyes','Muelle-de-los-bueyes','12.06764','-84.53749','0.00'),(9330,93,'Kukra - Hill','Kukra-hill','12.24163','-83.74532','0.00'),(9335,93,'Corn Island','Corn-island','12.18017','-83.05975','0.00'),(9340,93,'Bluefields','bluefields','12.01144','-83.76388','0.00'),(9345,93,'Nueva Guinea','Nueva-guinea','11.68827','-84.45794','0.00'),(8005,80,'Tola','tola','11.43868','-85.93907','0.00'),(8010,80,'Belén','belen','11.50081','-85.89014','0.00'),(8015,80,'Potosí','potosi','11.49320','-85.85709','0.00'),(8020,80,'Buenos Aires','Buenos-aires','11.46923','-85.81701','0.00'),(8025,80,'Moyogalpa','moyogalpa','11.53947','-85.69746','0.00'),(8030,80,'Altagracia','altagracia','11.56547','-85.57793','0.00'),(8035,80,'San Jorge','San-jorge','11.45532','-85.80074','0.00'),(8040,80,'Rivas','rivas','11.43975','-85.82880','0.00'),(8045,80,'San Juan del Sur','San-juan-del-sur','11.25384','-85.87177','0.00'),(8050,80,'Cárdenas','cardenas','11.19521','-85.50886','0.00'),(8505,85,'Morrito','morrito','11.62130','-85.08169','0.00'),(8510,85,'El Almendro','El-almendro','11.67684','-84.70362','0.00'),(8515,85,'San Miguelito','San-miguelito','11.40156','-84.90005','0.00'),(8520,85,'San Carlos','San-carlos','11.12088','-84.77837','0.00'),(8525,85,'El Castillo','El-castillo','11.03969','-84.47295','0.00'),(8530,85,'San Juan del Norte','San-juan-del-norte','10.94671','-83.73479','0.00');
/*!40000 ALTER TABLE `lugar_municipio` ENABLE KEYS */;
UNLOCK TABLES;

--
-- Table structure for table `south_migrationhistory`
--

DROP TABLE IF EXISTS `south_migrationhistory`;
/*!40101 SET @saved_cs_client     = @@character_set_client */;
/*!40101 SET character_set_client = utf8 */;
CREATE TABLE `south_migrationhistory` (
  `id` int(11) NOT NULL AUTO_INCREMENT,
  `app_name` varchar(255) NOT NULL,
  `migration` varchar(255) NOT NULL,
  `applied` datetime NOT NULL,
  PRIMARY KEY (`id`)
) ENGINE=MyISAM AUTO_INCREMENT=3 DEFAULT CHARSET=latin1;
/*!40101 SET character_set_client = @saved_cs_client */;

--
-- Dumping data for table `south_migrationhistory`
--

LOCK TABLES `south_migrationhistory` WRITE;
/*!40000 ALTER TABLE `south_migrationhistory` DISABLE KEYS */;
INSERT INTO `south_migrationhistory` VALUES (1,'encuesta','0001_initial','2010-10-15 18:10:56'),(2,'encuesta','0002_auto__add_field_organizacion_nombre','2010-10-15 18:12:10');
/*!40000 ALTER TABLE `south_migrationhistory` ENABLE KEYS */;
UNLOCK TABLES;
/*!40103 SET TIME_ZONE=@OLD_TIME_ZONE */;

/*!40101 SET SQL_MODE=@OLD_SQL_MODE */;
/*!40014 SET FOREIGN_KEY_CHECKS=@OLD_FOREIGN_KEY_CHECKS */;
/*!40014 SET UNIQUE_CHECKS=@OLD_UNIQUE_CHECKS */;
/*!40101 SET CHARACTER_SET_CLIENT=@OLD_CHARACTER_SET_CLIENT */;
/*!40101 SET CHARACTER_SET_RESULTS=@OLD_CHARACTER_SET_RESULTS */;
/*!40101 SET COLLATION_CONNECTION=@OLD_COLLATION_CONNECTION */;
/*!40111 SET SQL_NOTES=@OLD_SQL_NOTES */;

-- Dump completed on 2010-10-15 14:29:58
